{"type":"FeatureCollection","features":[{"type":"Feature","properties":{"name":null,"adm0_name":"Brazil","adm0_a3":"BRA","min_zoom":3},"geometry":{"type":"LineString","coordinates":[[-53.9354,-27.1611],[-53.8517,-27.1562],[-53.8004,-27.1648],[-53.7185,-27.1575],[-53.6715,-27.1695],[-53.6596,-27.2005],[-53.6157,-27.21],[-53.5401,-27.1978],[-53.498,-27.1722],[-53.4897,-27.1332],[-53.4566,-27.1033],[-53.3981,-27.0824],[-53.3475,-27.0806],[-53.3047,-27.0977],[-53.2633,-27.1634],[-53.2271,-27.1737],[-53.1844,-27.1495],[-53.1342,-27.1404],[-53.1036,-27.1544],[-53.0707,-27.1418],[-53.0305,-27.1375],[-52.9942,-27.1634],[-52.9528,-27.1789],[-52.9002,-27.1767],[-52.8264,-27.1895],[-52.7416,-27.2457],[-52.6365,-27.2595],[-52.5107,-27.2304],[-52.4146,-27.2363],[-52.348,-27.2763],[-52.3044,-27.2831],[-52.2648,-27.2773],[-52.2286,-27.2925],[-52.1923,-27.2809],[-52.1392,-27.2833],[-52.0596,-27.3135],[-51.9842,-27.3767],[-51.9129,-27.4725],[-51.8733,-27.5095],[-51.7536,-27.5119],[-51.7016,-27.4881],[-51.6447,-27.4998],[-51.5824,-27.5475],[-51.5302,-27.5688],[-51.4876,-27.5641],[-51.4064,-27.6132],[-51.2867,-27.7162],[-51.1904,-27.7812],[-51.1173,-27.8078],[-50.9659,-27.9595],[-50.7361,-28.236],[-50.5775,-28.3863],[-50.4466,-28.422],[-50.233,-28.4686],[-50.155,-28.4738],[-50.141,-28.4529],[-50.0688,-28.4443],[-49.9385,-28.4482],[-49.8391,-28.4652],[-49.7367,-28.5114],[-49.7081,-28.5303],[-49.6991,-28.5971],[-49.7974,-28.6239],[-49.8465,-28.6954],[-49.9536,-28.7935],[-49.9448,-28.9499],[-50.0071,-29.1016],[-50.0697,-29.0928],[-50.1635,-29.1954],[-50.168,-29.2847],[-50.0519,-29.356],[-50.0339,-29.3205],[-50.0787,-29.2444],[-49.9536,-29.1954],[-49.8688,-29.2177],[-49.8152,-29.2712],[-49.7128,-29.3245]]}},{"type":"Feature","properties":{"name":null,"adm0_name":"Brazil","adm0_a3":"BRA","min_zoom":3},"geometry":{"type":"LineString","coordinates":[[-38.2211,-9.3477],[-38.1545,-9.2668],[-38.092,-9.1864],[-37.967,-9.1418],[-37.8152,-8.9766],[-37.8063,-8.8962],[-37.7483,-8.8605],[-37.6813,-8.9766],[-37.6277,-8.9811],[-37.5206,-8.9453],[-37.4715,-9.0034],[-37.3911,-9.0435],[-37.1813,-9.24],[-36.9983,-9.3069],[-36.9402,-9.3561],[-36.9045,-9.2891],[-36.8331,-9.2623],[-36.5786,-9.2936],[-36.4402,-9.2087],[-36.3465,-9.1998],[-36.2661,-9.1418],[-36.2394,-9.0882],[-36.1233,-9.0168],[-36.1188,-8.9677],[-36.0161,-8.8962],[-35.9715,-8.9052],[-35.8822,-8.8739],[-35.8018,-8.8695],[-35.7215,-8.9185],[-35.6099,-8.865],[-35.4715,-8.8337],[-35.3911,-8.8828],[-35.3018,-8.8873],[-35.1501,-8.9141]]}},{"type":"Feature","properties":{"name":null,"adm0_name":"Brazil","adm0_a3":"BRA","min_zoom":3},"geometry":{"type":"LineString","coordinates":[[-38.6992,-7.6194],[-38.8197,-7.6641],[-38.8643,-7.7043],[-38.967,-7.8471],[-38.9983,-7.8203],[-39.0742,-7.8561],[-39.1099,-7.7534],[-39.2438,-7.6819],[-39.3063,-7.6239],[-39.351,-7.548],[-39.534,-7.4766],[-39.6545,-7.3739],[-39.8465,-7.3471],[-39.9536,-7.3605],[-40.0653,-7.4052],[-40.1724,-7.4186],[-40.2617,-7.3918],[-40.5385,-7.3918]]}},{"type":"Feature","properties":{"name":null,"adm0_name":"Brazil","adm0_a3":"BRA","min_zoom":3},"geometry":{"type":"LineString","coordinates":[[-34.8097,-7.5668],[-34.9804,-7.5123],[-35.0652,-7.4096],[-35.2706,-7.3828],[-35.3733,-7.4587],[-35.4983,-7.4543],[-35.5563,-7.6552],[-35.6813,-7.7132],[-35.7126,-7.7087],[-35.8375,-7.7444],[-35.8867,-7.7322],[-35.9313,-7.8382],[-35.967,-7.8159],[-36.0742,-7.8248],[-36.1233,-7.7802],[-36.1679,-7.8248],[-36.217,-7.7802],[-36.2661,-7.8248],[-36.3376,-7.8114],[-36.4224,-7.8248],[-36.4492,-7.9096],[-36.5697,-7.923],[-36.659,-8.0123],[-36.6277,-8.0837],[-36.784,-8.2221],[-36.8331,-8.2266],[-36.9626,-8.2846],[-37.0608,-8.231],[-37.1277,-8.1641],[-37.1501,-7.9766],[-37.2126,-7.9587],[-37.342,-7.9989],[-37.226,-7.8159],[-37.1679,-7.7623],[-37.2126,-7.6462],[-37.1992,-7.5748],[-37.0161,-7.5078],[-37.0161,-7.4007],[-37.1501,-7.3471],[-37.2527,-7.2712],[-37.3465,-7.298],[-37.3822,-7.3516],[-37.4358,-7.3471],[-37.5518,-7.4766],[-37.7081,-7.548],[-37.7929,-7.6373],[-37.8956,-7.6864],[-37.976,-7.7712],[-38.0574,-7.7578],[-38.0876,-7.8203],[-38.1501,-7.7712],[-38.1679,-7.8069],[-38.226,-7.8114],[-38.2572,-7.8516],[-38.3018,-7.8293],[-38.3041,-7.7824],[-38.3554,-7.6998],[-38.4179,-7.7489],[-38.4492,-7.7355],[-38.5251,-7.7668],[-38.5876,-7.74],[-38.592,-7.6909],[-38.6456,-7.6775],[-38.6992,-7.6194]]}},{"type":"Feature","properties":{"name":null,"adm0_name":"Brazil","adm0_a3":"BRA","min_zoom":3},"geometry":{"type":"LineString","coordinates":[[-40.5385,-7.3918],[-40.6456,-7.4007],[-40.6903,-7.4275],[-40.6903,-7.5123],[-40.6188,-7.6373],[-40.659,-7.7623],[-40.5474,-7.8337],[-40.5295,-7.9052],[-40.5429,-8.0301],[-40.592,-8.1239],[-40.7483,-8.2444],[-40.8331,-8.365],[-40.8867,-8.3516],[-40.9224,-8.4319],[-41.0161,-8.4186],[-41.0831,-8.5257],[-41.159,-8.548],[-41.2126,-8.6328],[-41.3688,-8.7132]]}},{"type":"Feature","properties":{"name":null,"adm0_name":"Brazil","adm0_a3":"BRA","min_zoom":3},"geometry":{"type":"LineString","coordinates":[[-46.0251,-14.8694],[-45.9313,-14.7489],[-45.9135,-14.6909],[-45.9626,-14.5346],[-45.9626,-14.4677],[-45.9224,-14.3516],[-46.0117,-14.298],[-46.0385,-14.2534],[-46.1278,-14.182],[-46.1724,-14.0748],[-46.2215,-13.9989],[-46.2617,-13.8695],[-46.2706,-13.6552],[-46.1858,-13.4052],[-46.0965,-13.3516],[-46.0831,-13.2534],[-46.1769,-13.2177],[-46.1813,-13.1596],[-46.1501,-13.0257],[-46.0742,-12.9766],[-46.0876,-12.9141],[-46.2349,-12.798]]}},{"type":"Feature","properties":{"name":null,"adm0_name":"Brazil","adm0_a3":"BRA","min_zoom":3},"geometry":{"type":"LineString","coordinates":[[-47.3019,-16.0391],[-47.8554,-16.0436],[-48.1813,-16.0391],[-48.2528,-16.0302],[-48.2349,-15.9587],[-48.2796,-15.8382],[-48.2037,-15.7355],[-48.2394,-15.6909],[-48.1813,-15.49],[-47.7662,-15.49],[-47.4224,-15.4989],[-47.4135,-15.5346],[-47.3063,-15.5882],[-47.3063,-15.7088],[-47.351,-15.8337],[-47.3599,-15.9855],[-47.3019,-16.0391]]}},{"type":"Feature","properties":{"name":null,"adm0_name":"Brazil","adm0_a3":"BRA","min_zoom":3},"geometry":{"type":"LineString","coordinates":[[-50.9642,-19.5113],[-51.034,-19.3695],[-51.1367,-19.2847],[-51.3108,-19.2534],[-51.4046,-19.1686],[-51.5429,-19.1373],[-51.6412,-19.1284],[-51.8421,-19.048],[-51.9135,-18.99],[-52.0608,-18.9454],[-52.0965,-18.8962],[-52.2706,-18.8114],[-52.3421,-18.8159],[-52.4983,-18.7043],[-52.6144,-18.7221],[-52.7617,-18.7087],[-52.8688,-18.682],[-52.8912,-18.6373],[-52.8465,-18.5346],[-52.7885,-18.4632],[-52.784,-18.3918],[-52.909,-18.3471],[-52.9894,-18.3873],[-53.034,-18.3561],[-53.0563,-18.2936],[-53.043,-18.0971],[-53.0519,-18.0168]]}},{"type":"Feature","properties":{"name":null,"adm0_name":"Brazil","adm0_a3":"BRA","min_zoom":3},"geometry":{"type":"LineString","coordinates":[[-46.0251,-14.8694],[-46.0787,-14.923],[-46.1903,-14.9364],[-46.2974,-14.9096],[-46.3153,-14.8471],[-46.3867,-14.7712],[-46.5162,-14.7132],[-46.5831,-14.7936],[-46.5563,-14.8694],[-46.5787,-14.9141],[-46.5474,-15.0391],[-46.6367,-15.0704],[-46.7349,-15.0168],[-46.8331,-15.0123],[-46.8912,-15.048],[-46.9313,-15.2266],[-46.8912,-15.24],[-46.8554,-15.3248],[-46.9358,-15.432],[-46.9313,-15.5436],[-46.8688,-15.5927],[-46.8331,-15.8427],[-46.8644,-15.8828],[-47.0787,-15.9364],[-47.1278,-15.923],[-47.2304,-16.0346],[-47.3019,-16.0391],[-47.3376,-16.1463],[-47.3242,-16.2266],[-47.351,-16.3025],[-47.4313,-16.4096],[-47.4537,-16.4945],[-47.4046,-16.5703],[-47.2662,-16.6596],[-47.159,-16.9186],[-47.1501,-16.9766],[-47.2304,-17.0257],[-47.2126,-17.0748],[-47.3108,-17.1418],[-47.4224,-17.2713],[-47.4537,-17.3471],[-47.4983,-17.3293],[-47.5296,-17.4543],[-47.4581,-17.5257],[-47.409,-17.4989],[-47.2885,-17.548],[-47.2706,-17.6686],[-47.3287,-17.7445],[-47.3554,-17.8248],[-47.3465,-17.8784],[-47.2795,-18.0614],[-47.3189,-18.0832],[-47.4465,-18.1707],[-47.7861,-18.3795],[-47.9288,-18.4454],[-48.0179,-18.4344],[-48.227,-18.3403],[-48.9537,-18.3259],[-49.1084,-18.3884],[-49.1793,-18.4048],[-49.2475,-18.4685],[-49.2476,-18.4686],[-49.2479,-18.469],[-49.2484,-18.4697],[-49.2491,-18.4706],[-49.2499,-18.4717],[-49.251,-18.4731],[-49.2522,-18.4747],[-49.2536,-18.4765],[-49.2551,-18.4784],[-49.2567,-18.4806],[-49.2585,-18.4829],[-49.2604,-18.4854],[-49.2624,-18.488],[-49.2645,-18.4907],[-49.2667,-18.4936],[-49.269,-18.4966],[-49.2713,-18.4997],[-49.2738,-18.5029],[-49.2763,-18.5061],[-49.2788,-18.5094],[-49.2814,-18.5128],[-49.284,-18.5162],[-49.2867,-18.5197],[-49.2893,-18.5232],[-49.292,-18.5267],[-49.2947,-18.5302],[-49.2973,-18.5336],[-49.3,-18.5371],[-49.3026,-18.5405],[-49.3052,-18.5439],[-49.3077,-18.5472],[-49.3102,-18.5505],[-49.3127,-18.5537],[-49.315,-18.5567],[-49.3173,-18.5597],[-49.3195,-18.5626],[-49.3216,-18.5654],[-49.3236,-18.568],[-49.3255,-18.5704],[-49.3273,-18.5728],[-49.3289,-18.5749],[-49.3304,-18.5769],[-49.3318,-18.5787],[-49.333,-18.5802],[-49.334,-18.5816],[-49.3349,-18.5828],[-49.3356,-18.5837],[-49.3361,-18.5843],[-49.3365,-18.5849],[-49.4168,-18.6027],[-49.4883,-18.5221],[-49.5533,-18.5101],[-49.6119,-18.5669],[-49.6781,-18.6001],[-49.7888,-18.6145],[-49.9601,-18.6164],[-50.0938,-18.6414],[-50.247,-18.6902],[-50.3683,-18.7686],[-50.4576,-18.8766],[-50.4991,-18.9531],[-50.4897,-19.0204],[-50.5316,-19.0871],[-50.5776,-19.1123],[-50.6418,-19.1185],[-50.7133,-19.1605],[-50.792,-19.2385],[-50.8438,-19.3108],[-50.8688,-19.3775],[-50.8708,-19.4239],[-50.8643,-19.4377],[-50.8808,-19.4592],[-50.9238,-19.4642],[-50.9642,-19.5113],[-50.9645,-19.5127]]}},{"type":"Feature","properties":{"name":null,"adm0_name":"Brazil","adm0_a3":"BRA","min_zoom":3},"geometry":{"type":"LineString","coordinates":[[-44.8153,-23.2936],[-44.8644,-23.2043],[-44.8063,-23.1373],[-44.7974,-22.99],[-44.726,-22.9364],[-44.5876,-22.8784],[-44.4715,-22.8516],[-44.3599,-22.8561],[-44.2751,-22.8204],[-44.2483,-22.7489],[-44.1679,-22.6998],[-44.217,-22.5927],[-44.5385,-22.6195],[-44.6367,-22.6016],[-44.6501,-22.5614],[-44.7706,-22.4231],[-44.8331,-22.4052]]}},{"type":"Feature","properties":{"name":null,"adm0_name":"Brazil","adm0_a3":"BRA","min_zoom":3},"geometry":{"type":"LineString","coordinates":[[-46.2349,-12.798],[-46.2349,-12.7132],[-46.159,-12.6016],[-46.159,-12.5034],[-46.3153,-12.423],[-46.3465,-12.3427],[-46.3376,-12.1284],[-46.3242,-12.0927],[-46.2483,-12.048],[-46.2126,-11.9989],[-46.0787,-11.9275],[-46.101,-11.865],[-46.159,-11.8337],[-46.2483,-11.8427],[-46.2751,-11.7668],[-46.2438,-11.7266],[-46.1054,-11.6641],[-46.0831,-11.6016],[-46.1903,-11.5436],[-46.4269,-11.4989],[-46.4894,-11.4141],[-46.5519,-11.3784],[-46.5697,-11.3159],[-46.5295,-11.2355],[-46.4626,-11.1775],[-46.3688,-10.9677],[-46.2483,-10.9141],[-46.2349,-10.8828],[-46.3019,-10.7578],[-46.0876,-10.5837],[-46.0385,-10.5703],[-45.8599,-10.4677],[-45.7572,-10.3293]]}},{"type":"Feature","properties":{"name":null,"adm0_name":"Brazil","adm0_a3":"BRA","min_zoom":3},"geometry":{"type":"LineString","coordinates":[[-45.7572,-10.3293],[-45.9447,-10.3159]]}},{"type":"Feature","properties":{"name":null,"adm0_name":"Brazil","adm0_a3":"BRA","min_zoom":3},"geometry":{"type":"LineString","coordinates":[[-50.4849,-12.8427],[-50.3922,-12.6172],[-50.2957,-12.4899],[-50.1637,-12.3877],[-50.1367,-12.4766],[-50.2037,-12.5704],[-50.1992,-12.6552],[-50.2751,-12.7891],[-50.2706,-12.8918],[-50.2394,-12.932],[-50.0519,-13.0212],[-49.9715,-13.0257],[-49.9135,-13.0703],[-49.6858,-13.1775],[-49.5206,-13.1998],[-49.3822,-13.2489],[-49.3599,-13.1329],[-49.2974,-13.0034],[-49.1367,-12.7355],[-49.0162,-12.6552],[-48.9983,-12.7489],[-48.9269,-12.7846],[-48.8242,-12.8739],[-48.7974,-12.9275],[-48.8019,-12.9989],[-48.7662,-13.0971],[-48.7617,-13.2088],[-48.7751,-13.3516],[-48.7394,-13.3828],[-48.6858,-13.3382],[-48.6546,-13.1775],[-48.5876,-13.1552],[-48.4804,-13.1953],[-48.3688,-13.1864],[-48.226,-13.0927],[-48.1638,-13.1026],[-48.1749,-13.1808],[-48.0742,-13.1953],[-48.0028,-13.2489],[-47.9358,-13.2445],[-47.8554,-13.2936],[-47.6813,-13.3561],[-47.659,-13.3204],[-47.7215,-13.1507],[-47.6412,-13.115],[-47.5563,-13.2445],[-47.4403,-13.2489],[-47.2929,-13.1998],[-47.092,-13.0971],[-46.9715,-13.0703],[-46.8287,-13.0703],[-46.7528,-13.0346],[-46.6456,-12.923],[-46.592,-12.8918],[-46.4358,-12.8471],[-46.3019,-12.8337],[-46.2349,-12.798]]}},{"type":"Feature","properties":{"name":null,"adm0_name":"Brazil","adm0_a3":"BRA","min_zoom":3},"geometry":{"type":"LineString","coordinates":[[-37.3882,-11.4974],[-37.5742,-11.5391],[-37.6322,-11.5212],[-37.659,-11.557],[-37.7974,-11.5257],[-37.851,-11.4409],[-37.967,-11.4007],[-38.0072,-11.3561],[-37.9804,-11.24],[-38.0608,-11.1685],[-38.1099,-11.0302],[-38.1768,-10.9811],[-38.2349,-10.8962],[-38.2438,-10.8248],[-38.1903,-10.7177],[-38.1099,-10.7087],[-38.0117,-10.7534],[-37.9715,-10.7534],[-37.8152,-10.6775],[-37.784,-10.6284],[-37.8242,-10.548],[-37.8376,-10.423],[-37.784,-10.307],[-37.7795,-10.0793],[-37.9001,-9.9498],[-37.9001,-9.9141],[-37.9626,-9.8739],[-38.0295,-9.7266],[-37.9938,-9.6462],[-38.0429,-9.606],[-37.9758,-9.5122]]}},{"type":"Feature","properties":{"name":null,"adm0_name":"Brazil","adm0_a3":"BRA","min_zoom":3},"geometry":{"type":"LineString","coordinates":[[-48.5806,-25.9849],[-48.6501,-25.9722],[-48.9179,-25.9766],[-48.9447,-26.0079],[-49.1099,-25.9945],[-49.2126,-26.0302],[-49.2974,-26.1061],[-49.4537,-26.1686],[-49.4894,-26.2221],[-49.5965,-26.2221],[-49.7215,-26.1597],[-49.7528,-26.1239],[-49.8822,-26.0391],[-49.9492,-26.0124],[-50.1903,-26.0525],[-50.3153,-26.0525],[-50.3692,-26.0859],[-50.4581,-26.0257],[-50.5429,-26.0257],[-50.6456,-26.0704],[-50.7349,-26.2311],[-50.7706,-26.2221],[-50.9001,-26.2802],[-50.9447,-26.2445],[-51.0742,-26.2355],[-51.2483,-26.3472],[-51.2885,-26.4231],[-51.2796,-26.499],[-51.2394,-26.6061],[-51.284,-26.6507],[-51.4224,-26.6998],[-51.5028,-26.6016],[-51.8733,-26.6016],[-52.0072,-26.5838],[-52.1992,-26.4498],[-52.4581,-26.432],[-52.543,-26.4007],[-52.6412,-26.4007],[-52.6724,-26.3784],[-52.8153,-26.3382],[-52.9135,-26.365],[-52.9938,-26.3516],[-53.1233,-26.3695],[-53.2796,-26.2623],[-53.3554,-26.24],[-53.4581,-26.2891],[-53.5162,-26.2891],[-53.6635,-26.2579]]}},{"type":"Feature","properties":{"name":null,"adm0_name":"Brazil","adm0_a3":"BRA","min_zoom":3},"geometry":{"type":"LineString","coordinates":[[-63.3937,2.224],[-63.3064,2.1663],[-63.1501,2.1797],[-63.1233,2.1127],[-63.0028,2.019],[-62.8465,2.019],[-62.7082,1.9475],[-62.6903,1.9118],[-62.7305,1.8315],[-62.7126,1.7377],[-62.7885,1.6038],[-62.7215,1.4966],[-62.6233,1.4163],[-62.6144,1.3627],[-62.5162,1.0591],[-62.5117,0.9609],[-62.4448,0.8047],[-62.534,0.7333],[-62.5385,0.6752],[-62.4849,0.5413],[-62.4894,0.4877],[-62.5296,0.4297],[-62.534,0.3136],[-62.5698,0.2466],[-62.5653,0.1752],[-62.5251,0.0949],[-62.5787,0.019],[-62.5698,-0.048],[-62.5117,-0.1239],[-62.476,-0.2221],[-62.4046,-0.2712],[-62.3733,-0.3426],[-62.3689,-0.4676],[-62.3198,-0.5212],[-62.3108,-0.6418],[-62.3778,-0.7176],[-62.476,-0.6953],[-62.5073,-0.7712],[-62.418,-0.8292],[-62.3153,-0.9453],[-62.2439,-0.981],[-62.2037,-1.0435],[-62.1412,-1.0659],[-62.0296,-1.1462],[-61.9358,-1.2444],[-61.8778,-1.3694],[-61.8809,-1.3892],[-61.7985,-1.3886],[-61.7172,-1.4012],[-61.6199,-1.4495],[-61.6189,-1.2757],[-61.5742,-1.1418],[-61.5608,-1.0212],[-61.5787,-0.9453],[-61.534,-0.7266],[-61.4582,-0.6373],[-61.2439,-0.548],[-61.2215,-0.4989],[-61.1055,-0.4944],[-61.0608,-0.5301],[-60.9314,-0.5569],[-60.9046,-0.6105],[-60.8153,-0.6864],[-60.7349,-0.8516],[-60.6412,-0.8605],[-60.5162,-0.8292],[-60.4671,-0.74],[-60.3376,-0.7042],[-60.3064,-0.673],[-60.3153,-0.6194],[-60.3912,-0.5212],[-60.3867,-0.4632],[-60.3153,-0.3069],[-60.3108,-0.2355],[-60.2528,-0.1507],[-60.2171,-0.0435],[-60.168,0.0056],[-60.1278,0.1306],[-60.0251,0.2243],[-59.7706,0.2288],[-58.8689,0.2243]]}},{"type":"Feature","properties":{"name":null,"adm0_name":"Brazil","adm0_a3":"BRA","min_zoom":3},"geometry":{"type":"LineString","coordinates":[[-58.9741,1.3862],[-58.8689,0.2243]]}},{"type":"Feature","properties":{"name":null,"adm0_name":"Brazil","adm0_a3":"BRA","min_zoom":3},"geometry":{"type":"LineString","coordinates":[[-73.7972,-7.1167],[-72.6635,-7.5927],[-70.3733,-8.1552],[-69.8064,-8.4543],[-66.8287,-9.8382],[-66.8284,-9.8379]]}},{"type":"Feature","properties":{"name":null,"adm0_name":"Brazil","adm0_a3":"BRA","min_zoom":3},"geometry":{"type":"LineString","coordinates":[[-61.6099,-8.7668],[-61.5073,-8.8471],[-61.4849,-8.9141],[-61.5296,-8.9989],[-61.5564,-9.1284],[-61.5296,-9.2266],[-61.5921,-9.24],[-61.6099,-9.3203],[-61.5474,-9.4096],[-61.5519,-9.4632],[-61.4805,-9.6373],[-61.5207,-9.7043],[-61.5653,-9.7266],[-61.5207,-9.8605],[-61.534,-9.9945],[-61.5698,-10.0614],[-61.5653,-10.2623],[-61.4715,-10.4364],[-61.5028,-10.6864],[-61.4715,-10.7578],[-61.5207,-10.7891],[-61.5073,-10.8784],[-61.5207,-10.9543],[-61.4715,-10.9989],[-60.4403,-11.0034],[-60.4403,-11.0391],[-60.3822,-11.1016],[-60.2796,-11.0793],[-60.1769,-11.1195],[-60.0698,-11.115],[-60.0028,-11.1462],[-59.909,-11.3828],[-60.0251,-11.5346],[-60.101,-11.6016],[-60.101,-11.7444],[-60.0608,-11.9052],[-59.9849,-11.9186],[-59.9314,-12.0525],[-59.8867,-12.1284],[-59.8912,-12.2445],[-59.8242,-12.3873],[-59.909,-12.6194],[-60.0028,-12.7311],[-60.043,-12.8739],[-60.0831,-12.9275],[-60.1948,-12.9721],[-60.2707,-13.0703],[-60.2751,-13.1373],[-60.351,-13.2712],[-60.3822,-13.4186],[-60.659,-13.6016],[-60.725,-13.6631]]}},{"type":"Feature","properties":{"name":null,"adm0_name":"Brazil","adm0_a3":"BRA","min_zoom":3},"geometry":{"type":"LineString","coordinates":[[-38.5251,-6.3828],[-38.6054,-6.3962],[-38.5786,-6.2623],[-38.5117,-6.1819],[-38.4938,-6.1284],[-38.4135,-6.0614],[-38.3688,-6.0926],[-38.3018,-6.0748],[-38.1277,-5.8784],[-38.0786,-5.7623],[-38.0786,-5.6864],[-38.0474,-5.615],[-37.9135,-5.4632],[-37.7215,-5.0614],[-37.5965,-4.9587],[-37.5429,-4.9319],[-37.1579,-4.7992]]}},{"type":"Feature","properties":{"name":null,"adm0_name":"Brazil","adm0_a3":"BRA","min_zoom":3},"geometry":{"type":"LineString","coordinates":[[-38.5251,-6.3828],[-38.4358,-6.4141],[-38.284,-6.5034],[-38.2393,-6.4855],[-38.1322,-6.5212],[-38.0563,-6.4453],[-38.0027,-6.4319],[-37.842,-6.3426],[-37.7929,-6.2936],[-37.7572,-6.1775],[-37.6411,-6.1284],[-37.476,-6.0837],[-37.4224,-6.0971],[-37.2617,-6.0257],[-37.1768,-6.0525],[-37.1768,-6.115],[-37.3956,-6.3918],[-37.4313,-6.5168],[-37.5072,-6.5525],[-37.5161,-6.6819],[-37.3376,-6.6998],[-37.2706,-6.74],[-37.217,-6.8248],[-37.1545,-6.7846],[-37.0429,-6.7534],[-36.9893,-6.7087],[-36.9447,-6.7489],[-36.7929,-6.7668],[-36.7438,-6.8248],[-36.7706,-6.932],[-36.7126,-6.9766],[-36.659,-6.932],[-36.5742,-6.9275],[-36.5027,-6.7846],[-36.5295,-6.7355],[-36.534,-6.6373],[-36.4447,-6.6239],[-36.5161,-6.4811],[-36.4938,-6.3784],[-36.3822,-6.3025],[-36.2929,-6.3069],[-36.2527,-6.4141],[-35.9268,-6.4677],[-35.7215,-6.4453],[-35.6679,-6.4275],[-35.467,-6.4632],[-35.3063,-6.5302],[-35.2572,-6.5078],[-35.0474,-6.5346],[-34.92,-6.4808]]}},{"type":"Feature","properties":{"name":null,"adm0_name":"Brazil","adm0_a3":"BRA","min_zoom":3},"geometry":{"type":"LineString","coordinates":[[-41.8644,-20.7757],[-41.7438,-20.8204],[-41.7126,-20.9766],[-41.7304,-21.0436],[-41.7126,-21.1105],[-41.4402,-21.1998],[-41.3911,-21.1864],[-41.2661,-21.2311],[-41.0697,-21.2132],[-40.967,-21.2757]]}},{"type":"Feature","properties":{"name":null,"adm0_name":"Brazil","adm0_a3":"BRA","min_zoom":3},"geometry":{"type":"LineString","coordinates":[[-45.7572,-10.3293],[-45.6054,-10.3337],[-45.5162,-10.4141],[-45.4715,-10.4855],[-45.4403,-10.6194],[-45.3153,-10.7802],[-45.0429,-10.8962],[-44.9313,-10.8605],[-44.851,-10.8784],[-44.784,-10.8561],[-44.7528,-10.7846],[-44.6456,-10.7355],[-44.6188,-10.6864],[-44.5385,-10.6284],[-44.4179,-10.5882],[-44.3108,-10.6016],[-44.217,-10.6284],[-44.1188,-10.5882],[-43.9938,-10.4543],[-43.9135,-10.432],[-43.8019,-10.2043],[-43.7617,-10.1685],[-43.7528,-10.1061],[-43.7037,-10.0346],[-43.7126,-9.9498],[-43.6813,-9.8025],[-43.726,-9.7489],[-43.784,-9.5659],[-43.8287,-9.4989],[-43.8108,-9.4275],[-43.6947,-9.4453],[-43.659,-9.365],[-43.6054,-9.3382],[-43.5385,-9.3605],[-43.4492,-9.3025],[-43.4148,-9.3356],[-43.3778,-9.4141],[-43.1858,-9.4186],[-43.1278,-9.3739],[-43.0429,-9.3962],[-43.0295,-9.4364],[-42.9369,-9.4744],[-42.9313,-9.5168],[-42.851,-9.548],[-42.7528,-9.5212],[-42.6188,-9.5659],[-42.5742,-9.4855],[-42.4894,-9.4989],[-42.4313,-9.4096],[-42.3108,-9.3069],[-42.1501,-9.2936],[-42.0429,-9.2087],[-41.9179,-9.2132],[-41.851,-9.2534],[-41.7974,-9.173],[-41.7349,-9.1328],[-41.7349,-8.9811],[-41.6099,-8.9632],[-41.5563,-8.9721],[-41.4983,-8.9364],[-41.467,-8.865],[-41.4001,-8.7846],[-41.3688,-8.7132]]}},{"type":"Feature","properties":{"name":null,"adm0_name":"Brazil","adm0_a3":"BRA","min_zoom":3},"geometry":{"type":"LineString","coordinates":[[-40.5385,-7.3918],[-40.534,-7.3248],[-40.5831,-7.1953],[-40.5117,-7.0034],[-40.4403,-6.9051],[-40.4179,-6.8114],[-40.4804,-6.7355],[-40.6144,-6.7087],[-40.7081,-6.6596],[-40.7215,-6.5703],[-40.7706,-6.4944],[-40.7974,-6.3784],[-40.8063,-6.2534],[-40.8911,-6.0123],[-40.8911,-5.9052],[-40.9224,-5.6819],[-40.9179,-5.6016],[-40.9492,-5.4185],[-41.0251,-5.365],[-41.0697,-5.3069],[-41.0608,-5.1685],[-41.1144,-5.0659],[-41.1233,-5.0078],[-41.1858,-4.9141],[-41.1813,-4.8114],[-41.226,-4.7266],[-41.2438,-4.615],[-41.2349,-4.5391],[-41.1411,-4.4275],[-41.0742,-4.3248],[-41.1188,-4.1775],[-41.1813,-4.1239],[-41.2304,-4.0435],[-41.284,-3.8114],[-41.3554,-3.7087],[-41.3822,-3.5926],[-41.4492,-3.4364],[-41.4269,-3.3203],[-41.3777,-3.2712],[-41.2572,-3.0793],[-41.2733,-2.8688]]}},{"type":"Feature","properties":{"name":null,"adm0_name":"Brazil","adm0_a3":"BRA","min_zoom":3},"geometry":{"type":"LineString","coordinates":[[-38.6992,-7.6194],[-38.6367,-7.5346],[-38.6322,-7.4587],[-38.5831,-7.4275],[-38.534,-7.2935],[-38.5474,-7.2355],[-38.601,-7.2221],[-38.6769,-7.1596],[-38.6858,-7.0302],[-38.7304,-7.0034],[-38.726,-6.8918],[-38.6501,-6.8382],[-38.6188,-6.7578],[-38.6501,-6.6909],[-38.5786,-6.4811],[-38.5251,-6.3828]]}},{"type":"Feature","properties":{"name":null,"adm0_name":"Brazil","adm0_a3":"BRA","min_zoom":3},"geometry":{"type":"LineString","coordinates":[[-54.6816,2.5108],[-54.7349,2.4163],[-54.7171,2.2645],[-54.7885,2.1306],[-54.7528,2.0815],[-54.793,2.01],[-54.7617,1.9699],[-54.7662,1.8984],[-54.7349,1.7734],[-54.5787,1.7824],[-54.4983,1.7467],[-54.3644,1.76],[-54.2037,1.6574],[-54.1724,1.6574],[-54.0831,1.5413],[-54.0787,1.5056],[-54.0072,1.5234],[-53.9224,1.4609],[-53.8912,1.4074],[-53.7572,1.394],[-53.7394,1.4341],[-53.659,1.4208],[-53.6501,1.3627],[-53.5563,1.3672],[-53.5385,1.2422],[-53.4403,1.26],[-53.409,1.1842],[-53.4671,1.1529],[-53.4179,0.9431],[-53.2662,0.7824],[-53.1322,0.7511],[-53.1144,0.7199],[-53.1412,0.5368],[-53.1278,0.385],[-53.043,0.2466],[-53.0072,0.135],[-53.0162,0.0547],[-52.976,-0.0167],[-52.9135,-0.1909],[-52.8287,-0.1819],[-52.6992,-0.3025],[-52.6278,-0.3962],[-52.6322,-0.5569],[-52.6055,-0.6105],[-52.5251,-0.6462],[-52.5072,-0.731],[-52.5162,-0.8739],[-52.4001,-0.8694],[-52.3688,-0.923],[-52.3912,-0.9542],[-52.3599,-1.0703],[-52.2394,-1.1462],[-52.1322,-1.1507],[-52.0519,-1.1775],[-51.9849,-1.1418],[-51.8876,-1.1603]]}},{"type":"Feature","properties":{"name":null,"adm0_name":"Brazil","adm0_a3":"BRA","min_zoom":3},"geometry":{"type":"LineString","coordinates":[[-58.8689,0.2243],[-58.851,-0.0837],[-58.8644,-0.173],[-58.8555,-0.3516],[-58.7394,-0.4319],[-58.7483,-0.6239],[-58.7037,-0.6953],[-58.6278,-0.7668],[-58.5697,-0.7623],[-58.4403,-0.8605],[-58.3912,-1.048],[-58.3153,-1.1194],[-58.2528,-1.1284],[-58.159,-1.2355],[-58.0831,-1.298],[-57.9805,-1.3471],[-57.9001,-1.423],[-57.8287,-1.4453],[-57.6546,-1.5882],[-57.5653,-1.6239],[-57.4492,-1.6909],[-57.3376,-1.731],[-57.2751,-1.7132],[-57.2483,-1.7578],[-57.168,-1.7712],[-57.0876,-1.8114],[-57.0072,-1.9364],[-56.8242,-2.0346],[-56.7439,-2.0525],[-56.7483,-2.1775],[-56.6367,-2.2221],[-56.4983,-2.1596],[-56.4849,-2.2489],[-56.4009,-2.3363],[-56.3912,-2.3917],[-56.7572,-3.1864],[-58.293,-6.4989],[-58.3745,-6.5704],[-58.4369,-6.6758],[-58.4555,-6.7939],[-58.386,-6.9491],[-58.2283,-7.1415],[-58.1462,-7.2634],[-58.1367,-7.3382]]}},{"type":"Feature","properties":{"name":null,"adm0_name":"Brazil","adm0_a3":"BRA","min_zoom":3},"geometry":{"type":"LineString","coordinates":[[-50.2349,-9.8427],[-51.2974,-9.7891],[-55.0921,-9.5659],[-56.4626,-9.4677],[-56.4894,-9.4677],[-56.6769,-9.3784],[-56.7706,-9.3962],[-56.8376,-9.2712],[-56.9269,-9.2444],[-57.0474,-9.231],[-57.0742,-9.1864],[-57.0831,-9.0793],[-57.101,-9.0525],[-57.2974,-8.9587],[-57.4805,-8.7936],[-57.5787,-8.7578],[-57.6412,-8.615],[-57.6501,-8.4989],[-57.6814,-8.4364],[-57.6412,-8.231],[-57.7796,-8.048],[-57.8956,-7.6909],[-57.9492,-7.6194],[-57.9805,-7.5302],[-58.0608,-7.4096],[-58.1367,-7.3382]]}},{"type":"Feature","properties":{"name":null,"adm0_name":"Brazil","adm0_a3":"BRA","min_zoom":3},"geometry":{"type":"LineString","coordinates":[[-41.8644,-20.7757],[-41.8822,-20.7579],[-41.8108,-20.6463],[-41.851,-20.6239],[-41.7974,-20.5347],[-41.7974,-20.4275],[-41.8554,-20.3695],[-41.717,-20.2088],[-41.4045,-20.2132],[-41.3644,-20.1864],[-41.3063,-19.9543],[-41.1858,-19.865],[-41.159,-19.6596],[-41.0295,-19.548],[-41.0474,-19.49],[-40.9581,-19.4721],[-40.9269,-19.2936],[-40.9447,-19.1462],[-41.0519,-19.0346],[-41.0251,-18.9811],[-41.1054,-18.8873],[-41.1635,-18.9052],[-41.2349,-18.8516],[-41.1947,-18.807],[-41.092,-18.8293],[-40.9313,-18.807],[-40.9269,-18.6954],[-41.0295,-18.6373],[-41.0028,-18.4543],[-41.0251,-18.4052],[-41.1278,-18.3337],[-41.1411,-18.298],[-41.0608,-18.1775],[-41.0161,-18.173],[-40.9135,-18.1016],[-40.8376,-18.1507],[-40.7661,-18.1373],[-40.7751,-18.0927],[-40.909,-17.9721],[-40.7885,-17.9721],[-40.726,-17.9454],[-40.6679,-17.9543],[-40.534,-17.9007],[-40.476,-17.9275],[-40.4269,-17.8918],[-40.217,-17.9721]]}},{"type":"Feature","properties":{"name":null,"adm0_name":"Brazil","adm0_a3":"BRA","min_zoom":3},"geometry":{"type":"LineString","coordinates":[[-40.217,-17.9721],[-40.2081,-17.9766]]}},{"type":"Feature","properties":{"name":null,"adm0_name":"Brazil","adm0_a3":"BRA","min_zoom":3},"geometry":{"type":"LineString","coordinates":[[-61.6099,-8.7668],[-58.5474,-8.7489],[-58.4715,-8.6909],[-58.4266,-8.523],[-58.3971,-8.4156],[-58.3544,-8.2759],[-58.3288,-8.0505],[-58.3536,-7.9059],[-58.3304,-7.7801],[-58.2594,-7.6732],[-58.2238,-7.5747],[-58.2238,-7.4846],[-58.2019,-7.4146],[-58.1367,-7.3382]]}},{"type":"Feature","properties":{"name":null,"adm0_name":"Brazil","adm0_a3":"BRA","min_zoom":3},"geometry":{"type":"LineString","coordinates":[[-53.0519,-18.0168],[-53.0653,-18.0212]]}},{"type":"Feature","properties":{"name":null,"adm0_name":"Brazil","adm0_a3":"BRA","min_zoom":3},"geometry":{"type":"LineString","coordinates":[[-40.2081,-17.9766],[-40.1858,-18.0078],[-39.6724,-18.3248]]}},{"type":"Feature","properties":{"name":null,"adm0_name":"Brazil","adm0_a3":"BRA","min_zoom":3},"geometry":{"type":"LineString","coordinates":[[-50.4849,-12.8427],[-50.566,-12.8197],[-50.614,-12.7635],[-50.6554,-12.667],[-50.6605,-12.5583],[-50.6293,-12.4374],[-50.6317,-12.2886],[-50.6675,-12.1121],[-50.6748,-11.99],[-50.6535,-11.9223],[-50.6614,-11.8536],[-50.7174,-11.7491],[-50.6658,-11.6519],[-50.6712,-11.5738],[-50.7166,-11.4827],[-50.7079,-11.3457],[-50.6451,-11.1628],[-50.6103,-11.0009],[-50.5992,-10.6898],[-50.5508,-10.5673],[-50.4546,-10.3885],[-50.4028,-10.2583],[-50.3953,-10.1767],[-50.3375,-10.0345],[-50.2366,-9.8458]]}},{"type":"Feature","properties":{"name":null,"adm0_name":"Brazil","adm0_a3":"BRA","min_zoom":3},"geometry":{"type":"LineString","coordinates":[[-48.7215,-5.3561],[-48.7304,-5.3382],[-48.2528,-4.9543],[-47.8019,-4.5971],[-47.6546,-4.606],[-47.5831,-4.548],[-47.4894,-4.423],[-47.4581,-4.3382],[-47.3822,-4.2757],[-47.3331,-4.1641],[-47.3108,-4.0659],[-47.2885,-4.0792],[-47.0653,-3.8426],[-47.0251,-3.5971],[-47.0296,-3.5703],[-46.9671,-3.5257],[-46.9447,-3.3962],[-46.8599,-3.3293],[-46.8242,-3.3293],[-46.7438,-3.1909],[-46.6679,-3.0926],[-46.6367,-2.9855],[-46.6501,-2.9141],[-46.5742,-2.8471],[-46.6679,-2.74],[-46.601,-2.6641],[-46.5072,-2.615],[-46.4849,-2.548],[-46.4269,-2.5123],[-46.4358,-2.4096],[-46.409,-2.3873],[-46.4135,-2.24],[-46.3778,-2.2534],[-46.2796,-2.1418],[-46.2126,-1.9275],[-46.217,-1.8069],[-46.3019,-1.8025],[-46.3153,-1.731],[-46.2438,-1.7221],[-46.1992,-1.6775],[-46.1813,-1.5748],[-46.1992,-1.4855],[-46.1233,-1.3471],[-46.159,-1.3159],[-46.1412,-1.24],[-46.0063,-1.1461]]}},{"type":"Feature","properties":{"name":null,"adm0_name":"Brazil","adm0_a3":"BRA","min_zoom":3},"geometry":{"type":"LineString","coordinates":[[-45.9447,-10.3159],[-45.9358,-10.2132],[-45.9537,-10.182],[-45.9001,-10.0837],[-45.9001,-10.0257],[-45.8599,-9.9989],[-45.8599,-9.8337],[-45.8376,-9.5346],[-45.7974,-9.4632],[-45.8287,-9.3739],[-45.8956,-9.3293],[-45.9045,-9.1775],[-45.9358,-9.1194],[-45.9403,-9.0123],[-45.9804,-8.9275],[-45.9269,-8.7891],[-45.8197,-8.6998],[-45.7528,-8.5614],[-45.7349,-8.4319],[-45.659,-8.3114],[-45.6545,-8.2534],[-45.5787,-8.1507],[-45.5429,-7.8694],[-45.4715,-7.673],[-45.2974,-7.5569],[-45.0251,-7.4945],[-44.909,-7.4453],[-44.8153,-7.365],[-44.7126,-7.3962],[-44.5786,-7.2489],[-44.4492,-7.1462],[-44.3063,-7.1105],[-44.2572,-7.0078],[-44.1679,-6.923],[-44.1635,-6.8873],[-44.092,-6.8069],[-44.0608,-6.8293],[-44.0385,-6.7668],[-43.9536,-6.7623],[-43.8153,-6.7087],[-43.6769,-6.6998],[-43.5608,-6.7534],[-43.4626,-6.8427],[-43.3019,-6.8025],[-43.1992,-6.7534],[-43.1322,-6.7802],[-42.9804,-6.7444],[-42.9179,-6.6685],[-42.9135,-6.615],[-42.8554,-6.4811],[-42.8688,-6.4364],[-42.851,-6.2534],[-42.9626,-6.1864],[-43.0028,-6.1239],[-43.0742,-6.0569],[-43.1099,-5.7712],[-43.0831,-5.7132],[-43.101,-5.6239],[-43.0474,-5.5971],[-42.9135,-5.3918],[-42.8331,-5.3114],[-42.8063,-5.1596],[-42.8331,-5.0971],[-42.8554,-4.9364],[-42.9045,-4.8293],[-42.9536,-4.7757],[-42.9313,-4.731],[-42.9492,-4.6596],[-42.9135,-4.6373],[-42.8644,-4.4989],[-42.8956,-4.4051],[-42.9536,-4.3918],[-42.9894,-4.24],[-42.8911,-4.1418],[-42.851,-4.0391],[-42.7349,-3.923],[-42.6635,-3.7891],[-42.6769,-3.6998],[-42.6277,-3.615],[-42.5742,-3.5703],[-42.5028,-3.4498],[-42.4537,-3.4766],[-42.3644,-3.4498],[-42.217,-3.4319],[-42.101,-3.3025],[-42.1054,-3.2623],[-42.0027,-3.231],[-41.9224,-3.1105],[-41.842,-3.0346],[-41.8153,-2.9364],[-41.8688,-2.8516],[-41.8311,-2.6791]]}},{"type":"Feature","properties":{"name":null,"adm0_name":"Brazil","adm0_a3":"BRA","min_zoom":3},"geometry":{"type":"LineString","coordinates":[[-41.3688,-8.7132],[-41.3242,-8.7355],[-41.159,-8.7087],[-41.1054,-8.7177],[-41.101,-8.7757],[-41.0039,-8.7813],[-40.9804,-8.8159],[-40.8911,-8.8561],[-40.8911,-9.0346],[-40.8554,-9.0927],[-40.851,-9.1507],[-40.7036,-9.2177],[-40.6903,-9.3427],[-40.7438,-9.423],[-40.6858,-9.4721],[-40.5647,-9.4602],[-40.4126,-9.3969],[-40.3197,-9.2931],[-40.2732,-9.145],[-40.2123,-9.1016],[-40.0777,-9.0883],[-40.005,-9.0581],[-39.9488,-9.022],[-39.9092,-8.9802],[-39.8878,-8.924],[-39.8847,-8.8533],[-39.8348,-8.809],[-39.7384,-8.7912],[-39.6877,-8.7493],[-39.6828,-8.6829],[-39.6008,-8.6196],[-39.4417,-8.5592],[-39.3328,-8.5658],[-39.2566,-8.6404],[-39.0982,-8.7149],[-38.835,-8.8003],[-38.7055,-8.8799],[-38.6677,-8.896],[-38.6192,-8.896],[-38.5775,-8.8605],[-38.5443,-8.8311],[-38.5047,-8.835],[-38.484,-8.8777],[-38.4822,-8.9595],[-38.4329,-9.0036],[-38.336,-9.0103],[-38.2942,-9.043],[-38.3076,-9.1021],[-38.2832,-9.2036],[-38.2211,-9.3477],[-38.2158,-9.3512]]}},{"type":"Feature","properties":{"name":null,"adm0_name":"Brazil","adm0_a3":"BRA","min_zoom":3},"geometry":{"type":"LineString","coordinates":[[-40.2081,-17.9766],[-40.2304,-17.9186],[-40.1858,-17.8159],[-40.2081,-17.7668],[-40.284,-17.7177],[-40.3822,-17.6239],[-40.4135,-17.557],[-40.4804,-17.557],[-40.4983,-17.4186],[-40.6099,-17.3918],[-40.6054,-17.3114],[-40.5653,-17.2623],[-40.5742,-17.1328],[-40.5251,-16.932],[-40.4715,-16.8695],[-40.2974,-16.8784],[-40.2438,-16.8338],[-40.284,-16.7445],[-40.2751,-16.615],[-40.2527,-16.5659],[-40.1367,-16.5436],[-40.1322,-16.5034],[-40.0563,-16.3962],[-39.9403,-16.3114],[-39.8644,-16.1105],[-39.9358,-15.9989],[-40.0028,-15.9945],[-40.1322,-15.8918],[-40.1679,-15.8962],[-40.2349,-15.8204],[-40.3286,-15.8248],[-40.476,-15.7757],[-40.534,-15.798],[-40.5742,-15.7578],[-40.6679,-15.7177],[-40.7617,-15.74],[-40.8286,-15.6819],[-40.8911,-15.6954],[-40.9447,-15.673],[-41.0295,-15.7355],[-41.159,-15.7802],[-41.3331,-15.7177],[-41.3599,-15.4945],[-41.8019,-15.1105],[-41.9403,-15.173],[-42.0876,-15.182],[-42.1769,-15.1061],[-42.2617,-15.1061],[-42.4313,-15.0346],[-42.5787,-14.932],[-42.6322,-14.9409],[-42.8911,-14.7489],[-42.9536,-14.6775],[-43.2304,-14.6373],[-43.3867,-14.6998],[-43.4492,-14.7802],[-43.4938,-14.7891],[-43.7081,-14.7355],[-43.8242,-14.6954],[-43.8644,-14.6596],[-43.8795,-14.6245],[-43.8795,-14.6244],[-43.8794,-14.6241],[-43.8793,-14.6236],[-43.8791,-14.6229],[-43.879,-14.622],[-43.8787,-14.6209],[-43.8785,-14.6197],[-43.8782,-14.6183],[-43.8779,-14.6168],[-43.8775,-14.6151],[-43.8772,-14.6133],[-43.8768,-14.6114],[-43.8764,-14.6094],[-43.8759,-14.6073],[-43.8755,-14.605],[-43.875,-14.6027],[-43.8745,-14.6003],[-43.874,-14.5979],[-43.8735,-14.5954],[-43.8729,-14.5928],[-43.8724,-14.5902],[-43.8718,-14.5875],[-43.8713,-14.5848],[-43.8707,-14.5821],[-43.8702,-14.5794],[-43.8696,-14.5767],[-43.8691,-14.574],[-43.8685,-14.5714],[-43.8679,-14.5687],[-43.8674,-14.5661],[-43.8669,-14.5635],[-43.8664,-14.561],[-43.8658,-14.5585],[-43.8654,-14.5561],[-43.8649,-14.5538],[-43.8644,-14.5516],[-43.864,-14.5495],[-43.8636,-14.5474],[-43.8632,-14.5455],[-43.8628,-14.5437],[-43.8624,-14.5421],[-43.8621,-14.5405],[-43.8618,-14.5392],[-43.8616,-14.5379],[-43.8614,-14.5369],[-43.8612,-14.536],[-43.861,-14.5353],[-43.8609,-14.5348],[-43.8609,-14.5344],[-43.8609,-14.5344],[-43.8609,-14.5344],[-43.8,-14.3699],[-43.7814,-14.3429],[-43.8376,-14.3159],[-44.159,-14.2712],[-44.2126,-14.24],[-44.3197,-14.2445],[-44.3599,-14.2712],[-44.5608,-14.3471],[-44.8376,-14.5168],[-44.8822,-14.5971],[-45.101,-14.7177],[-45.226,-14.74],[-45.3197,-14.8561],[-45.4626,-14.9409],[-45.5519,-14.9364],[-45.6545,-15.0436],[-45.7126,-15.1239],[-45.7661,-15.1463],[-45.9269,-15.1284],[-45.967,-15.1864],[-46.0742,-15.2489],[-45.976,-14.9855],[-46.0251,-14.8694]]}},{"type":"Feature","properties":{"name":null,"adm0_name":"Brazil","adm0_a3":"BRA","min_zoom":3},"geometry":{"type":"LineString","coordinates":[[-44.8331,-22.4052],[-44.9224,-22.4498],[-45.0563,-22.4677],[-45.2438,-22.5614],[-45.2706,-22.6061],[-45.409,-22.6463],[-45.471,-22.6116],[-45.5295,-22.6507],[-45.5831,-22.615],[-45.6298,-22.6227],[-45.6724,-22.6195],[-45.8019,-22.6998],[-45.7438,-22.7266],[-45.7438,-22.7981],[-45.7929,-22.8516],[-45.8599,-22.8605],[-45.909,-22.8204],[-46.0206,-22.8739],[-46.1456,-22.8918],[-46.1545,-22.8471],[-46.2885,-22.8829],[-46.3599,-22.8427],[-46.3688,-22.7489],[-46.4715,-22.682],[-46.3956,-22.615],[-46.4537,-22.5168],[-46.5429,-22.4722],[-46.5474,-22.4409],[-46.6412,-22.4096],[-46.6992,-22.3204],[-46.6635,-22.2043],[-46.601,-22.1329],[-46.659,-22.0525],[-46.6188,-21.9856],[-46.659,-21.9052],[-46.6679,-21.8114],[-46.6278,-21.7713],[-46.6054,-21.682],[-46.5608,-21.673],[-46.4938,-21.5257],[-46.5072,-21.4588],[-46.6054,-21.4275],[-46.6545,-21.3739],[-46.6858,-21.3962],[-46.8153,-21.3605],[-46.8956,-21.4052],[-47.0028,-21.4007],[-46.9938,-21.3427],[-47.0563,-21.1954],[-47.1233,-21.1329],[-47.1456,-20.9811],[-47.2215,-20.9141],[-47.2126,-20.807],[-47.1099,-20.6329],[-47.1545,-20.5257],[-47.2528,-20.4766],[-47.2929,-20.423],[-47.2662,-20.2847],[-47.2349,-20.2043],[-47.2444,-20.1739],[-47.329,-20.1175],[-47.4278,-20.0362],[-47.4599,-20.001],[-47.5178,-19.9943],[-47.5942,-20.0186],[-47.6558,-20.0227],[-47.6955,-19.991],[-47.7497,-19.977],[-47.8185,-19.9807],[-47.8601,-20.0119],[-47.8617,-20.0556],[-47.9088,-20.0818],[-47.9911,-20.0828],[-48.0511,-20.1202],[-48.1095,-20.1166],[-48.1784,-20.0828],[-48.2533,-20.093],[-48.3637,-20.1383],[-48.7157,-20.1439],[-48.812,-20.159],[-48.8584,-20.2328],[-48.887,-20.3701],[-48.9184,-20.4292],[-48.9525,-20.4101],[-48.978,-20.3382],[-48.9947,-20.2137],[-49.0397,-20.1874],[-49.1128,-20.2593],[-49.1662,-20.295],[-49.1998,-20.2944],[-49.2389,-20.2456],[-49.2836,-20.1486],[-49.2881,-20.0736],[-49.2587,-20.017],[-49.2785,-19.9871],[-49.3772,-19.9784],[-50.3644,-19.8585],[-50.4337,-19.8002],[-50.4886,-19.7909],[-50.5841,-19.8212],[-50.9938,-20.1016]]}},{"type":"Feature","properties":{"name":null,"adm0_name":"Brazil","adm0_a3":"BRA","min_zoom":3},"geometry":{"type":"LineString","coordinates":[[-50.9938,-20.1016],[-51.0639,-20.223],[-51.1608,-20.3066],[-51.3971,-20.4418],[-51.5343,-20.5577],[-51.5932,-20.6665],[-51.6191,-20.8069],[-51.6919,-20.9438],[-51.8115,-21.0772],[-51.8664,-21.1826],[-51.8566,-21.26],[-51.8729,-21.3297],[-51.9364,-21.4228],[-51.9548,-21.4695],[-51.9898,-21.4937],[-52.0476,-21.511],[-52.0726,-21.5541],[-52.065,-21.6228],[-52.1226,-21.7183],[-52.2456,-21.8403],[-52.3389,-21.9573],[-52.4026,-22.0691],[-52.566,-22.2074],[-52.9608,-22.4548],[-53.1163,-22.64],[-53.1186,-22.6417]]}},{"type":"Feature","properties":{"name":null,"adm0_name":"Brazil","adm0_a3":"BRA","min_zoom":3},"geometry":{"type":"LineString","coordinates":[[-51.0028,-22.7936],[-51.1813,-22.74],[-51.3555,-22.6507],[-51.5474,-22.6864],[-51.6412,-22.6507],[-51.6947,-22.6641],[-51.7438,-22.6195],[-51.8733,-22.6105],[-51.9849,-22.5481],[-52.0653,-22.5212],[-52.1412,-22.5436],[-52.1635,-22.6016],[-52.2171,-22.6418],[-52.2617,-22.6016],[-52.3153,-22.6195],[-52.4447,-22.6016],[-52.5206,-22.615],[-52.6144,-22.5704],[-52.6947,-22.6016],[-52.9492,-22.5704],[-53.0445,-22.6364],[-53.1163,-22.64]]}},{"type":"Feature","properties":{"name":null,"adm0_name":"Brazil","adm0_a3":"BRA","min_zoom":3},"geometry":{"type":"LineString","coordinates":[[-48.0823,-25.2968],[-48.0921,-25.2356],[-48.1858,-25.1909],[-48.2304,-25.0123],[-48.2662,-25.0347],[-48.4135,-24.9588],[-48.5117,-25.0838],[-48.5653,-25.057],[-48.5429,-24.8114],[-48.4894,-24.7445],[-48.6144,-24.682],[-48.7796,-24.6954],[-48.8287,-24.6641],[-49.0251,-24.6686],[-49.0921,-24.6864],[-49.2171,-24.6909],[-49.2974,-24.6641],[-49.3108,-24.5302],[-49.2394,-24.4186],[-49.226,-24.3382],[-49.2751,-24.3159],[-49.3376,-24.2132],[-49.3331,-24.1418],[-49.409,-24.0838],[-49.601,-23.865],[-49.5697,-23.8338],[-49.5519,-23.7132],[-49.6054,-23.6418],[-49.6546,-23.5079],[-49.6144,-23.4096],[-49.6367,-23.2579],[-49.7304,-23.1061],[-49.909,-23.0347],[-49.9135,-22.9856],[-49.9581,-22.9632],[-49.9715,-22.9141],[-50.1233,-22.9409],[-50.2929,-22.9543],[-50.3688,-22.9141],[-50.4313,-22.9454],[-50.6278,-22.923],[-50.726,-22.9498],[-50.784,-22.9454],[-50.8822,-22.8204],[-51.0028,-22.7937]]}},{"type":"Feature","properties":{"name":null,"adm0_name":"Brazil","adm0_a3":"BRA","min_zoom":3},"geometry":{"type":"LineString","coordinates":[[-53.0653,-18.0212],[-53.1456,-18.0302],[-53.3064,-17.9989],[-53.4938,-18.0123],[-53.6055,-17.9945],[-53.726,-18.0078],[-53.8689,-17.9454],[-53.976,-17.932],[-53.9894,-17.9007],[-53.8599,-17.6909],[-53.7528,-17.6418],[-53.6813,-17.2579],[-53.7438,-17.2534],[-53.8197,-17.307],[-53.9492,-17.4587],[-54.0385,-17.5123],[-54.0831,-17.5882],[-54.1456,-17.6284],[-54.2349,-17.6373],[-54.3197,-17.673],[-54.3912,-17.673],[-54.4224,-17.5793],[-54.5251,-17.5123],[-54.6992,-17.5168],[-54.7796,-17.557],[-54.8108,-17.6016],[-54.9001,-17.6507],[-55.0742,-17.682],[-55.1814,-17.6864],[-55.3376,-17.5837],[-55.534,-17.5034],[-55.6099,-17.3918],[-55.7885,-17.3516],[-55.8331,-17.3114],[-55.9849,-17.2668],[-56.0251,-17.2132],[-56.101,-17.1864],[-56.2483,-17.2177],[-56.3287,-17.2846],[-56.4358,-17.3204],[-56.4894,-17.3025],[-56.668,-17.3204],[-56.7452,-17.3168],[-56.7899,-17.386],[-56.8875,-17.5179],[-56.9802,-17.5947],[-57.0797,-17.7343],[-57.1985,-17.8124],[-57.3699,-17.8757],[-57.4193,-17.8821],[-57.4715,-17.9007],[-57.4939,-17.8695],[-57.601,-17.8159],[-57.6323,-17.74],[-57.7529,-17.7346]]}},{"type":"Feature","properties":{"name":null,"adm0_name":"Australia","adm0_a3":"AUS","min_zoom":2},"geometry":{"type":"LineString","coordinates":[[138.0018,-16.5566],[138.0021,-25.9989]]}},{"type":"Feature","properties":{"name":null,"adm0_name":"Australia","adm0_a3":"AUS","min_zoom":2},"geometry":{"type":"LineString","coordinates":[[129.002,-25.9989],[129.002,-14.8706]]}},{"type":"Feature","properties":{"name":null,"adm0_name":"Australia","adm0_a3":"AUS","min_zoom":2},"geometry":{"type":"LineString","coordinates":[[138.0021,-25.9989],[129.002,-25.9989]]}},{"type":"Feature","properties":{"name":null,"adm0_name":"Australia","adm0_a3":"AUS","min_zoom":2},"geometry":{"type":"LineString","coordinates":[[141.0021,-28.999],[141.0021,-25.9989],[138.0021,-25.9989]]}},{"type":"Feature","properties":{"name":null,"adm0_name":"Australia","adm0_a3":"AUS","min_zoom":2},"geometry":{"type":"LineString","coordinates":[[129.002,-31.6932],[129.002,-25.9989]]}},{"type":"Feature","properties":{"name":null,"adm0_name":"Australia","adm0_a3":"AUS","min_zoom":2},"geometry":{"type":"LineString","coordinates":[[140.9969,-34.0155],[140.9682,-34.0052],[140.9664,-38.0716]]}},{"type":"Feature","properties":{"name":null,"adm0_name":"Australia","adm0_a3":"AUS","min_zoom":2},"geometry":{"type":"LineString","coordinates":[[141.0021,-28.999],[148.9743,-28.9985],[148.9932,-28.9861],[148.9933,-28.986],[148.9935,-28.9858],[148.9939,-28.9855],[148.9944,-28.985],[148.995,-28.9845],[148.9958,-28.9838],[148.9967,-28.983],[148.9977,-28.9821],[148.9988,-28.9811],[148.9999,-28.98],[149.0012,-28.9788],[149.0026,-28.9776],[149.0041,-28.9763],[149.0056,-28.9749],[149.0072,-28.9735],[149.0089,-28.972],[149.0106,-28.9704],[149.0124,-28.9688],[149.0142,-28.9672],[149.016,-28.9655],[149.0179,-28.9638],[149.0198,-28.9621],[149.0217,-28.9604],[149.0237,-28.9586],[149.0256,-28.9569],[149.0275,-28.9551],[149.0295,-28.9534],[149.0314,-28.9517],[149.0333,-28.9499],[149.0352,-28.9482],[149.037,-28.9466],[149.0389,-28.9449],[149.0406,-28.9433],[149.0423,-28.9418],[149.044,-28.9403],[149.0456,-28.9389],[149.0471,-28.9375],[149.0486,-28.9362],[149.05,-28.9349],[149.0513,-28.9338],[149.0525,-28.9327],[149.0536,-28.9317],[149.0545,-28.9308],[149.0554,-28.93],[149.0562,-28.9293],[149.0568,-28.9287],[149.0573,-28.9283],[149.0577,-28.928],[149.058,-28.9277],[149.058,-28.9277],[149.058,-28.9277],[149.0815,-28.8748],[149.174,-28.8065],[149.3353,-28.7227],[149.4331,-28.6566],[149.4671,-28.6081],[149.5118,-28.5793],[149.5959,-28.5659],[149.6769,-28.6119],[149.8526,-28.6044],[150.1495,-28.5581],[150.3408,-28.5639],[150.4696,-28.6504],[150.7123,-28.6389],[150.8563,-28.6601],[150.9825,-28.71],[151.0496,-28.7582],[151.0578,-28.8048],[151.1181,-28.8513],[151.2308,-28.8976],[151.3029,-28.982],[151.3347,-29.1043],[151.3929,-29.1395],[151.4775,-29.0874],[151.5284,-29.0349],[151.554,-28.9553],[151.7298,-28.8873],[151.761,-28.9454],[151.8235,-28.9722],[151.8548,-28.9186],[151.9351,-28.9231],[152.0244,-28.8739],[152.0691,-28.7043],[152.0066,-28.6373],[151.9664,-28.5347],[152.1628,-28.4365],[152.2164,-28.4365],[152.2923,-28.3873],[152.4128,-28.3427],[152.4932,-28.2624],[152.5701,-28.3225],[152.6093,-28.2936],[152.7521,-28.3561],[152.8459,-28.3248],[153.1182,-28.3516],[153.1941,-28.2579],[153.3816,-28.2355],[153.5156,-28.1441]]}},{"type":"Feature","properties":{"name":null,"adm0_name":"Australia","adm0_a3":"AUS","min_zoom":2},"geometry":{"type":"LineString","coordinates":[[148.7699,-35.4945],[148.7744,-35.6374],[148.7923,-35.7088],[148.8503,-35.749],[148.8905,-35.7445],[148.8994,-35.8204],[148.9485,-35.8873],[149.0512,-35.9142],[149.1048,-35.8293],[149.0869,-35.6106],[149.1271,-35.5838],[149.1494,-35.5079],[149.1405,-35.4409],[149.1851,-35.3829],[149.2789,-35.3472],[149.3682,-35.3561],[149.4039,-35.3293],[149.2566,-35.2713],[149.1941,-35.2177],[149.1896,-35.1775],[149.1048,-35.1463],[148.828,-35.3115],[148.7699,-35.4945]]}},{"type":"Feature","properties":{"name":null,"adm0_name":"Australia","adm0_a3":"AUS","min_zoom":2},"geometry":{"type":"LineString","coordinates":[[141.0021,-28.999],[141.0256,-34.0432]]}},{"type":"Feature","properties":{"name":null,"adm0_name":"Australia","adm0_a3":"AUS","min_zoom":2},"geometry":{"type":"LineString","coordinates":[[149.9441,-37.5012],[148.2164,-36.8026],[148.1327,-36.7773],[148.1615,-36.7303],[148.1969,-36.625],[148.1465,-36.5458],[148.0341,-36.1809],[147.9748,-36.0457],[147.9313,-36.0186],[147.7625,-35.9558],[147.6742,-35.9536],[147.5912,-35.9823],[147.5382,-35.9838],[147.5017,-35.9586],[147.4581,-35.9545],[147.4073,-35.9712],[147.4073,-35.9712],[147.4071,-35.9713],[147.4069,-35.9715],[147.4067,-35.9718],[147.4063,-35.9721],[147.4059,-35.9725],[147.4054,-35.9729],[147.4049,-35.9734],[147.4042,-35.974],[147.4036,-35.9746],[147.4029,-35.9752],[147.4021,-35.9759],[147.4013,-35.9767],[147.4004,-35.9774],[147.3996,-35.9782],[147.3986,-35.9791],[147.3977,-35.9799],[147.3967,-35.9808],[147.3957,-35.9817],[147.3947,-35.9827],[147.3936,-35.9836],[147.3926,-35.9846],[147.3915,-35.9855],[147.3904,-35.9865],[147.3894,-35.9875],[147.3883,-35.9885],[147.3872,-35.9894],[147.3862,-35.9904],[147.3851,-35.9914],[147.3841,-35.9923],[147.383,-35.9933],[147.382,-35.9942],[147.3811,-35.9951],[147.3801,-35.9959],[147.3792,-35.9968],[147.3783,-35.9976],[147.3775,-35.9983],[147.3766,-35.9991],[147.3759,-35.9998],[147.3752,-36.0004],[147.3745,-36.001],[147.3739,-36.0016],[147.3734,-36.0021],[147.3729,-36.0025],[147.3725,-36.0029],[147.3721,-36.0032],[147.3718,-36.0035],[147.3716,-36.0036],[147.3715,-36.0038],[147.3715,-36.0038],[147.3715,-36.0038],[147.3505,-36.0522],[147.3231,-36.0689],[147.2718,-36.0491],[147.1572,-36.0355],[147.1,-36.0503],[147.0467,-36.1061],[146.8961,-36.1],[146.7463,-36.0613],[146.5896,-36.0048],[146.4703,-35.9936],[146.4029,-36.0331],[146.3246,-36.0537],[146.2164,-36.057],[146.0384,-36.0168],[145.8152,-35.9773],[145.6923,-35.931],[145.5882,-35.8631],[145.4323,-35.8347],[145.4321,-35.8347],[145.4313,-35.8347],[145.4301,-35.8348],[145.4285,-35.8349],[145.4265,-35.835],[145.424,-35.8351],[145.4212,-35.8352],[145.418,-35.8354],[145.4145,-35.8356],[145.4107,-35.8358],[145.4065,-35.836],[145.4021,-35.8363],[145.3974,-35.8365],[145.3925,-35.8368],[145.3874,-35.837],[145.3821,-35.8373],[145.3765,-35.8376],[145.3709,-35.8379],[145.3651,-35.8382],[145.3591,-35.8386],[145.3531,-35.8389],[145.347,-35.8392],[145.3408,-35.8395],[145.3346,-35.8399],[145.3284,-35.8402],[145.3221,-35.8405],[145.3159,-35.8409],[145.3097,-35.8412],[145.3036,-35.8415],[145.2976,-35.8418],[145.2917,-35.8421],[145.2859,-35.8425],[145.2802,-35.8428],[145.2747,-35.8431],[145.2693,-35.8433],[145.2642,-35.8436],[145.2593,-35.8439],[145.2546,-35.8441],[145.2502,-35.8444],[145.2461,-35.8446],[145.2422,-35.8448],[145.2387,-35.845],[145.2355,-35.8451],[145.2327,-35.8453],[145.2303,-35.8454],[145.2282,-35.8455],[145.2266,-35.8456],[145.2254,-35.8457],[145.2244,-35.8457],[145.2244,-35.8457],[145.2243,-35.8457],[145.2238,-35.8458],[145.223,-35.8459],[145.2219,-35.846],[145.2205,-35.8462],[145.2188,-35.8464],[145.2169,-35.8466],[145.2147,-35.8469],[145.2123,-35.8471],[145.2097,-35.8474],[145.2069,-35.8478],[145.2039,-35.8481],[145.2007,-35.8485],[145.1974,-35.8489],[145.1939,-35.8493],[145.1903,-35.8497],[145.1865,-35.8501],[145.1827,-35.8506],[145.1787,-35.851],[145.1747,-35.8515],[145.1706,-35.852],[145.1664,-35.8524],[145.1622,-35.8529],[145.158,-35.8534],[145.1538,-35.8539],[145.1495,-35.8544],[145.1453,-35.8549],[145.1411,-35.8554],[145.1369,-35.8559],[145.1328,-35.8563],[145.1288,-35.8568],[145.1249,-35.8573],[145.121,-35.8577],[145.1172,-35.8581],[145.1136,-35.8586],[145.1101,-35.859],[145.1068,-35.8594],[145.1036,-35.8597],[145.1006,-35.8601],[145.0978,-35.8604],[145.0952,-35.8607],[145.0928,-35.861],[145.0906,-35.8612],[145.0887,-35.8614],[145.087,-35.8616],[145.0856,-35.8618],[145.0845,-35.8619],[145.0837,-35.862],[145.0831,-35.8621],[145.0831,-35.8621],[145.0831,-35.8621],[145.0083,-35.8839],[144.9616,-35.9225],[144.9429,-35.9779],[144.944,-36.0285],[144.9648,-36.0746],[144.9164,-36.1069],[144.7992,-36.1256],[144.6684,-36.088],[144.5243,-35.9941],[144.4275,-35.9047],[144.3782,-35.8204],[144.2897,-35.7298],[144.1631,-35.6345],[143.9713,-35.5283],[143.7142,-35.4114],[143.5846,-35.327],[143.5836,-35.2791],[143.5404,-35.2341],[143.4588,-35.2034],[143.4045,-35.1679],[143.3773,-35.1274],[143.3628,-35.032],[143.361,-34.8815],[143.3255,-34.788],[143.2212,-34.7332],[142.965,-34.6914],[142.8575,-34.6551],[142.8123,-34.6066],[142.7737,-34.5876],[142.7418,-34.598],[142.705,-34.6493],[142.6634,-34.7415],[142.6188,-34.7835],[142.5714,-34.7751],[142.5071,-34.7115],[142.426,-34.5928],[142.3881,-34.4846],[142.3935,-34.3869],[142.3734,-34.3328],[142.3277,-34.3224],[142.2874,-34.2859],[142.2523,-34.2233],[142.1578,-34.1732],[141.9264,-34.1168],[141.7609,-34.1117],[141.6658,-34.1372],[141.5859,-34.1915],[141.4698,-34.183],[141.3176,-34.1117],[141.1925,-34.0726],[141.0944,-34.0657],[141.0256,-34.0432],[140.9969,-34.0155]]}},{"type":"Feature","properties":{"name":null,"adm0_name":"Australia","adm0_a3":"AUS","min_zoom":2},"geometry":{"type":"LineString","coordinates":[[150.7054,-35.12],[150.636,-35.1463],[150.6118,-35.19]]}},{"type":"Feature","properties":{"name":null,"adm0_name":"Brazil","adm0_a3":"BRA","min_zoom":3},"geometry":{"type":"LineString","coordinates":[[-66.8287,-9.8382],[-66.6277,-9.9253]]}},{"type":"Feature","properties":{"name":null,"adm0_name":"United States of America","adm0_a3":"USA","min_zoom":2},"geometry":{"type":"LineString","coordinates":[[-84.3247,34.9881],[-84.287,35.2008],[-84.2611,35.2496],[-84.2325,35.2606],[-84.1286,35.2614],[-84.0623,35.286],[-84.0037,35.4141],[-83.8713,35.5149],[-83.8117,35.5403],[-83.7227,35.5599],[-83.5111,35.5841],[-83.2842,35.6821],[-83.1204,35.7746],[-82.9902,35.8004],[-82.9495,35.8345],[-82.9203,35.8789],[-82.9019,35.9392],[-82.8877,35.9517],[-82.8128,35.9474],[-82.7556,35.9999],[-82.7001,36.0298],[-82.6449,36.0468],[-82.6111,36.0474],[-82.5981,36.0316],[-82.5888,35.987],[-82.5768,35.9723],[-82.5534,35.971],[-82.5211,35.9812],[-82.4784,36.0101],[-82.3682,36.0995],[-82.2949,36.134],[-82.1825,36.1538],[-82.1006,36.1065],[-82.0514,36.1229],[-81.9082,36.3064],[-81.8512,36.3397],[-81.8083,36.3527],[-81.7341,36.3555],[-81.7333,36.4059],[-81.7076,36.482],[-81.7044,36.534],[-81.6589,36.6106]]}},{"type":"Feature","properties":{"name":null,"adm0_name":"United States of America","adm0_a3":"USA","min_zoom":2},"geometry":{"type":"LineString","coordinates":[[-74.6991,41.3573],[-74.7778,41.3251],[-74.8125,41.3015],[-74.8414,41.2686],[-74.9123,41.1553],[-75.0315,41.0518],[-75.123,40.999],[-75.1227,40.9718],[-75.0749,40.8845],[-75.0756,40.8563],[-75.1118,40.8021],[-75.1747,40.7755],[-75.1857,40.7438],[-75.1923,40.6899],[-75.189,40.5958],[-75.1705,40.5768],[-75.0974,40.5431],[-75.034,40.4204],[-74.9764,40.4058],[-74.7349,40.1545],[-74.9093,40.0795],[-75.0235,40.0174],[-75.0742,39.9835]]}},{"type":"Feature","properties":{"name":null,"adm0_name":"United States of America","adm0_a3":"USA","min_zoom":2},"geometry":{"type":"LineString","coordinates":[[-71.5175,45.0076],[-71.5335,44.988],[-71.5102,44.9083],[-71.6207,44.7719],[-71.6183,44.7278],[-71.5684,44.6076],[-71.5715,44.5792],[-71.5878,44.5653],[-71.6093,44.5141],[-71.6382,44.4817],[-71.683,44.4503],[-71.8255,44.3741],[-71.8677,44.3549],[-72.0018,44.3295],[-72.0312,44.3007],[-72.0622,44.1163],[-72.1062,44.0131],[-72.1149,43.9654],[-72.1739,43.8841],[-72.2224,43.7909],[-72.2967,43.715],[-72.3377,43.622],[-72.3624,43.5866],[-72.385,43.5292],[-72.4071,43.332],[-72.4382,43.2246],[-72.4737,43.0385],[-72.4965,42.9917],[-72.5194,42.9667],[-72.5498,42.8867],[-72.5528,42.8564],[-72.5396,42.8296],[-72.4837,42.7662],[-72.4669,42.7303]]}},{"type":"Feature","properties":{"name":null,"adm0_name":"United States of America","adm0_a3":"USA","min_zoom":2},"geometry":{"type":"LineString","coordinates":[[-82.589,38.4198],[-82.5895,38.4203],[-82.5995,38.4323]]}},{"type":"Feature","properties":{"name":null,"adm0_name":"United States of America","adm0_a3":"USA","min_zoom":2},"geometry":{"type":"LineString","coordinates":[[-82.6128,38.4482],[-82.5895,38.4203]]}},{"type":"Feature","properties":{"name":null,"adm0_name":"United States of America","adm0_a3":"USA","min_zoom":2},"geometry":{"type":"LineString","coordinates":[[-81.9653,37.5397],[-82.1035,37.5706],[-82.2802,37.6872],[-82.3939,37.8283],[-82.4299,37.8942],[-82.4719,37.9384],[-82.4822,37.9836],[-82.5888,38.0997],[-82.6177,38.1499],[-82.6195,38.182],[-82.5854,38.2427],[-82.5784,38.2721],[-82.5895,38.4203],[-82.5895,38.4203]]}},{"type":"Feature","properties":{"name":null,"adm0_name":"United States of America","adm0_a3":"USA","min_zoom":2},"geometry":{"type":"LineString","coordinates":[[-81.9653,37.5397],[-82.3432,37.2969],[-82.5165,37.2088],[-82.6816,37.1381],[-82.6949,37.1262],[-82.7319,37.0481],[-82.832,36.9793],[-82.8945,36.9064],[-83.0438,36.8456],[-83.1502,36.7623],[-83.4169,36.681],[-83.5662,36.6526],[-83.6675,36.605]]}},{"type":"Feature","properties":{"name":null,"adm0_name":"United States of America","adm0_a3":"USA","min_zoom":2},"geometry":{"type":"LineString","coordinates":[[-89.7353,31.0012],[-89.7649,30.8861],[-89.8354,30.7308],[-89.8381,30.6904],[-89.8197,30.6399],[-89.82,30.6112],[-89.794,30.5689],[-89.7366,30.5266],[-89.6858,30.4627],[-89.6408,30.3489],[-89.629,30.2962],[-89.5917,30.223],[-89.5725,30.2092],[-89.5451,30.2007],[-89.5209,30.1926]]}},{"type":"Feature","properties":{"name":null,"adm0_name":"United States of America","adm0_a3":"USA","min_zoom":2},"geometry":{"type":"LineString","coordinates":[[-96.5564,45.9428],[-96.5705,46.0192],[-96.5608,46.1382],[-96.5919,46.2275],[-96.5986,46.2719],[-96.6174,46.3271],[-96.7309,46.4728],[-96.7582,46.5903],[-96.7866,46.6482],[-96.796,46.7971],[-96.7928,46.839],[-96.7701,46.9197],[-96.8183,46.9741],[-96.8253,47.0189],[-96.8475,47.3733],[-96.8629,47.4239],[-96.8587,47.5883],[-96.9463,47.7615],[-96.988,47.8203],[-97.009,47.8915],[-97.0074,47.9256],[-97.0785,48.0434],[-97.1259,48.1734],[-97.1216,48.286],[-97.1368,48.3712],[-97.131,48.4374],[-97.144,48.5368],[-97.1291,48.5934],[-97.128,48.6811],[-97.226,48.9941]]}},{"type":"Feature","properties":{"name":null,"adm0_name":"United States of America","adm0_a3":"USA","min_zoom":2},"geometry":{"type":"LineString","coordinates":[[-94.0473,33.5544],[-94.0988,33.5773],[-94.1915,33.589],[-94.2385,33.5812],[-94.2947,33.5875],[-94.3326,33.565],[-94.3577,33.561],[-94.378,33.5661],[-94.3901,33.5856],[-94.432,33.5997],[-94.4841,33.6484]]}},{"type":"Feature","properties":{"name":null,"adm0_name":"United States of America","adm0_a3":"USA","min_zoom":2},"geometry":{"type":"LineString","coordinates":[[-75.421,39.8154],[-75.5104,39.8434],[-75.6346,39.8395],[-75.6768,39.8272],[-75.7091,39.8029],[-75.7847,39.7224]]}},{"type":"Feature","properties":{"name":null,"adm0_name":"United States of America","adm0_a3":"USA","min_zoom":2},"geometry":{"type":"LineString","coordinates":[[-81.0873,35.1557],[-81.0566,35.1455],[-81.0469,35.1311],[-81.0512,35.089],[-81.0452,35.0656]]}},{"type":"Feature","properties":{"name":null,"adm0_name":"United States of America","adm0_a3":"USA","min_zoom":2},"geometry":{"type":"LineString","coordinates":[[-82.7775,35.0866],[-82.744,35.0841],[-82.6515,35.128],[-82.464,35.178],[-82.3925,35.2109],[-82.3561,35.2016]]}},{"type":"Feature","properties":{"name":null,"adm0_name":"Canada","adm0_a3":"CAN","min_zoom":2},"geometry":{"type":"LineString","coordinates":[[-120,60.0011],[-120.0001,59.6163],[-120.0001,59.2314],[-120.0002,58.8466],[-120.0002,58.4618],[-120.0003,58.0769],[-120.0004,57.6921],[-120.0004,57.3073],[-120.0005,56.9224],[-120.0006,56.5376],[-120.0006,56.1528],[-120.0007,55.768],[-120.0008,55.3831],[-120.0008,54.9983],[-120.0009,54.6135],[-120.001,54.2286],[-120.001,53.8438],[-119.9727,53.7971],[-119.9172,53.7699],[-119.9044,53.723],[-119.8846,53.7079],[-119.8116,53.6988],[-119.7348,53.6337],[-119.7431,53.615],[-119.887,53.6147],[-119.9182,53.6122],[-119.9208,53.6023],[-119.8961,53.5667],[-119.8938,53.5156],[-119.8551,53.5086],[-119.8196,53.491],[-119.7233,53.3998],[-119.6801,53.3706],[-119.6477,53.363],[-119.5924,53.3725],[-119.4349,53.3616],[-119.3998,53.3525],[-119.3088,53.2419],[-119.2611,53.2095],[-119.0455,53.1438],[-119.0221,53.1394],[-119.0161,53.2044],[-118.9925,53.2356],[-118.9144,53.2117],[-118.8037,53.1534],[-118.7736,53.1216],[-118.7664,53.0654],[-118.7315,53.0578],[-118.6784,53.0259],[-118.6682,52.9717],[-118.6307,52.9094],[-118.6055,52.8951],[-118.5019,52.8884],[-118.4769,52.8785],[-118.4284,52.8355],[-118.4129,52.7842],[-118.3579,52.7419],[-118.3302,52.7088],[-118.3193,52.6745],[-118.3503,52.6235],[-118.2884,52.5623],[-118.2663,52.5183],[-118.225,52.4827],[-118.2467,52.4408],[-118.2428,52.4089],[-118.221,52.3861],[-118.1913,52.3841],[-118.0601,52.4127],[-118.0443,52.4274],[-118.0286,52.4659],[-118.002,52.4859],[-117.8831,52.4302],[-117.7576,52.3946],[-117.7317,52.3832],[-117.7346,52.3526],[-117.8218,52.2722],[-117.7878,52.2325],[-117.7506,52.2077],[-117.5873,52.1417],[-117.3849,52.1444],[-117.3476,52.1591],[-117.3201,52.156],[-117.2446,52.0471],[-117.077,51.9264],[-117.0371,51.8859],[-116.9387,51.7358],[-116.9128,51.7138],[-116.8299,51.7152],[-116.8147,51.7219],[-116.8082,51.7526],[-116.7908,51.771],[-116.7582,51.7885],[-116.7177,51.7999],[-116.674,51.7907],[-116.6339,51.7585],[-116.5673,51.6507],[-116.5017,51.6148],[-116.4577,51.5737],[-116.4108,51.5437],[-116.3771,51.4973],[-116.31,51.4478],[-116.2788,51.3478],[-116.2503,51.3227],[-116.1763,51.297],[-116.1349,51.2662],[-116.0544,51.2369],[-116.0419,51.23],[-116.035,51.2176],[-116.0135,51.1507],[-115.9976,51.1295],[-115.9404,51.1021],[-115.7938,51.0704],[-115.6189,50.9623],[-115.5962,50.9363],[-115.588,50.9092],[-115.6399,50.8692],[-115.6339,50.8552],[-115.4331,50.7564],[-115.3987,50.7314],[-115.3862,50.7265],[-115.3755,50.727],[-115.3598,50.7286],[-115.3465,50.7289],[-115.335,50.7196],[-115.311,50.6969],[-115.2984,50.6735],[-115.3076,50.6558],[-115.311,50.6421],[-115.3054,50.6346],[-115.2666,50.5942],[-115.2221,50.5626],[-115.206,50.5537],[-115.1887,50.5572],[-115.1277,50.5849],[-115.0912,50.5848],[-115.0479,50.577],[-114.9928,50.545],[-114.7891,50.3591],[-114.7164,50.1293],[-114.6677,50.061],[-114.652,50.0196],[-114.6514,49.9853],[-114.6779,49.9547],[-114.6849,49.9343],[-114.6376,49.7968],[-114.6428,49.7303],[-114.686,49.6431],[-114.7373,49.6038],[-114.734,49.5872],[-114.7167,49.5685],[-114.6809,49.5555],[-114.6015,49.5505],[-114.5775,49.5436],[-114.5763,49.5187],[-114.5901,49.4517],[-114.588,49.4203],[-114.5652,49.3939],[-114.4796,49.3334],[-114.4259,49.2744],[-114.3862,49.252],[-114.3782,49.2323],[-114.3548,49.2107],[-114.1898,49.1681],[-114.1637,49.1468],[-114.1325,49.0941],[-114.0575,49.038],[-114.0506,49.0146],[-114.0625,48.9931]]}},{"type":"Feature","properties":{"name":null,"adm0_name":"Canada","adm0_a3":"CAN","min_zoom":2},"geometry":{"type":"LineString","coordinates":[[-123.8192,60.0011],[-123.8421,60.0202],[-123.8795,60.0397],[-123.9937,60.0405],[-124.0108,60.0461],[-124.0131,60.0601],[-123.9923,60.0992],[-123.9974,60.1266],[-124.1033,60.2253],[-124.1847,60.321],[-124.2045,60.3529],[-124.2255,60.4528],[-124.2493,60.4735],[-124.4028,60.4941],[-124.4692,60.5672],[-124.5994,60.6621],[-124.6113,60.6822],[-124.6112,60.7012],[-124.505,60.7885],[-124.5065,60.8223],[-124.5826,60.9528],[-124.6157,60.9604],[-124.8065,60.9611],[-124.8373,60.9482],[-124.8596,60.9241],[-124.8805,60.8603],[-125.1516,60.8444],[-125.2297,60.8262],[-125.3225,60.7924],[-125.3787,60.7917],[-125.7069,60.8405],[-125.8638,60.89],[-125.8992,60.8902],[-125.9314,60.8826],[-125.9571,60.8651],[-126.0032,60.8088],[-126.0642,60.816],[-126.0986,60.8289],[-126.1146,60.8634],[-126.1615,60.8659],[-126.2228,60.8558],[-126.2346,60.8436],[-126.2347,60.8089],[-126.2551,60.7938],[-126.2969,60.7845],[-126.3505,60.7805],[-126.5201,60.8003],[-126.6652,60.7623],[-126.7674,60.7749],[-126.8324,60.7641],[-126.8593,60.7694],[-126.8897,60.7956],[-126.8881,60.8331],[-126.9116,60.8596],[-126.9181,60.8842],[-126.9085,60.9501],[-126.9442,61.0524],[-126.9637,61.0635],[-127.0546,61.0512],[-127.0929,61.0705],[-127.0965,61.0814],[-127.0821,61.0937],[-127.0268,61.1265],[-127.0148,61.1978],[-127.0213,61.2368],[-127.0725,61.3696],[-127.1161,61.4041],[-127.1666,61.4645],[-127.2293,61.4944],[-127.2994,61.5122],[-127.4681,61.5105],[-127.6087,61.5329],[-127.6565,61.5522],[-127.713,61.5882],[-127.8072,61.6187],[-127.9936,61.7112],[-128.0194,61.7796],[-128.0466,61.8134],[-128.0938,61.8413],[-128.2063,61.8653],[-128.2321,61.8836],[-128.2584,61.9277],[-128.3662,61.9909],[-128.4001,62.0337],[-128.5608,62.1169],[-128.6158,62.1221],[-128.6785,62.1123],[-128.7755,62.0689],[-128.8139,62.0638],[-128.8409,62.073],[-128.8798,62.111],[-128.9074,62.119],[-129.0138,62.1317],[-129.1362,62.1255],[-129.2089,62.1357],[-129.2547,62.1528],[-129.269,62.1663],[-129.2616,62.1838],[-129.2395,62.202],[-129.2328,62.2198],[-129.2439,62.2364],[-129.2934,62.2942],[-129.291,62.3223],[-129.2393,62.3732],[-129.2491,62.3885],[-129.2936,62.4112],[-129.2963,62.4253],[-129.2871,62.4412],[-129.1996,62.47],[-129.1894,62.4903],[-129.2111,62.5134],[-129.4491,62.5801],[-129.4903,62.5987],[-129.4947,62.6191],[-129.5253,62.6735],[-129.544,62.688],[-129.62,62.7122],[-129.6363,62.7283],[-129.6424,62.7564],[-129.6583,62.7765],[-129.7187,62.8317],[-129.7289,62.8649],[-129.7144,62.8948],[-129.7139,62.9306],[-129.6175,63.0373],[-129.6118,63.0587],[-129.6298,63.0683],[-129.7344,63.0701],[-129.8275,63.0918],[-129.8703,63.1569],[-129.9057,63.1874],[-129.9787,63.2158],[-130.0597,63.2612],[-130.1336,63.2765],[-130.1398,63.2933],[-130.1017,63.3188],[-129.9483,63.3757],[-129.9053,63.4058],[-129.8449,63.4858],[-129.8551,63.5217],[-129.8878,63.5548],[-129.9455,63.5864],[-129.976,63.6157],[-130.063,63.6356],[-130.0817,63.6502],[-130.0977,63.6791],[-130.1107,63.695],[-130.1417,63.6976],[-130.2436,63.6783],[-130.285,63.6859],[-130.3026,63.7037],[-130.2984,63.721],[-130.2596,63.7374],[-130.1451,63.7618],[-130.1208,63.7731],[-130.1179,63.7934],[-130.1396,63.8078],[-130.2826,63.8226],[-130.3636,63.8502],[-130.5129,63.9201],[-130.6606,63.9505],[-130.7577,63.993],[-130.7919,64.0305],[-130.8467,64.0488],[-130.872,64.0806],[-130.9297,64.1255],[-130.9413,64.1405],[-130.913,64.1676],[-130.9133,64.1925],[-130.9308,64.2192],[-130.9817,64.2595],[-131.0121,64.2728],[-131.0261,64.2981],[-131.0218,64.3244],[-131.1067,64.4009],[-131.2651,64.447],[-131.3588,64.4585],[-131.3993,64.4514],[-131.4496,64.416],[-131.5128,64.3934],[-131.5859,64.3803],[-131.7637,64.3805],[-131.7968,64.3879],[-131.8028,64.4066],[-131.7904,64.426],[-131.7303,64.4889],[-131.716,64.515],[-131.729,64.5338],[-131.7523,64.5449],[-131.8932,64.5772],[-132.0522,64.6842],[-132.1063,64.7021],[-132.3207,64.7627],[-132.4017,64.7774],[-132.5537,64.7802],[-132.5881,64.7941],[-132.5997,64.8086],[-132.6011,64.8259],[-132.5838,64.8418],[-132.5048,64.8837],[-132.4974,64.9127],[-132.497,64.9575],[-132.481,64.9702],[-132.3809,65.0217],[-132.3538,65.0385],[-132.3526,65.0572],[-132.3813,65.0751],[-132.5161,65.0942],[-132.5383,65.1091],[-132.5401,65.1701],[-132.5794,65.1846],[-132.6099,65.1814],[-132.7081,65.1672],[-132.7518,65.1732],[-132.7681,65.1848],[-132.7732,65.2034],[-132.7625,65.225],[-132.5969,65.2802],[-132.5664,65.3003],[-132.5417,65.3408],[-132.3459,65.4434],[-132.2678,65.5377],[-132.1947,65.5977],[-132.1962,65.6277],[-132.2953,65.7161],[-132.3778,65.7667],[-132.489,65.8196],[-132.5332,65.8339],[-132.5548,65.857],[-132.539,65.8861],[-132.3408,65.9552],[-132.3427,65.979],[-132.3709,65.9936],[-132.4834,65.989],[-132.5772,66.0238],[-132.6143,66.0292],[-132.7136,65.9978],[-132.7662,65.9712],[-132.8213,65.928],[-132.9025,65.9135],[-132.948,65.9168],[-132.9678,65.9337],[-132.9396,65.9764],[-132.9165,66.0017],[-132.9179,66.0176],[-132.938,66.0287],[-133.0415,66.0276],[-133.2291,66.0061],[-133.4121,65.956],[-133.4997,65.9555],[-133.5889,65.9626],[-133.6216,65.9746],[-133.6238,66.0103],[-133.6454,66.0494],[-133.6757,66.074],[-133.6772,66.0956],[-133.6598,66.1116],[-133.5938,66.1499],[-133.5687,66.1766],[-133.567,66.2084],[-133.5712,66.2487],[-133.5832,66.2851],[-133.6121,66.2952],[-133.6511,66.3003],[-133.7596,66.3035],[-133.7902,66.3044],[-133.8001,66.3256],[-133.7901,66.3481],[-133.7596,66.416],[-133.7394,66.4398],[-133.706,66.4443],[-133.6743,66.4459],[-133.654,66.4528],[-133.652,66.4725],[-133.6584,66.5093],[-133.6493,66.5363],[-133.6352,66.5656],[-133.6518,66.5861],[-133.7256,66.6313],[-133.7639,66.651],[-133.7686,66.6694],[-133.7707,66.6844],[-133.799,66.7111],[-133.8059,66.7334],[-133.7975,66.7525],[-133.7827,66.7855],[-133.7942,66.8186],[-133.8475,66.8617],[-133.9239,66.903],[-134.0313,66.944],[-134.0534,66.9727],[-134.0556,67.0045],[-134.118,67.0045],[-134.4049,67.0045],[-134.6917,67.0045],[-134.9786,67.0046],[-135.2655,67.0046],[-135.5523,67.0046],[-135.8392,67.0047],[-136.1261,67.0047],[-136.1693,67.0152],[-136.1946,67.0362],[-136.2232,67.0883],[-136.2238,67.1349],[-136.2205,67.1631],[-136.218,67.1812],[-136.1502,67.2263],[-136.1078,67.2876],[-136.1052,67.3042],[-136.1285,67.3541],[-136.1409,67.3753],[-136.1585,67.3937],[-136.1776,67.4226],[-136.1779,67.45],[-136.1693,67.5142],[-136.2079,67.5769],[-136.2333,67.6003],[-136.2648,67.616],[-136.4007,67.6659],[-136.4344,67.7025],[-136.4454,67.7466],[-136.4453,68.0377],[-136.4452,68.3288],[-136.4451,68.6199],[-136.4438,68.8951]]}},{"type":"Feature","properties":{"name":null,"adm0_name":"Canada","adm0_a3":"CAN","min_zoom":2},"geometry":{"type":"LineString","coordinates":[[-68.3792,47.589],[-68.3937,47.5631],[-68.4296,47.5282],[-68.496,47.4803],[-68.6285,47.4207],[-69.0537,47.2946]]}},{"type":"Feature","properties":{"name":null,"adm0_name":"Canada","adm0_a3":"CAN","min_zoom":2},"geometry":{"type":"LineString","coordinates":[[-67.6129,47.9986],[-67.6095,47.9688],[-67.579,47.9395],[-67.3649,47.8548],[-67.3071,47.8872],[-67.1872,47.8941],[-67.0576,47.9186],[-66.9518,47.8994],[-66.925,47.9635],[-66.8427,47.9979],[-66.7044,48.0224]]}},{"type":"Feature","properties":{"name":null,"adm0_name":"United States of America","adm0_a3":"USA","min_zoom":2},"geometry":{"type":"LineString","coordinates":[[-120.0008,42.0006],[-120.2645,42.0006],[-120.5281,42.0006],[-120.7918,42.0006],[-121.0554,42.0006],[-121.3191,42.0006],[-121.5827,42.0006],[-121.8464,42.0006],[-122.1101,42.0006],[-122.3737,42.0006],[-122.6374,42.0006],[-122.901,42.0006],[-123.1647,42.0006],[-123.4284,42.0006],[-123.692,42.0006],[-123.9557,42.0006],[-124.2284,42.0008]]}},{"type":"Feature","properties":{"name":null,"adm0_name":"United States of America","adm0_a3":"USA","min_zoom":2},"geometry":{"type":"LineString","coordinates":[[-111.0514,44.4989],[-111.1172,44.5253],[-111.1609,44.5558],[-111.1976,44.5906],[-111.2651,44.6876],[-111.3041,44.7233],[-111.3375,44.7448],[-111.3725,44.7462],[-111.4156,44.7336],[-111.4481,44.7111],[-111.4591,44.671],[-111.491,44.6242],[-111.4888,44.5845],[-111.4745,44.5646],[-111.4793,44.5537],[-111.4999,44.5448],[-111.6593,44.5596],[-111.7971,44.5399],[-111.8921,44.5549],[-112.0742,44.5476],[-112.2313,44.5607],[-112.2851,44.5539],[-112.32,44.5332],[-112.3639,44.4796],[-112.3754,44.47],[-112.3928,44.468],[-112.6482,44.4971],[-112.7159,44.498],[-112.7871,44.4631],[-112.8102,44.4382],[-112.8155,44.406],[-112.8314,44.3966],[-112.8539,44.3983],[-112.9104,44.4193],[-112.9701,44.4545],[-112.9997,44.4804],[-113.0064,44.5391],[-113.0543,44.6052],[-113.0627,44.6651],[-113.0933,44.7153],[-113.1407,44.7655],[-113.1872,44.7986],[-113.2343,44.8099],[-113.3204,44.8025],[-113.3389,44.8081],[-113.4321,44.8742],[-113.4608,44.9036],[-113.4693,44.93],[-113.4381,44.994],[-113.4471,45.0291],[-113.4711,45.0729],[-113.5036,45.1093],[-113.5574,45.1404],[-113.6066,45.2091],[-113.6971,45.305],[-113.7219,45.3793],[-113.7561,45.4408],[-113.7661,45.5025],[-113.7996,45.5402],[-113.7966,45.5877],[-113.8023,45.6011],[-113.8128,45.607],[-113.8729,45.6335],[-113.9427,45.6815],[-113.9778,45.6924],[-113.9919,45.693],[-114.0007,45.6806],[-114.0064,45.6585],[-114.1166,45.5791],[-114.2102,45.5424],[-114.2561,45.5056],[-114.2976,45.4876],[-114.3192,45.4857],[-114.3506,45.4971],[-114.4484,45.5513],[-114.5292,45.5757],[-114.5373,45.5874],[-114.5326,45.633],[-114.4958,45.6858],[-114.5337,45.782],[-114.5225,45.8151],[-114.4926,45.8387],[-114.4051,45.8743],[-114.3968,45.8909],[-114.4159,45.9822],[-114.4648,46.0164],[-114.4783,46.0356],[-114.4636,46.1098],[-114.4854,46.1582],[-114.4466,46.1993],[-114.4442,46.2707],[-114.4127,46.3436],[-114.3802,46.453],[-114.387,46.5],[-114.3458,46.5506],[-114.3321,46.6014],[-114.3301,46.6376],[-114.3369,46.6592],[-114.3509,46.6676],[-114.3809,46.6676],[-114.5187,46.6477],[-114.563,46.6504],[-114.6015,46.6603],[-114.624,46.6776],[-114.6306,46.7186],[-114.6616,46.7455],[-114.678,46.7502],[-114.7403,46.7336],[-114.7537,46.7346],[-114.7607,46.7423],[-114.7861,46.7768],[-114.8869,46.8449],[-114.9357,46.9228],[-115.0335,46.9909],[-115.1266,47.0846],[-115.3067,47.2312],[-115.3495,47.2612],[-115.486,47.3116],[-115.5933,47.3849],[-115.7025,47.4376],[-115.7133,47.4467],[-115.7145,47.4523],[-115.708,47.4568],[-115.6769,47.4706],[-115.6697,47.4979],[-115.7109,47.5526],[-115.6909,47.6067],[-115.7184,47.6815],[-115.7338,47.7063],[-115.8112,47.776],[-115.8621,47.8424],[-115.9414,47.9041],[-116.049,48.0047],[-116.0488,48.252],[-116.0486,48.4993],[-116.0484,48.7466],[-116.0485,48.9931]]}},{"type":"Feature","properties":{"name":null,"adm0_name":"United States of America","adm0_a3":"USA","min_zoom":2},"geometry":{"type":"LineString","coordinates":[[-111.0514,44.4989],[-111.0514,44.3428],[-111.0513,44.1867],[-111.0512,44.0305],[-111.0511,43.8744],[-111.0511,43.7183],[-111.051,43.5621],[-111.0509,43.406],[-111.0509,43.2499],[-111.0508,43.0938],[-111.0507,42.9376],[-111.0507,42.7815],[-111.0506,42.6254],[-111.0505,42.4692],[-111.0504,42.3131],[-111.0504,42.157],[-111.0503,42.0009]]}},{"type":"Feature","properties":{"name":null,"adm0_name":"United States of America","adm0_a3":"USA","min_zoom":2},"geometry":{"type":"LineString","coordinates":[[-111.0514,44.4989],[-111.0513,44.6245],[-111.0511,44.75],[-111.051,44.8755],[-111.0509,45.0011],[-110.8317,45.0011],[-110.6125,45.0011],[-110.3933,45.0011],[-110.1742,45.0011],[-109.955,45.0011],[-109.7358,45.0011],[-109.5166,45.0011],[-109.2975,45.0011],[-109.0783,45.0011],[-108.8591,45.0011],[-108.6399,45.0011],[-108.4207,45.0011],[-108.2016,45.0011],[-107.9824,45.0011],[-107.7632,45.0011],[-107.544,45.0011],[-107.3249,45.0011],[-107.1057,45.0011],[-106.8865,45.0011],[-106.6673,45.0011],[-106.4482,45.0011],[-106.229,45.0011],[-106.0098,45.0011],[-105.7906,45.0011],[-105.5715,45.0011],[-105.3523,45.0011],[-105.1331,45.0011],[-104.9139,45.0011],[-104.6947,45.0011],[-104.4756,45.0011],[-104.2564,45.0011],[-104.0372,45.0011]]}},{"type":"Feature","properties":{"name":null,"adm0_name":"United States of America","adm0_a3":"USA","min_zoom":2},"geometry":{"type":"LineString","coordinates":[[-117.0167,42.0006],[-117.3897,42.0006],[-117.7627,42.0006],[-118.1357,42.0006],[-118.5088,42.0006],[-118.8818,42.0006],[-119.2548,42.0006],[-119.6278,42.0006],[-120.0008,42.0006]]}},{"type":"Feature","properties":{"name":null,"adm0_name":"United States of America","adm0_a3":"USA","min_zoom":2},"geometry":{"type":"LineString","coordinates":[[-117.0167,42.0006],[-116.6449,42.0006],[-116.2732,42.0007],[-115.9014,42.0008],[-115.5296,42.0008],[-115.1579,42.0009],[-114.7861,42.001],[-114.4144,42.0011],[-114.0426,42.0011]]}},{"type":"Feature","properties":{"name":null,"adm0_name":"United States of America","adm0_a3":"USA","min_zoom":2},"geometry":{"type":"LineString","coordinates":[[-111.0503,42.0009],[-111.2373,42.0009],[-111.4243,42.0009],[-111.6113,42.0009],[-111.7984,42.001],[-111.9854,42.001],[-112.1724,42.001],[-112.3594,42.001],[-112.5464,42.001],[-112.7335,42.001],[-112.9205,42.001],[-113.1075,42.0011],[-113.2945,42.0011],[-113.4815,42.0011],[-113.6685,42.0011],[-113.8556,42.0011],[-114.0426,42.0011]]}},{"type":"Feature","properties":{"name":null,"adm0_name":"United States of America","adm0_a3":"USA","min_zoom":2},"geometry":{"type":"LineString","coordinates":[[-111.0503,42.0009],[-111.0502,41.8759],[-111.0502,41.7509],[-111.0502,41.6259],[-111.0501,41.5009],[-111.0501,41.3759],[-111.0501,41.2509],[-111.05,41.1259],[-111.05,41.0009],[-110.7995,41.0009],[-110.5491,41.0009],[-110.2986,41.0009],[-110.0482,41.0009],[-109.7977,41.0009],[-109.5473,41.0009],[-109.2968,41.0009],[-109.0464,41.0009]]}},{"type":"Feature","properties":{"name":null,"adm0_name":"United States of America","adm0_a3":"USA","min_zoom":2},"geometry":{"type":"LineString","coordinates":[[-114.0426,42.0011],[-114.0425,41.8449],[-114.0425,41.6888],[-114.0424,41.5327],[-114.0423,41.3765],[-114.0422,41.2203],[-114.0422,41.0642],[-114.0421,40.908],[-114.042,40.7519],[-114.0419,40.5957],[-114.0418,40.4396],[-114.0418,40.2834],[-114.0417,40.1273],[-114.0416,39.9711],[-114.0416,39.8149],[-114.0415,39.6588],[-114.0414,39.5026],[-114.0414,39.3465],[-114.0413,39.1903],[-114.0412,39.0342],[-114.0411,38.878],[-114.0411,38.7218],[-114.041,38.5657],[-114.0409,38.4095],[-114.0409,38.2534],[-114.0408,38.0972],[-114.0407,37.9411],[-114.0406,37.7849],[-114.0406,37.6288],[-114.0405,37.4726],[-114.0404,37.3165],[-114.0403,37.1603],[-114.0403,37.0042]]}},{"type":"Feature","properties":{"name":null,"adm0_name":"United States of America","adm0_a3":"USA","min_zoom":2},"geometry":{"type":"LineString","coordinates":[[-114.0403,37.0042],[-113.7282,37.0039],[-113.4161,37.0037],[-113.104,37.0035],[-112.7919,37.0033],[-112.4798,37.0031],[-112.1677,37.0029],[-111.8556,37.0027],[-111.5435,37.0025],[-111.2314,37.0023],[-110.9193,37.0021],[-110.6072,37.0019],[-110.2951,37.0017],[-109.983,37.0015],[-109.6709,37.0013],[-109.3588,37.0011],[-109.0467,37.0008]]}},{"type":"Feature","properties":{"name":null,"adm0_name":"United States of America","adm0_a3":"USA","min_zoom":2},"geometry":{"type":"LineString","coordinates":[[-109.0467,37.0008],[-109.0467,36.6463],[-109.0467,36.2918],[-109.0468,35.9373],[-109.0469,35.5828],[-109.0469,35.2283],[-109.047,34.8738],[-109.047,34.5193],[-109.0471,34.1648],[-109.0471,33.8103],[-109.0472,33.4558],[-109.0472,33.1013],[-109.0473,32.7468],[-109.0473,32.3922],[-109.0474,32.0377],[-109.0474,31.6832],[-109.0478,31.3279]]}},{"type":"Feature","properties":{"name":null,"adm0_name":"United States of America","adm0_a3":"USA","min_zoom":2},"geometry":{"type":"LineString","coordinates":[[-109.0464,41.0009],[-108.7324,41.0009],[-108.4183,41.0009],[-108.1043,41.0009],[-107.7902,41.0009],[-107.4761,41.0009],[-107.1621,41.0009],[-106.8481,41.0009],[-106.534,41.0009],[-106.22,41.0009],[-105.9059,41.0009],[-105.5919,41.0009],[-105.2778,41.0009],[-104.9638,41.0009],[-104.6498,41.0009],[-104.3357,41.0009],[-104.0217,41.0009]]}},{"type":"Feature","properties":{"name":null,"adm0_name":"United States of America","adm0_a3":"USA","min_zoom":2},"geometry":{"type":"LineString","coordinates":[[-109.0464,41.0009],[-109.0464,40.7508],[-109.0464,40.5009],[-109.0464,40.2509],[-109.0465,40.0009],[-109.0465,39.7509],[-109.0465,39.5008],[-109.0465,39.2508],[-109.0465,39.0008],[-109.0465,38.7509],[-109.0466,38.5009],[-109.0466,38.2508],[-109.0466,38.0008],[-109.0466,37.7508],[-109.0466,37.5008],[-109.0466,37.2509],[-109.0467,37.0008]]}},{"type":"Feature","properties":{"name":null,"adm0_name":"United States of America","adm0_a3":"USA","min_zoom":2},"geometry":{"type":"LineString","coordinates":[[-103.0008,37.0008],[-103.3787,37.0008],[-103.7566,37.0008],[-104.1344,37.0008],[-104.5123,37.0008],[-104.8902,37.0008],[-105.268,37.0008],[-105.6459,37.0008],[-106.0238,37.0008],[-106.4016,37.0008],[-106.7795,37.0008],[-107.1574,37.0008],[-107.5352,37.0008],[-107.9131,37.0008],[-108.2909,37.0008],[-108.6688,37.0008],[-109.0467,37.0008]]}},{"type":"Feature","properties":{"name":null,"adm0_name":"United States of America","adm0_a3":"USA","min_zoom":2},"geometry":{"type":"LineString","coordinates":[[-104.0111,45.9431],[-104.0125,46.1337],[-104.0139,46.3244],[-104.0153,46.5151],[-104.0166,46.7058],[-104.018,46.8965],[-104.0194,47.0872],[-104.0208,47.2778],[-104.0222,47.4685],[-104.0236,47.6592],[-104.025,47.8499],[-104.0263,48.0406],[-104.0277,48.2313],[-104.0291,48.422],[-104.0305,48.6126],[-104.0319,48.8033],[-104.0339,48.9931]]}},{"type":"Feature","properties":{"name":null,"adm0_name":"United States of America","adm0_a3":"USA","min_zoom":2},"geometry":{"type":"LineString","coordinates":[[-104.0372,45.0011],[-104.0293,45.0011],[-104.0213,45.0011],[-104.0134,45.001],[-104.0055,45.001],[-104.0053,45.0041],[-104.0051,45.0072],[-104.005,45.0104],[-104.0048,45.0135],[-104.0064,45.2459],[-104.0079,45.4783],[-104.0095,45.7106],[-104.0111,45.9431]]}},{"type":"Feature","properties":{"name":null,"adm0_name":"United States of America","adm0_a3":"USA","min_zoom":2},"geometry":{"type":"LineString","coordinates":[[-104.0289,43.0014],[-104.0299,43.2514],[-104.031,43.5013],[-104.032,43.7513],[-104.033,44.0013],[-104.0341,44.2513],[-104.0351,44.5012],[-104.0362,44.7512],[-104.0372,45.0011]]}},{"type":"Feature","properties":{"name":null,"adm0_name":"United States of America","adm0_a3":"USA","min_zoom":2},"geometry":{"type":"LineString","coordinates":[[-96.5564,45.9428],[-96.7894,45.9428],[-97.0223,45.9428],[-97.2553,45.9428],[-97.4882,45.9428],[-97.7212,45.9428],[-97.9541,45.9428],[-98.1871,45.9428],[-98.4201,45.9429],[-98.653,45.9429],[-98.886,45.9429],[-99.1189,45.9429],[-99.3519,45.9429],[-99.5848,45.9429],[-99.8178,45.9429],[-100.0508,45.9429],[-100.2837,45.9429],[-100.5167,45.9429],[-100.7497,45.9429],[-100.9826,45.9429],[-101.2156,45.943],[-101.4486,45.943],[-101.6815,45.943],[-101.9145,45.943],[-102.1474,45.943],[-102.3804,45.943],[-102.6133,45.943],[-102.8463,45.943],[-103.0793,45.943],[-103.3122,45.943],[-103.5452,45.943],[-103.7781,45.943],[-104.0111,45.9431]]}},{"type":"Feature","properties":{"name":null,"adm0_name":"United States of America","adm0_a3":"USA","min_zoom":2},"geometry":{"type":"LineString","coordinates":[[-104.0217,41.0009],[-104.0226,41.2509],[-104.0234,41.501],[-104.0243,41.751],[-104.0252,42.0011],[-104.0261,42.2512],[-104.0271,42.5013],[-104.028,42.7513],[-104.0289,43.0014]]}},{"type":"Feature","properties":{"name":null,"adm0_name":"United States of America","adm0_a3":"USA","min_zoom":2},"geometry":{"type":"LineString","coordinates":[[-102.0245,40.0011],[-102.0245,40.1261],[-102.0246,40.251],[-102.0247,40.3759],[-102.0247,40.5009],[-102.0248,40.6258],[-102.0249,40.7507],[-102.025,40.8757],[-102.025,41.0006],[-102.2746,41.0007],[-102.5242,41.0007],[-102.7737,41.0007],[-103.0233,41.0007],[-103.2729,41.0008],[-103.5225,41.0008],[-103.7721,41.0008],[-104.0217,41.0009]]}},{"type":"Feature","properties":{"name":null,"adm0_name":"United States of America","adm0_a3":"USA","min_zoom":2},"geometry":{"type":"LineString","coordinates":[[-102.0128,37.0008],[-102.0135,37.1884],[-102.0143,37.3759],[-102.015,37.5634],[-102.0157,37.7509],[-102.0164,37.9384],[-102.0172,38.1259],[-102.0179,38.3135],[-102.0186,38.501],[-102.0194,38.6885],[-102.0201,38.876],[-102.0208,39.0635],[-102.0216,39.251],[-102.0223,39.4386],[-102.023,39.6261],[-102.0238,39.8136],[-102.0245,40.0011]]}},{"type":"Feature","properties":{"name":null,"adm0_name":"United States of America","adm0_a3":"USA","min_zoom":2},"geometry":{"type":"LineString","coordinates":[[-95.3467,40.0015],[-95.5269,40.0011],[-95.7365,40.0011],[-95.9461,40.0011],[-96.1557,40.0011],[-96.3653,40.0011],[-96.5749,40.0011],[-96.7845,40.0011],[-96.9941,40.0011],[-97.2037,40.0011],[-97.4133,40.0011],[-97.6229,40.0011],[-97.8325,40.0011],[-98.0421,40.0011],[-98.2517,40.0011],[-98.4613,40.0011],[-98.6709,40.0011],[-98.8805,40.0011],[-99.0901,40.0011],[-99.2997,40.0011],[-99.5093,40.0011],[-99.7189,40.0011],[-99.9285,40.0011],[-100.1381,40.0011],[-100.3477,40.0011],[-100.5573,40.0011],[-100.7669,40.0011],[-100.9765,40.0011],[-101.1861,40.0011],[-101.3957,40.0011],[-101.6053,40.0011],[-101.8149,40.0011],[-102.0245,40.0011]]}},{"type":"Feature","properties":{"name":null,"adm0_name":"United States of America","adm0_a3":"USA","min_zoom":2},"geometry":{"type":"LineString","coordinates":[[-103.0003,36.5012],[-103.0004,36.6261],[-103.0006,36.751],[-103.0007,36.8759],[-103.0008,37.0008]]}},{"type":"Feature","properties":{"name":null,"adm0_name":"United States of America","adm0_a3":"USA","min_zoom":2},"geometry":{"type":"LineString","coordinates":[[-102.0128,37.0008],[-102.2598,37.0008],[-102.5068,37.0008],[-102.7538,37.0008],[-103.0008,37.0008]]}},{"type":"Feature","properties":{"name":null,"adm0_name":"United States of America","adm0_a3":"USA","min_zoom":2},"geometry":{"type":"LineString","coordinates":[[-94.4841,33.6484],[-94.7092,33.6993],[-94.7657,33.7316],[-94.8694,33.7682],[-94.9624,33.8434],[-95.1461,33.9366],[-95.2159,33.959],[-95.238,33.9565],[-95.276,33.9106],[-95.3739,33.8743],[-95.4271,33.8728],[-95.5235,33.8866],[-95.5418,33.8982],[-95.5557,33.9261],[-95.5945,33.9452],[-95.6228,33.9303],[-95.7632,33.8915],[-95.7839,33.8645],[-95.8631,33.8633],[-95.9416,33.8828],[-96.1393,33.822],[-96.2073,33.7741],[-96.2786,33.7576],[-96.315,33.7111],[-96.3368,33.7177],[-96.4111,33.7752],[-96.4872,33.7923],[-96.5916,33.8493],[-96.5954,33.8994],[-96.6063,33.9056],[-96.6251,33.9114],[-96.6485,33.9064],[-96.694,33.8638],[-96.7202,33.8528],[-96.7463,33.8542],[-96.8476,33.8832],[-96.89,33.9346],[-96.911,33.9504],[-96.9341,33.9535],[-96.9777,33.938],[-97.0022,33.8816],[-97.0216,33.8665],[-97.0638,33.8568],[-97.0612,33.8285],[-97.0989,33.7504],[-97.119,33.7348],[-97.1451,33.7377],[-97.1724,33.7569],[-97.1925,33.7846],[-97.201,33.8082],[-97.1862,33.8701],[-97.1948,33.8906],[-97.2149,33.8971],[-97.2647,33.8678],[-97.3082,33.8692],[-97.3636,33.8402],[-97.3985,33.8313],[-97.4302,33.8385],[-97.4816,33.8857],[-97.5712,33.9159],[-97.6059,33.9717],[-97.6218,33.9878],[-97.6409,33.9917],[-97.6604,33.99],[-97.6919,33.9721],[-97.7953,33.8991],[-97.8424,33.8758],[-97.8829,33.8711],[-97.9216,33.8784],[-97.9462,33.8971],[-97.9511,33.9712],[-97.974,33.9937],[-98.0694,34.0403],[-98.0896,34.0841],[-98.0986,34.145],[-98.2141,34.1353],[-98.356,34.1415],[-98.4204,34.0881],[-98.4537,34.0781],[-98.4939,34.0888],[-98.6084,34.1613],[-98.7301,34.1466],[-98.799,34.1547],[-98.9688,34.2086],[-99.1023,34.2135],[-99.1575,34.2233],[-99.1866,34.2355],[-99.1999,34.3183],[-99.2529,34.3881],[-99.2703,34.4072],[-99.3604,34.4561],[-99.3749,34.4579],[-99.3846,34.4468],[-99.405,34.3921],[-99.4323,34.3892],[-99.5362,34.4047],[-99.632,34.3885],[-99.6856,34.4158],[-99.867,34.5434],[-99.9407,34.5763],[-99.9993,34.5867],[-99.9995,34.7064],[-99.9997,34.826],[-99.9999,34.9456],[-100.0001,35.0653],[-100.0003,35.1849],[-100.0005,35.3046],[-100.0007,35.4242],[-100.0009,35.5438],[-100.0011,35.6635],[-100.0013,35.7831],[-100.0015,35.9027],[-100.0017,36.0223],[-100.0019,36.142],[-100.0021,36.2616],[-100.0022,36.3812],[-100.0024,36.5009],[-100.1898,36.5009],[-100.3772,36.5009],[-100.5645,36.5009],[-100.7519,36.501],[-100.9393,36.501],[-101.1266,36.501],[-101.314,36.5011],[-101.5014,36.5011],[-101.6887,36.5011],[-101.8761,36.5011],[-102.0635,36.5011],[-102.2508,36.5012],[-102.4382,36.5012],[-102.6256,36.5012],[-102.8129,36.5012],[-103.0003,36.5012]]}},{"type":"Feature","properties":{"name":null,"adm0_name":"United States of America","adm0_a3":"USA","min_zoom":2},"geometry":{"type":"LineString","coordinates":[[-94.6181,37.0008],[-94.8492,37.0008],[-95.0802,37.0008],[-95.3113,37.0008],[-95.5424,37.0008],[-95.7735,37.0008],[-96.0046,37.0008],[-96.2356,37.0008],[-96.4667,37.0008],[-96.6978,37.0008],[-96.9289,37.0008],[-97.16,37.0008],[-97.3911,37.0008],[-97.6222,37.0008],[-97.8532,37.0008],[-98.0843,37.0008],[-98.3154,37.0008],[-98.5465,37.0008],[-98.7776,37.0008],[-99.0087,37.0008],[-99.2398,37.0008],[-99.4708,37.0008],[-99.7019,37.0008],[-99.933,37.0008],[-100.1641,37.0008],[-100.3952,37.0008],[-100.6263,37.0008],[-100.8573,37.0008],[-101.0884,37.0008],[-101.3195,37.0008],[-101.5506,37.0008],[-101.7817,37.0008],[-102.0128,37.0008]]}},{"type":"Feature","properties":{"name":null,"adm0_name":"United States of America","adm0_a3":"USA","min_zoom":2},"geometry":{"type":"LineString","coordinates":[[-96.4536,43.5012],[-96.5986,43.4975],[-96.5813,43.4349],[-96.5416,43.3735],[-96.535,43.3381],[-96.5425,43.309],[-96.5699,43.2833],[-96.5635,43.2427],[-96.5554,43.2317],[-96.4903,43.2055],[-96.4681,43.1702],[-96.4613,43.1298],[-96.4627,43.0992],[-96.5021,43.0433],[-96.5133,42.9691],[-96.5626,42.8586],[-96.6161,42.7914],[-96.6268,42.757],[-96.6218,42.7295],[-96.5387,42.6586],[-96.5336,42.6302],[-96.5063,42.5936],[-96.481,42.5113]]}},{"type":"Feature","properties":{"name":null,"adm0_name":"United States of America","adm0_a3":"USA","min_zoom":2},"geometry":{"type":"LineString","coordinates":[[-94.6245,39.0861],[-94.6241,38.9558],[-94.6237,38.8254],[-94.6233,38.6951],[-94.6229,38.5648],[-94.6225,38.4345],[-94.6221,38.3041],[-94.6217,38.1738],[-94.6213,38.0435],[-94.6209,37.9131],[-94.6205,37.7828],[-94.6201,37.6525],[-94.6197,37.5222],[-94.6193,37.3918],[-94.6189,37.2615],[-94.6185,37.1312],[-94.6181,37.0008]]}},{"type":"Feature","properties":{"name":null,"adm0_name":"United States of America","adm0_a3":"USA","min_zoom":2},"geometry":{"type":"LineString","coordinates":[[-94.6224,39.1244],[-94.6245,39.0861]]}},{"type":"Feature","properties":{"name":null,"adm0_name":"United States of America","adm0_a3":"USA","min_zoom":2},"geometry":{"type":"LineString","coordinates":[[-94.6181,37.0008],[-94.6181,36.8758],[-94.6182,36.7509],[-94.6183,36.6259],[-94.6184,36.5009]]}},{"type":"Feature","properties":{"name":null,"adm0_name":"United States of America","adm0_a3":"USA","min_zoom":2},"geometry":{"type":"LineString","coordinates":[[-95.765,40.6019],[-95.5154,40.6029],[-95.2631,40.6044],[-95.0109,40.6058],[-94.7586,40.6073],[-94.5064,40.6087],[-94.2541,40.6102],[-94.0019,40.6116],[-93.7496,40.6131],[-93.4973,40.6145],[-93.2451,40.616],[-92.9928,40.6174],[-92.7406,40.6189],[-92.4883,40.6203],[-92.236,40.6218],[-91.9838,40.6232],[-91.7315,40.6247],[-91.682,40.5519],[-91.6274,40.5308],[-91.6169,40.5069],[-91.5455,40.4693],[-91.5299,40.4323],[-91.442,40.3795]]}},{"type":"Feature","properties":{"name":null,"adm0_name":"United States of America","adm0_a3":"USA","min_zoom":2},"geometry":{"type":"LineString","coordinates":[[-94.0413,33.012],[-94.0428,33.1476],[-94.0443,33.2832],[-94.0458,33.4188],[-94.0473,33.5544]]}},{"type":"Feature","properties":{"name":null,"adm0_name":"United States of America","adm0_a3":"USA","min_zoom":2},"geometry":{"type":"LineString","coordinates":[[-94.6184,36.5009],[-94.596,36.3617],[-94.5736,36.2225],[-94.5512,36.0833],[-94.5288,35.9441],[-94.5064,35.8048],[-94.484,35.6657],[-94.4615,35.5265],[-94.4391,35.3873],[-94.442,35.2786],[-94.4447,35.1699],[-94.4476,35.0612],[-94.4504,34.9525],[-94.4532,34.8439],[-94.456,34.7352],[-94.4588,34.6265],[-94.4616,34.5178],[-94.4645,34.4092],[-94.4673,34.3005],[-94.4701,34.1918],[-94.4729,34.0831],[-94.4757,33.9745],[-94.4785,33.8658],[-94.4813,33.7571],[-94.4841,33.6484]]}},{"type":"Feature","properties":{"name":null,"adm0_name":"United States of America","adm0_a3":"USA","min_zoom":2},"geometry":{"type":"LineString","coordinates":[[-94.6184,36.5009],[-94.3399,36.5009],[-94.0614,36.5009],[-93.7828,36.5009],[-93.5043,36.5009],[-93.2258,36.5009],[-92.9473,36.5009],[-92.6688,36.5009],[-92.3903,36.5009],[-92.1118,36.5009],[-91.8333,36.5009],[-91.5548,36.5009],[-91.2763,36.5009],[-90.9978,36.5009],[-90.7192,36.5009],[-90.4407,36.5009],[-90.1622,36.5009],[-90.1181,36.4225],[-90.0745,36.3718],[-90.0671,36.3343],[-90.0757,36.2967],[-90.1493,36.2159],[-90.2162,36.1784],[-90.2525,36.1377],[-90.303,36.0994],[-90.3811,35.9927],[-90.2168,35.9949],[-90.0525,35.9971],[-89.8882,35.9993],[-89.7048,36.0016]]}},{"type":"Feature","properties":{"name":null,"adm0_name":"United States of America","adm0_a3":"USA","min_zoom":2},"geometry":{"type":"LineString","coordinates":[[-80.5191,40.647],[-80.5203,40.7527],[-80.5203,40.8575],[-80.5203,40.9624],[-80.5203,41.0672],[-80.5203,41.172],[-80.5203,41.2769],[-80.5203,41.3817],[-80.5203,41.4866],[-80.5203,41.5914],[-80.5203,41.6962],[-80.5203,41.8011],[-80.5203,41.9059],[-80.5203,42.0108],[-80.5203,42.1156],[-80.5203,42.2205],[-80.5208,42.3244]]}},{"type":"Feature","properties":{"name":null,"adm0_name":"United States of America","adm0_a3":"USA","min_zoom":2},"geometry":{"type":"LineString","coordinates":[[-79.4775,39.7228],[-79.6077,39.7227],[-79.738,39.7227],[-79.8682,39.7227],[-79.9985,39.7226],[-80.1287,39.7226],[-80.2589,39.7226],[-80.3892,39.7225],[-80.5194,39.7225],[-80.5196,39.8382],[-80.5197,39.9538],[-80.5198,40.0695],[-80.5199,40.1851],[-80.52,40.3008],[-80.5201,40.4165],[-80.5202,40.5321],[-80.5191,40.647]]}},{"type":"Feature","properties":{"name":null,"adm0_name":"United States of America","adm0_a3":"USA","min_zoom":2},"geometry":{"type":"LineString","coordinates":[[-93.794,29.9773],[-93.7269,30.0771],[-93.7106,30.1128],[-93.721,30.2829],[-93.7504,30.3447],[-93.7466,30.3804],[-93.7152,30.4733],[-93.7202,30.5583],[-93.6652,30.6608],[-93.6247,30.7143],[-93.5792,30.8238],[-93.5687,30.8947],[-93.5492,30.9477],[-93.5627,31.0049],[-93.5306,31.0462],[-93.5514,31.1041],[-93.5577,31.1804],[-93.597,31.2098],[-93.6659,31.3226],[-93.6637,31.3722],[-93.7361,31.4777],[-93.7376,31.5138],[-93.8069,31.5688],[-93.8207,31.604],[-93.8268,31.7503],[-93.8456,31.7929],[-93.9051,31.877],[-94.0433,31.9992],[-94.0431,32.1258],[-94.0428,32.2524],[-94.0425,32.379],[-94.0423,32.5056],[-94.042,32.6322],[-94.0418,32.7588],[-94.0416,32.8854],[-94.0413,33.012]]}},{"type":"Feature","properties":{"name":null,"adm0_name":"United States of America","adm0_a3":"USA","min_zoom":2},"geometry":{"type":"LineString","coordinates":[[-94.0413,33.012],[-93.8616,33.0122],[-93.6819,33.0124],[-93.5023,33.0126],[-93.3226,33.0128],[-93.143,33.0131],[-92.9633,33.0133],[-92.7836,33.0135],[-92.6039,33.0137],[-92.4243,33.0139],[-92.2446,33.0141],[-92.0649,33.0143],[-91.8852,33.0145],[-91.7055,33.0148],[-91.5259,33.015],[-91.3462,33.0152],[-91.15,33.0159]]}},{"type":"Feature","properties":{"name":null,"adm0_name":"United States of America","adm0_a3":"USA","min_zoom":2},"geometry":{"type":"LineString","coordinates":[[-90.2937,35.0011],[-90.0386,35.0008],[-89.773,35.0006],[-89.5073,35.0003],[-89.2417,35],[-88.9761,34.9997],[-88.7104,34.9994],[-88.4448,34.9991],[-88.1733,34.999]]}},{"type":"Feature","properties":{"name":null,"adm0_name":"United States of America","adm0_a3":"USA","min_zoom":2},"geometry":{"type":"LineString","coordinates":[[-85.0073,31.0017],[-85.33,31.0011],[-85.6534,31.0011],[-85.9768,31.001],[-86.3002,31.0009],[-86.6236,31.0009],[-86.9469,31.0008],[-87.2703,31.0008],[-87.5937,31.0007],[-87.6074,30.9293],[-87.6011,30.8606],[-87.5662,30.7956],[-87.4217,30.6716],[-87.4083,30.6415],[-87.4338,30.5459],[-87.4294,30.4779],[-87.4448,30.4426],[-87.4801,30.4117],[-87.4895,30.3777]]}},{"type":"Feature","properties":{"name":null,"adm0_name":"United States of America","adm0_a3":"USA","min_zoom":2},"geometry":{"type":"LineString","coordinates":[[-83.0965,35.0016],[-83.0963,35.0011]]}},{"type":"Feature","properties":{"name":null,"adm0_name":"United States of America","adm0_a3":"USA","min_zoom":2},"geometry":{"type":"LineString","coordinates":[[-84.3247,34.9881],[-84.6494,34.9913],[-84.9742,34.9945],[-85.2989,34.9977],[-85.6236,35.0009]]}},{"type":"Feature","properties":{"name":null,"adm0_name":"United States of America","adm0_a3":"USA","min_zoom":2},"geometry":{"type":"LineString","coordinates":[[-83.1148,35.0015],[-83.4173,34.9981],[-83.7198,34.9948],[-84.0222,34.9915],[-84.3247,34.9881]]}},{"type":"Feature","properties":{"name":null,"adm0_name":"United States of America","adm0_a3":"USA","min_zoom":2},"geometry":{"type":"LineString","coordinates":[[-82.7775,35.0866],[-82.937,35.0442],[-83.0965,35.0016],[-83.1148,35.0015]]}},{"type":"Feature","properties":{"name":null,"adm0_name":"United States of America","adm0_a3":"USA","min_zoom":2},"geometry":{"type":"LineString","coordinates":[[-81.0452,35.0656],[-80.9337,35.1137],[-80.8817,35.0579],[-80.793,34.9628],[-80.7893,34.9072],[-80.7841,34.8286],[-80.6428,34.8246],[-80.5015,34.8207],[-80.3601,34.8167],[-80.2188,34.8127],[-80.0775,34.8087],[-79.9362,34.8047],[-79.7949,34.8008],[-79.6536,34.7968],[-79.5185,34.6826],[-79.3835,34.5685],[-79.2484,34.4544],[-79.1134,34.3402],[-78.9783,34.2261],[-78.8433,34.1119],[-78.7082,33.9978],[-78.5643,33.8767]]}},{"type":"Feature","properties":{"name":null,"adm0_name":"United States of America","adm0_a3":"USA","min_zoom":2},"geometry":{"type":"LineString","coordinates":[[-82.3561,35.2016],[-82.1975,35.1959],[-82.0389,35.1902],[-81.8803,35.1844],[-81.7217,35.1787],[-81.5631,35.1729],[-81.4045,35.1672],[-81.2459,35.1615],[-81.0873,35.1557]]}},{"type":"Feature","properties":{"name":null,"adm0_name":"United States of America","adm0_a3":"USA","min_zoom":2},"geometry":{"type":"LineString","coordinates":[[-71.8008,42.012],[-71.7258,42.0129],[-71.6232,42.014],[-71.5241,42.0152],[-71.4625,42.016],[-71.3871,42.0169],[-71.3839,41.9717],[-71.3791,41.9024],[-71.3376,41.8914],[-71.3395,41.8352],[-71.3407,41.7979],[-71.3047,41.7747],[-71.2679,41.7508],[-71.2338,41.7066]]}},{"type":"Feature","properties":{"name":null,"adm0_name":"United States of America","adm0_a3":"USA","min_zoom":2},"geometry":{"type":"LineString","coordinates":[[-73.4806,42.0556],[-73.3965,42.0529],[-73.3123,42.0502],[-73.2282,42.0475],[-73.1441,42.0448],[-73.06,42.0421],[-72.9759,42.0395],[-72.8918,42.0368],[-72.8077,42.0341],[-72.8065,42.008],[-72.7633,42.0112],[-72.7576,42.0341],[-72.6381,42.0326],[-72.5186,42.0312],[-72.3991,42.0298],[-72.2796,42.0284],[-72.1601,42.027],[-72.0406,42.0256],[-71.9211,42.0241],[-71.8016,42.0227],[-71.8008,42.012]]}},{"type":"Feature","properties":{"name":null,"adm0_name":"United States of America","adm0_a3":"USA","min_zoom":2},"geometry":{"type":"LineString","coordinates":[[-71.8008,42.012],[-71.8003,41.9582],[-71.7996,41.883],[-71.799,41.8285],[-71.7982,41.7531],[-71.7973,41.6676],[-71.7965,41.5889],[-71.7958,41.52],[-71.7992,41.4792],[-71.8045,41.4167],[-71.8299,41.3927],[-71.8424,41.3355]]}},{"type":"Feature","properties":{"name":null,"adm0_name":"United States of America","adm0_a3":"USA","min_zoom":2},"geometry":{"type":"LineString","coordinates":[[-81.9653,37.5397],[-81.9577,37.5076],[-81.9714,37.4731],[-81.9394,37.4326],[-81.9131,37.369],[-81.8756,37.3296],[-81.8293,37.2986],[-81.7522,37.2708],[-81.6608,37.2218],[-81.589,37.2081],[-81.5648,37.2098],[-81.4855,37.257],[-81.4194,37.2823],[-81.35,37.3337],[-81.2271,37.2633],[-81.1781,37.2633],[-81.0573,37.2937],[-80.9437,37.3019],[-80.9154,37.3114],[-80.8731,37.3406],[-80.8719,37.3994],[-80.8624,37.4146],[-80.8435,37.4217],[-80.8211,37.4231],[-80.77,37.4016],[-80.7198,37.401],[-80.5074,37.4691],[-80.4914,37.4639],[-80.4645,37.4327],[-80.3712,37.4726],[-80.3161,37.5097],[-80.292,37.5659],[-80.2458,37.6208],[-80.2554,37.6453],[-80.2853,37.6771],[-80.2459,37.751],[-80.1881,37.8242],[-79.9717,38.0462],[-79.9027,38.1807],[-79.8129,38.267],[-79.7834,38.336],[-79.7153,38.404],[-79.6687,38.5443],[-79.6396,38.5725],[-79.5977,38.5771],[-79.5553,38.5594],[-79.5247,38.5335],[-79.5048,38.4913],[-79.3959,38.4544],[-79.3042,38.4499],[-79.2403,38.4765],[-79.2029,38.5258],[-79.1525,38.6183],[-79.1042,38.6729],[-79.0733,38.7419],[-79.0412,38.7897],[-78.992,38.8197],[-78.8687,38.8179],[-78.8055,38.8602],[-78.7568,38.9082],[-78.7273,38.9239],[-78.6928,38.9217],[-78.5815,38.999],[-78.4352,39.1608],[-78.4037,39.2626],[-78.3658,39.3358],[-78.351,39.4109],[-78.3222,39.4519],[-78.193,39.3704],[-78.1183,39.3233],[-77.9486,39.2163],[-77.8358,39.1452],[-77.7918,39.2266],[-77.7266,39.3464]]}},{"type":"Feature","properties":{"name":null,"adm0_name":"United States of America","adm0_a3":"USA","min_zoom":2},"geometry":{"type":"LineString","coordinates":[[-79.4775,39.7228],[-79.2467,39.7228],[-79.0159,39.7227],[-78.7851,39.7227],[-78.5543,39.7227],[-78.3235,39.7227],[-78.0927,39.7226],[-77.8619,39.7226],[-77.6311,39.7226],[-77.4003,39.7226],[-77.1695,39.7225],[-76.9387,39.7225],[-76.7079,39.7225],[-76.4771,39.7225],[-76.2463,39.7224],[-76.0155,39.7224],[-75.7847,39.7224]]}},{"type":"Feature","properties":{"name":null,"adm0_name":"United States of America","adm0_a3":"USA","min_zoom":2},"geometry":{"type":"LineString","coordinates":[[-79.4775,39.7228],[-79.4801,39.5948],[-79.4827,39.4668],[-79.4853,39.3389],[-79.488,39.2109]]}},{"type":"Feature","properties":{"name":null,"adm0_name":"United States of America","adm0_a3":"USA","min_zoom":2},"geometry":{"type":"LineString","coordinates":[[-75.7847,39.7224],[-75.775,39.5639],[-75.7653,39.4056],[-75.7556,39.2471],[-75.7459,39.0887],[-75.7362,38.9303],[-75.7265,38.7719],[-75.7167,38.6135],[-75.707,38.4551],[-75.7047,38.4551],[-75.7024,38.455],[-75.7001,38.455],[-75.6978,38.455],[-75.6955,38.455],[-75.6932,38.455],[-75.6909,38.455],[-75.6886,38.455],[-75.5879,38.455],[-75.3663,38.4549],[-75.1447,38.4549],[-75.0377,38.4556]]}},{"type":"Feature","properties":{"name":null,"adm0_name":"United States of America","adm0_a3":"USA","min_zoom":2},"geometry":{"type":"LineString","coordinates":[[-75.6593,37.954],[-75.62,37.9992],[-75.4694,38.0149],[-75.376,38.025],[-75.2525,38.0375],[-75.2241,38.0405]]}},{"type":"Feature","properties":{"name":null,"adm0_name":"United States of America","adm0_a3":"USA","min_zoom":2},"geometry":{"type":"LineString","coordinates":[[-77.0197,38.8065],[-76.9312,38.8882],[-76.9888,38.9523],[-77.0421,39.0118],[-77.1221,38.9435]]}},{"type":"Feature","properties":{"name":null,"adm0_name":"United States of America","adm0_a3":"USA","min_zoom":2},"geometry":{"type":"LineString","coordinates":[[-74.6991,41.3573],[-74.7204,41.3949],[-74.7566,41.4239],[-74.9354,41.4744],[-74.9813,41.5077],[-75.0227,41.5529],[-75.0514,41.6084],[-75.0662,41.6666],[-75.0669,41.7132],[-75.0537,41.765],[-75.0948,41.7995],[-75.0955,41.8317],[-75.1219,41.8534],[-75.2389,41.8922],[-75.274,41.9467],[-75.3513,41.9984],[-75.4892,41.9985],[-75.6271,41.9986],[-75.7649,41.9986],[-75.9028,41.9987],[-76.0406,41.9988],[-76.1785,41.9989],[-76.3164,41.999],[-76.4542,41.999],[-76.5921,41.9991],[-76.73,41.9992],[-76.8678,41.9993],[-77.0057,41.9994],[-77.1436,41.9994],[-77.2814,41.9995],[-77.4193,41.9996],[-77.5571,41.9997],[-77.695,41.9997],[-77.8329,41.9998],[-77.9707,41.9999],[-78.1086,42],[-78.2465,42],[-78.3843,42.0001],[-78.5222,42.0002],[-78.6601,42.0003],[-78.7979,42.0003],[-78.9358,42.0004],[-79.0736,42.0005],[-79.2115,42.0006],[-79.3494,42.0007],[-79.4872,42.0007],[-79.6251,42.0008],[-79.763,42.0009],[-79.763,42.1355],[-79.763,42.2701],[-79.763,42.4047],[-79.762,42.539]]}},{"type":"Feature","properties":{"name":null,"adm0_name":"United States of America","adm0_a3":"USA","min_zoom":2},"geometry":{"type":"LineString","coordinates":[[-73.2533,42.7522],[-73.2851,42.6682],[-73.3168,42.5842],[-73.3486,42.5001],[-73.3803,42.4161],[-73.412,42.3321],[-73.4438,42.2481],[-73.4755,42.164],[-73.5073,42.08],[-73.4806,42.0556]]}},{"type":"Feature","properties":{"name":null,"adm0_name":"United States of America","adm0_a3":"USA","min_zoom":2},"geometry":{"type":"LineString","coordinates":[[-73.4806,42.0556],[-73.4886,41.9606],[-73.4966,41.8657],[-73.5046,41.7707],[-73.5126,41.6757],[-73.5206,41.5808],[-73.5287,41.4858],[-73.5367,41.3909],[-73.5447,41.296],[-73.5144,41.2575],[-73.4841,41.219],[-73.5218,41.2009],[-73.5798,41.1731],[-73.6419,41.1434],[-73.723,41.1045],[-73.6821,41.0547],[-73.6305,40.9919]]}},{"type":"Feature","properties":{"name":null,"adm0_name":"United States of America","adm0_a3":"USA","min_zoom":2},"geometry":{"type":"LineString","coordinates":[[-74.6991,41.3573],[-74.6001,41.3116],[-74.5011,41.2659],[-74.402,41.2202],[-74.3031,41.1745],[-74.2041,41.1289],[-74.1051,41.0832],[-74.006,41.0375],[-73.9101,40.9923]]}},{"type":"Feature","properties":{"name":null,"adm0_name":"United States of America","adm0_a3":"USA","min_zoom":2},"geometry":{"type":"LineString","coordinates":[[-72.4669,42.7303],[-72.5652,42.7331],[-72.6635,42.7358],[-72.7618,42.7385],[-72.8601,42.7413],[-72.9584,42.744],[-73.0567,42.7467],[-73.155,42.7495],[-73.2533,42.7522]]}},{"type":"Feature","properties":{"name":null,"adm0_name":"United States of America","adm0_a3":"USA","min_zoom":2},"geometry":{"type":"LineString","coordinates":[[-73.2533,42.7522],[-73.2802,42.8132],[-73.2666,42.8648],[-73.2645,42.9352],[-73.2619,43.0271],[-73.2591,43.1279],[-73.2552,43.2654],[-73.2527,43.3572],[-73.2503,43.4397],[-73.2471,43.553],[-73.3062,43.6163],[-73.3305,43.6267],[-73.3492,43.6204],[-73.3914,43.5785],[-73.4049,43.5788],[-73.4159,43.5896],[-73.4134,43.6279],[-73.3758,43.7622],[-73.375,43.8042],[-73.383,43.8758],[-73.4249,44.0383],[-73.4261,44.0749],[-73.4098,44.1314],[-73.3811,44.1874],[-73.3318,44.2446],[-73.3209,44.2689],[-73.3246,44.3679],[-73.3098,44.4596],[-73.3721,44.5973],[-73.3486,44.7753],[-73.3658,44.8604],[-73.3451,44.9389],[-73.3522,45.0054]]}},{"type":"Feature","properties":{"name":null,"adm0_name":"United States of America","adm0_a3":"USA","min_zoom":2},"geometry":{"type":"LineString","coordinates":[[-70.8061,42.8768],[-70.9235,42.8816],[-70.9741,42.8717],[-71.0762,42.8251],[-71.1393,42.8081],[-71.2423,42.7295],[-71.3296,42.7025],[-71.4718,42.706],[-71.6139,42.7094],[-71.7561,42.7129],[-71.8982,42.7164],[-72.0404,42.7199],[-72.1825,42.7234],[-72.3247,42.7269],[-72.4669,42.7303]]}},{"type":"Feature","properties":{"name":null,"adm0_name":"United States of America","adm0_a3":"USA","min_zoom":2},"geometry":{"type":"LineString","coordinates":[[-70.7331,43.07],[-70.8128,43.1636],[-70.829,43.2391],[-70.9197,43.3281],[-70.9556,43.3894],[-70.9675,43.4581],[-70.9624,43.5322],[-70.9701,43.643],[-70.9778,43.7539],[-70.9854,43.8647],[-70.9931,43.9756],[-71.0008,44.0864],[-71.0084,44.1973],[-71.016,44.3081],[-71.0237,44.4189],[-71.0314,44.5298],[-71.039,44.6406],[-71.0467,44.7515],[-71.0544,44.8623],[-71.062,44.9732],[-71.0697,45.084],[-71.0773,45.1949],[-71.0845,45.294]]}},{"type":"Feature","properties":{"name":null,"adm0_name":"United States of America","adm0_a3":"USA","min_zoom":2},"geometry":{"type":"LineString","coordinates":[[-96.4536,43.5012],[-96.4536,43.7257],[-96.4536,43.9502],[-96.4536,44.1747],[-96.4536,44.3993],[-96.4537,44.6238],[-96.4537,44.8483],[-96.4537,45.0728],[-96.4537,45.2973],[-96.5298,45.3715],[-96.6961,45.4318],[-96.7375,45.4678],[-96.8149,45.5574],[-96.8455,45.5959],[-96.8511,45.626],[-96.8136,45.6592],[-96.6627,45.7557],[-96.6147,45.8],[-96.5911,45.8433],[-96.5564,45.9428]]}},{"type":"Feature","properties":{"name":null,"adm0_name":"United States of America","adm0_a3":"USA","min_zoom":2},"geometry":{"type":"LineString","coordinates":[[-91.2453,43.5024],[-91.5754,43.5019],[-91.9006,43.5019],[-92.2258,43.5018],[-92.5511,43.5018],[-92.8763,43.5017],[-93.2015,43.5017],[-93.5267,43.5016],[-93.8519,43.5016],[-94.1771,43.5015],[-94.5023,43.5015],[-94.8276,43.5014],[-95.1528,43.5014],[-95.478,43.5013],[-95.8032,43.5013],[-96.1284,43.5012],[-96.4536,43.5012]]}},{"type":"Feature","properties":{"name":null,"adm0_name":"United States of America","adm0_a3":"USA","min_zoom":2},"geometry":{"type":"LineString","coordinates":[[-84.7961,41.7014],[-84.4631,41.7109],[-84.1302,41.7205],[-83.7972,41.73],[-83.4642,41.7394],[-83.3039,41.8378],[-83.1217,41.95]]}},{"type":"Feature","properties":{"name":null,"adm0_name":"United States of America","adm0_a3":"USA","min_zoom":2},"geometry":{"type":"LineString","coordinates":[[-89.9577,47.2871],[-89.843,47.4645],[-89.7282,47.6418],[-89.6135,47.8192],[-89.4984,47.9979]]}},{"type":"Feature","properties":{"name":null,"adm0_name":"United States of America","adm0_a3":"USA","min_zoom":2},"geometry":{"type":"LineString","coordinates":[[-87.2213,41.7607],[-87.1757,41.9437],[-87.1302,42.1268],[-87.0847,42.3098],[-87.0391,42.4928]]}},{"type":"Feature","properties":{"name":null,"adm0_name":"United States of America","adm0_a3":"USA","min_zoom":2},"geometry":{"type":"LineString","coordinates":[[-90.6506,42.513],[-90.191,42.5103],[-89.7408,42.5078],[-89.2905,42.5053],[-88.8402,42.5028],[-88.3899,42.5003],[-87.9397,42.4978],[-87.4894,42.4953],[-87.0391,42.4928]]}},{"type":"Feature","properties":{"name":null,"adm0_name":"United States of America","adm0_a3":"USA","min_zoom":2},"geometry":{"type":"LineString","coordinates":[[-84.8217,39.092],[-84.8201,39.4238],[-84.8167,39.7492],[-84.8133,40.0746],[-84.8098,40.3999],[-84.8064,40.7253],[-84.803,41.0507],[-84.7996,41.3761],[-84.7961,41.7014]]}},{"type":"Feature","properties":{"name":null,"adm0_name":"United States of America","adm0_a3":"USA","min_zoom":2},"geometry":{"type":"LineString","coordinates":[[-87.2213,41.7607],[-86.9182,41.7606],[-86.615,41.7605],[-86.3119,41.7604],[-86.0088,41.7602],[-85.7057,41.7601],[-85.4026,41.76],[-85.0995,41.7599],[-84.7964,41.7597],[-84.7961,41.7014]]}},{"type":"Feature","properties":{"name":null,"adm0_name":"United States of America","adm0_a3":"USA","min_zoom":2},"geometry":{"type":"LineString","coordinates":[[-87.0391,42.4928],[-87.0794,42.7821],[-87.1139,43.0306],[-87.155,43.3268],[-87.1452,43.5713],[-87.1417,43.6578],[-87.0832,43.8901],[-87.0325,44.0915],[-86.9187,44.3616],[-86.8221,44.5911],[-86.7147,44.8462],[-86.536,45.0415],[-86.4015,45.1334],[-86.2645,45.2269],[-86.4818,45.323],[-86.7743,45.4524],[-86.9423,45.4524],[-87.1153,45.4524],[-87.2444,45.2898],[-87.4198,45.1839],[-87.4595,45.068],[-87.6536,45.1218],[-87.6942,45.1611],[-87.7188,45.2013],[-87.7209,45.2428],[-87.6627,45.3452],[-87.6576,45.3618],[-87.6642,45.3713],[-87.6964,45.3828],[-87.7686,45.3644],[-87.8418,45.3608],[-87.8654,45.3678],[-87.8749,45.3854],[-87.874,45.4128],[-87.8591,45.4455],[-87.8152,45.5058],[-87.8147,45.5632],[-87.7946,45.596],[-87.8141,45.657],[-87.8091,45.686],[-87.8398,45.718],[-87.9225,45.76],[-88.1161,45.8158],[-88.0965,45.8784],[-88.1044,45.9052],[-88.1517,45.9454],[-88.3547,45.9923],[-88.493,46.0135],[-88.6295,46.014],[-88.7272,46.0311],[-88.8373,46.0366],[-88.9078,46.0648],[-88.9783,46.0929],[-89.0488,46.1211],[-89.1193,46.1492],[-89.2442,46.1733],[-89.3691,46.1973],[-89.494,46.2214],[-89.6189,46.2454],[-89.7438,46.2695],[-89.8688,46.2936],[-89.9936,46.3176],[-90.1185,46.3417],[-90.1465,46.3837],[-90.1745,46.4257],[-90.2024,46.4678],[-90.2304,46.5098],[-90.2879,46.5274],[-90.3182,46.5366],[-90.3409,46.5584],[-90.3923,46.549],[-90.4126,46.5853],[-90.3557,46.673],[-90.2988,46.7607],[-90.242,46.8485],[-90.1851,46.9362],[-90.1283,47.0239],[-90.0714,47.1117],[-90.0146,47.1994],[-89.9577,47.2871]]}},{"type":"Feature","properties":{"name":null,"adm0_name":"United States of America","adm0_a3":"USA","min_zoom":2},"geometry":{"type":"LineString","coordinates":[[-91.6564,31.0018],[-91.4171,31.0013],[-91.1769,31.0012],[-90.9366,31.0012],[-90.6963,31.0012],[-90.4561,31.0012],[-90.2158,31.0012],[-89.9756,31.0012],[-89.7353,31.0012]]}},{"type":"Feature","properties":{"name":null,"adm0_name":"United States of America","adm0_a3":"USA","min_zoom":2},"geometry":{"type":"LineString","coordinates":[[-89.4872,36.5031],[-89.5573,36.5011]]}},{"type":"Feature","properties":{"name":null,"adm0_name":"United States of America","adm0_a3":"USA","min_zoom":2},"geometry":{"type":"LineString","coordinates":[[-114.6105,34.9911],[-114.8822,35.2028],[-115.1361,35.401],[-115.39,35.5991],[-115.6439,35.7973],[-115.8978,35.9955],[-116.1517,36.1936],[-116.4057,36.3918],[-116.6596,36.59],[-116.8429,36.7278],[-117.0263,36.8655],[-117.2096,37.0034],[-117.3929,37.1412],[-117.5763,37.279],[-117.7596,37.4168],[-117.9429,37.5546],[-118.1263,37.6924],[-118.3605,37.8559],[-118.5947,38.0193],[-118.8289,38.1828],[-119.0632,38.3463],[-119.2974,38.5098],[-119.5316,38.6733],[-119.7658,38.8368],[-120.0001,39.0003],[-120.0001,39.1878],[-120.0001,39.3753],[-120.0002,39.5628],[-120.0002,39.7503],[-120.0003,39.9379],[-120.0003,40.1254],[-120.0004,40.3129],[-120.0004,40.5004],[-120.0005,40.688],[-120.0006,40.8755],[-120.0006,41.063],[-120.0006,41.2505],[-120.0007,41.438],[-120.0007,41.6255],[-120.0008,41.8131],[-120.0008,42.0006]]}},{"type":"Feature","properties":{"name":null,"adm0_name":"Canada","adm0_a3":"CAN","min_zoom":2},"geometry":{"type":"LineString","coordinates":[[-67.6129,47.9986],[-67.7393,47.9986],[-67.9134,47.9986],[-68.0234,47.9986],[-68.1135,47.9986],[-68.1135,47.9294],[-68.2525,47.9294],[-68.3779,47.9294],[-68.3783,47.8384],[-68.3785,47.7652],[-68.3788,47.6919],[-68.3792,47.589]]}},{"type":"Feature","properties":{"name":null,"adm0_name":"Canada","adm0_a3":"CAN","min_zoom":2},"geometry":{"type":"LineString","coordinates":[[-123.8192,60.0011],[-124.7709,60.0011],[-125.7227,60.0011],[-126.6744,60.0011],[-127.6262,60.0011],[-128.5779,60.0011],[-129.5297,60.0011],[-130.4814,60.0011],[-131.4332,60.0011],[-132.3849,60.0011],[-133.3367,60.0011],[-134.2885,60.0011],[-135.2402,60.0011],[-136.192,60.0011],[-137.1437,60.0011],[-138.0955,60.0011],[-139.0565,60.0016]]}},{"type":"Feature","properties":{"name":null,"adm0_name":"Canada","adm0_a3":"CAN","min_zoom":2},"geometry":{"type":"LineString","coordinates":[[-120,60.0011],[-120.4774,60.0011],[-120.9548,60.0011],[-121.4322,60.0011],[-121.9096,60.0011],[-122.387,60.0011],[-122.8644,60.0011],[-123.3417,60.0011],[-123.8192,60.0011]]}},{"type":"Feature","properties":{"name":null,"adm0_name":"Canada","adm0_a3":"CAN","min_zoom":2},"geometry":{"type":"LineString","coordinates":[[-64.0309,46.0127],[-64.0514,45.9779],[-64.1596,45.9648],[-64.2165,45.9008],[-64.2728,45.8499],[-64.3147,45.8357]]}},{"type":"Feature","properties":{"name":null,"adm0_name":"Canada","adm0_a3":"CAN","min_zoom":2},"geometry":{"type":"LineString","coordinates":[[-64.6143,60.306],[-64.8159,60.2674],[-64.8467,60.2508],[-64.8468,60.2382],[-64.7893,60.1961],[-64.6445,60.1613],[-64.6223,60.1413],[-64.6499,60.1101],[-64.7106,60.091],[-64.7822,60.0638],[-64.8804,60.0497],[-64.8873,60.0354],[-64.8682,60.0088],[-64.834,59.9858],[-64.6824,59.9429],[-64.665,59.9327],[-64.6615,59.9215],[-64.6656,59.9055],[-64.7619,59.864],[-64.7908,59.8156],[-64.818,59.5402],[-64.7756,59.4883],[-64.7146,59.4663],[-64.4448,59.528],[-64.3853,59.5148],[-64.3787,59.4751],[-64.4258,59.4564],[-64.5031,59.3987],[-64.5187,59.3559],[-64.5195,59.2258],[-64.5055,59.166],[-64.4778,59.1162],[-64.4417,59.0911],[-64.3324,59.0438],[-64.3244,59.02],[-64.3582,59.0019],[-64.3935,58.9985],[-64.7703,59.0487],[-64.8017,59.0403],[-64.8328,59.02],[-64.8511,58.9837],[-64.8483,58.9492],[-64.8086,58.9294],[-64.6179,58.9115],[-64.2941,58.866],[-64.2356,58.7858],[-64.1918,58.7687],[-64.1553,58.7706],[-63.9906,58.811],[-63.7271,58.8617],[-63.6659,58.8536],[-63.5918,58.8298],[-63.5353,58.7988],[-63.504,58.7706],[-63.4967,58.7534],[-63.506,58.7434],[-63.5532,58.7316],[-63.9605,58.6842],[-64.0314,58.6663],[-64.0708,58.6417],[-64.085,58.6212],[-64.0859,58.5994],[-64.0625,58.5548],[-64.0387,58.5448],[-63.8824,58.5552],[-63.8408,58.5052],[-63.8371,58.4826],[-63.848,58.4597],[-64.0227,58.3988],[-64.0978,58.3592],[-64.3714,58.1693],[-64.3946,58.1443],[-64.4004,58.1214],[-64.387,58.0989],[-64.2266,58.0176],[-64.1336,57.8754],[-64.0788,57.8125],[-64.0455,57.7853],[-63.986,57.8031],[-63.9613,57.8017],[-63.9215,57.7833],[-63.8719,57.7312],[-63.8419,57.7133],[-63.7935,57.706],[-63.7156,57.6959],[-63.6176,57.7261],[-63.6013,57.7231],[-63.5982,57.6925],[-63.6147,57.6693],[-63.7437,57.5809],[-63.7585,57.5529],[-63.7616,57.5131],[-63.7421,57.3958],[-63.7999,57.3187],[-63.7933,57.279],[-63.76,57.2408],[-63.7579,57.2277],[-63.7918,57.1299],[-63.8358,57.0831],[-63.8764,57.023],[-63.9033,56.8893],[-63.9504,56.8635],[-64.0036,56.8206],[-64.0304,56.7871],[-64.1007,56.7379],[-64.1156,56.7074],[-64.1119,56.6909],[-63.9549,56.527],[-63.9256,56.4754],[-63.9549,56.4389],[-64.0527,56.4297],[-64.1361,56.3946],[-64.1187,56.3343],[-64.1215,56.2994],[-64.1153,56.2887],[-64.0837,56.2753],[-63.9128,56.229],[-63.8993,56.2123],[-63.9917,56.1446],[-64.0041,56.0975],[-63.9684,56.0947],[-63.8859,56.0884],[-63.8361,56.0633],[-63.5783,56.0256],[-63.5585,55.9925],[-63.5865,55.9762],[-63.6611,55.9478],[-63.6984,55.9234],[-63.7084,55.8834],[-63.7006,55.8609],[-63.5244,55.7057],[-63.4152,55.596],[-63.3634,55.5647],[-63.3046,55.5421],[-63.1544,55.5136],[-63.1511,55.4841],[-63.1595,55.4404],[-63.1513,55.4045],[-63.1118,55.3398],[-63.1614,55.3075],[-63.4293,55.2099],[-63.5109,55.1676],[-63.534,55.1404],[-63.5512,55.0863],[-63.4801,54.9872],[-63.476,54.9619],[-63.4915,54.9178],[-63.5697,54.7763],[-63.658,54.6444],[-63.6988,54.6152],[-63.7512,54.6122],[-63.9102,54.634],[-64.3411,54.7263],[-64.8152,54.7339],[-65.1218,54.7192],[-65.6758,54.7449],[-65.7416,54.7689],[-65.7968,54.805],[-65.8681,54.8983],[-65.8836,54.9072],[-66.0828,54.9417],[-66.1566,54.9678],[-66.2398,55.0084],[-66.6179,55.256],[-66.7334,55.3189],[-66.774,55.3283],[-66.7996,55.3112],[-66.7973,55.2938],[-66.7251,55.2132],[-66.719,55.1925],[-66.7474,55.1291],[-66.6928,54.998],[-66.7104,54.9482],[-66.6567,54.8468],[-66.6508,54.7986],[-66.7244,54.748],[-66.8671,54.781],[-67.1667,54.9375],[-67.3017,55.0637],[-67.3386,55.0746],[-67.4082,55.0718],[-67.4264,55.0589],[-67.4371,55.0362],[-67.4158,54.9838],[-67.372,54.9174],[-67.29,54.8258],[-67.2046,54.6993],[-67.1992,54.6821],[-67.1469,54.653],[-67.1502,54.6167],[-67.2361,54.5857],[-67.2855,54.5186],[-67.3146,54.5174],[-67.5365,54.5727],[-67.5785,54.5655],[-67.6014,54.5528],[-67.6201,54.5065],[-67.6097,54.4516],[-67.5819,54.3918],[-67.5153,54.2817],[-67.508,54.2528],[-67.5113,54.2362],[-67.6811,54.1413],[-67.7314,54.0999],[-67.7615,54.0607],[-67.7573,54.0337],[-67.5306,53.8394],[-67.471,53.7965],[-67.4557,53.7305],[-67.477,53.6352],[-67.4735,53.6133],[-67.4571,53.6012],[-67.1649,53.543],[-67.1285,53.5028],[-67.0761,53.4174],[-67.0259,53.3931],[-66.9804,53.384],[-66.9444,53.3551],[-66.9379,53.3288],[-66.9652,53.183],[-66.9703,53.073],[-67.028,52.9805],[-67.0537,52.92],[-67.0697,52.8326],[-67.068,52.7549],[-67.0295,52.7204],[-66.951,52.6983],[-66.8975,52.6938],[-66.8558,52.6984],[-66.8148,52.6865],[-66.6883,52.7269],[-66.6713,52.7488],[-66.6314,52.9103],[-66.6153,52.9316],[-66.521,52.9585],[-66.4899,53.005],[-66.468,53.0186],[-66.428,53.0108],[-66.3899,52.992],[-66.3281,52.9339],[-66.3002,52.8969],[-66.3105,52.861],[-66.3413,52.8401],[-66.3568,52.8063],[-66.3664,52.7414],[-66.4166,52.6884],[-66.4261,52.6609],[-66.3942,52.4178],[-66.4017,52.3978],[-66.4634,52.3413],[-66.4622,52.2945],[-66.4393,52.2291],[-66.4074,52.1837],[-66.3789,52.1645],[-66.3455,52.1548],[-66.3268,52.1887],[-66.296,52.2946],[-66.2795,52.3008],[-66.1485,52.2298],[-66.097,52.2095],[-66.0358,52.1092],[-65.9788,52.0807],[-65.8829,52.0542],[-65.8268,52.0524],[-65.8059,52.0637],[-65.7806,52.1039],[-65.6906,52.0936],[-65.6311,52.0731],[-65.5891,52.0734],[-65.5516,52.094],[-65.4743,52.1962],[-65.4521,52.2029],[-65.398,52.203],[-65.2682,52.1852],[-65.1371,52.1547],[-65.0362,52.1135],[-64.9321,52.055],[-64.7646,51.9054],[-64.658,51.8486],[-64.6267,51.8253],[-64.639,51.7905],[-64.6927,51.7626],[-64.7023,51.7454],[-64.6974,51.7205],[-64.598,51.6004],[-64.5063,51.6089],[-64.2905,51.7288],[-64.2894,51.7691],[-64.3261,51.8115],[-64.3346,51.8419],[-64.3214,51.9297],[-64.2708,52.0832],[-64.2596,52.0995],[-64.1596,52.148],[-64.1307,52.1867],[-64.1032,52.3785],[-64.1835,52.5542],[-64.1872,52.626],[-64.1785,52.8153],[-64.1394,52.8542],[-64.0079,52.8782],[-63.9734,52.8951],[-63.9175,53.0656],[-63.9051,53.0769],[-63.799,53.1043],[-63.7225,53.1092],[-63.6716,53.1007],[-63.6062,53.0349],[-63.5546,52.9643],[-63.5487,52.9397],[-63.5668,52.8259],[-63.5635,52.797],[-63.5502,52.7741],[-63.4097,52.6887],[-63.4228,52.6699],[-63.5225,52.6488],[-63.8107,52.6113],[-63.8985,52.5892],[-63.9555,52.5656],[-64.0176,52.5255],[-64.0594,52.4851],[-64.0662,52.4659],[-64.0617,52.4578],[-63.9511,52.4288],[-63.9428,52.4181],[-63.9355,52.3809],[-63.884,52.3449],[-63.7656,52.2975],[-63.6838,52.138],[-63.668,52.0942],[-63.6643,52.0601],[-63.704,52.0484],[-63.7855,52.0508],[-63.7922,52.0441],[-63.7834,52.0204],[-63.7569,52.0105],[-63.6066,52.0008],[-63.2,52.0009],[-62.7934,52.0009],[-62.3868,52.0009],[-61.9802,52.0009],[-61.5736,52.0009],[-61.167,52.0009],[-60.7604,52.001],[-60.3538,52.001],[-59.9472,52.001],[-59.5406,52.001],[-59.134,52.001],[-58.7274,52.001],[-58.3208,52.0011],[-57.9142,52.0011],[-57.5076,52.0011],[-57.101,52.0011],[-57.101,51.7107],[-57.1001,51.4433]]}},{"type":"Feature","properties":{"name":null,"adm0_name":"Canada","adm0_a3":"CAN","min_zoom":2},"geometry":{"type":"LineString","coordinates":[[-102.0016,60.0011],[-102.0019,60.2416],[-102.0021,60.4821],[-102.0024,60.7226],[-102.0026,60.9631],[-102.0029,61.2037],[-102.0031,61.4442],[-102.0034,61.6847],[-102.0036,61.9252],[-102.0039,62.1657],[-102.0041,62.4062],[-102.0043,62.6467],[-102.0046,62.8872],[-102.0049,63.1277],[-102.0051,63.3682],[-102.0054,63.6088],[-102.0056,63.8493],[-101.9866,64.0802],[-101.9991,64.2284],[-102.435,64.2628],[-102.8708,64.2973],[-103.3067,64.3317],[-103.7426,64.3661],[-104.1784,64.4006],[-104.6143,64.435],[-105.0502,64.4694],[-105.486,64.5038],[-105.9219,64.5382],[-106.3578,64.5727],[-106.7936,64.6071],[-107.2295,64.6415],[-107.6654,64.6759],[-108.1012,64.7104],[-108.5371,64.7448],[-108.9729,64.7792],[-109.2151,64.813],[-109.5164,64.9029],[-109.8047,65.0515],[-110.0929,65.2],[-110.3812,65.3486],[-110.6695,65.4971],[-111.1281,65.4984],[-111.5867,65.4997],[-112.0453,65.501],[-112.5039,65.5023],[-112.7593,65.5805],[-113.0148,65.6586],[-113.2702,65.7368],[-113.5256,65.8149],[-113.7811,65.893],[-114.0365,65.9712],[-114.292,66.0493],[-114.5474,66.1275],[-114.8029,66.2056],[-115.0583,66.2838],[-115.3138,66.3619],[-115.5692,66.44],[-115.8246,66.5182],[-116.0801,66.5963],[-116.3355,66.6744],[-116.5909,66.7526],[-116.8464,66.8307],[-117.1018,66.9089],[-117.3573,66.987],[-117.6127,67.0652],[-117.8681,67.1433],[-118.1236,67.2214],[-118.379,67.2996],[-118.6344,67.3777],[-118.8899,67.4559],[-119.1453,67.534],[-119.4007,67.6122],[-119.6562,67.6903],[-119.9116,67.7684],[-120.1671,67.8466],[-120.4225,67.9247],[-120.678,68.0028],[-120.6783,68.2086],[-120.6787,68.4143],[-120.6791,68.62],[-120.6794,68.8258],[-120.6798,69.0315],[-120.6801,69.2372],[-120.6819,69.5669],[-120.6809,69.6487],[-120.2027,69.6487],[-119.7246,69.6487],[-119.2465,69.6487],[-118.7683,69.6487],[-118.2902,69.6487],[-117.8121,69.6487],[-117.3339,69.6487],[-116.856,69.6497],[-116.6505,69.6498],[-116.6937,69.6955],[-116.8209,69.76],[-116.9481,69.8245],[-117.0753,69.889],[-117.0554,70.0022],[-116.5956,70.0021],[-116.0675,70.0019],[-115.5394,70.0018],[-115.0113,70.0017],[-114.4832,70.0015],[-113.955,70.0014],[-113.4269,70.0013],[-112.8811,70.0014],[-112.878,69.9116],[-112.8749,69.8334],[-112.7625,69.8339],[-112.65,69.8344],[-112.4998,69.9115],[-112.5,70.0012],[-112.1875,70.0012],[-111.875,70.0012],[-111.5625,70.0012],[-111.25,70.0012],[-110.9375,70.0012],[-110.625,70.0012],[-110.3125,70.0012],[-110,70.0012],[-110.0003,70.5441],[-110.0005,71.087],[-110.0007,71.6299],[-110.001,72.1729],[-110.0012,72.7158],[-110.0018,72.9819],[-110.0014,73.2587],[-110.0017,73.8017],[-110.0019,74.3446],[-110.0028,74.851],[-110.0021,74.8876],[-110.0023,75.4305],[-110.0026,75.9734],[-110.0026,76.2442],[-110.0034,76.4797],[-110.0028,76.5163],[-110.003,77.0593],[-110.0033,77.6022],[-110.0036,77.9289],[-110.0035,78.0896],[-110.0035,78.1451],[-110.0037,78.3217],[-110.0044,78.6867]]}},{"type":"Feature","properties":{"name":null,"adm0_name":"Canada","adm0_a3":"CAN","min_zoom":2},"geometry":{"type":"LineString","coordinates":[[-102.0016,60.0011],[-102.5015,60.0011],[-103.0014,60.0011],[-103.5014,60.0011],[-104.0012,60.0011],[-104.5011,60.0011],[-105.0011,60.0011],[-105.5009,60.0011],[-106.0008,60.0011],[-106.5007,60.0011],[-107.0006,60.0011],[-107.5005,60.0011],[-108.0004,60.0011],[-108.5003,60.0011],[-109.0002,60.0011],[-109.5001,60.0011],[-110,60.0011]]}},{"type":"Feature","properties":{"name":null,"adm0_name":"Canada","adm0_a3":"CAN","min_zoom":2},"geometry":{"type":"LineString","coordinates":[[-120,60.0011],[-119.375,60.0011],[-118.75,60.0011],[-118.125,60.0011],[-117.5,60.0011],[-116.875,60.0011],[-116.25,60.0011],[-115.625,60.0011],[-115,60.0011],[-114.375,60.0011],[-113.75,60.0011],[-113.125,60.0011],[-112.5,60.0011],[-111.875,60.0011],[-111.25,60.0011],[-110.625,60.0011],[-110,60.0011]]}},{"type":"Feature","properties":{"name":null,"adm0_name":"Canada","adm0_a3":"CAN","min_zoom":2},"geometry":{"type":"LineString","coordinates":[[-110,60.0011],[-110,59.6571],[-110,59.3131],[-110,58.9692],[-109.9999,58.6252],[-109.9999,58.2813],[-109.9999,57.9372],[-109.9999,57.5933],[-109.9999,57.2493],[-109.9998,56.9054],[-109.9998,56.5614],[-109.9998,56.2174],[-109.9998,55.8734],[-109.9998,55.5295],[-109.9998,55.1855],[-109.9997,54.8415],[-109.9997,54.4976],[-109.9997,54.1536],[-109.9997,53.8096],[-109.9997,53.4656],[-109.9996,53.1217],[-109.9996,52.7777],[-109.9996,52.4337],[-109.9996,52.0897],[-109.9996,51.7458],[-109.9995,51.4018],[-109.9995,51.0578],[-109.9995,50.7139],[-109.9995,50.3699],[-109.9995,50.0259],[-109.9995,49.682],[-109.9994,49.338],[-109.9994,48.9931]]}},{"type":"Feature","properties":{"name":null,"adm0_name":"Canada","adm0_a3":"CAN","min_zoom":2},"geometry":{"type":"LineString","coordinates":[[-88.9485,56.8513],[-89.2052,56.6948],[-89.4637,56.5353],[-89.7221,56.3757],[-89.9806,56.2161],[-90.33,55.9913],[-90.6795,55.7666],[-91.029,55.5418],[-91.3785,55.317],[-91.6839,55.1079],[-91.9893,54.8989],[-92.2948,54.6898],[-92.6002,54.4807],[-92.8552,54.2975],[-93.1102,54.1143],[-93.3652,53.9311],[-93.6202,53.7479],[-94.0036,53.5166],[-94.387,53.2852],[-94.7704,53.0538],[-95.1538,52.8224],[-95.1548,52.391],[-95.1557,51.9595],[-95.1566,51.5281],[-95.1576,51.0966],[-95.1585,50.6652],[-95.1594,50.2338],[-95.1604,49.8023],[-95.1553,49.3697]]}},{"type":"Feature","properties":{"name":null,"adm0_name":"Canada","adm0_a3":"CAN","min_zoom":2},"geometry":{"type":"LineString","coordinates":[[-102.0016,60.0011],[-101.5517,60.0011],[-101.1018,60.0011],[-100.6519,60.0011],[-100.202,60.0011],[-99.752,60.0011],[-99.3021,60.0011],[-98.8522,60.0011],[-98.4023,60.0011],[-97.9523,60.0011],[-97.5024,60.0011],[-97.0525,60.0011],[-96.6025,60.0011],[-96.1526,60.0011],[-95.7027,60.0011],[-95.2528,60.0011],[-94.7719,60.0018]]}},{"type":"Feature","properties":{"name":null,"adm0_name":"Canada","adm0_a3":"CAN","min_zoom":2},"geometry":{"type":"LineString","coordinates":[[-102.0016,60.0011],[-102.0016,59.7396],[-102.0016,59.4781],[-102.0015,59.2167],[-102.0015,58.9552],[-102.0015,58.6937],[-102.0014,58.4323],[-102.0014,58.1708],[-102.0014,57.9093],[-102.0013,57.6478],[-102.0013,57.3864],[-102.0013,57.1249],[-102.0012,56.8634],[-102.0012,56.6019],[-102.0012,56.3405],[-102.0011,56.079],[-102.0011,55.8175],[-101.9613,55.391],[-101.9215,54.9646],[-101.8817,54.5381],[-101.8419,54.1117],[-101.8021,53.6852],[-101.7623,53.2587],[-101.7225,52.8323],[-101.6828,52.4058],[-101.643,51.9793],[-101.6032,51.5529],[-101.5634,51.1264],[-101.5236,50.7],[-101.4838,50.2735],[-101.444,49.847],[-101.4042,49.4206],[-101.3673,48.9931]]}},{"type":"Feature","properties":{"name":null,"adm0_name":"United States of America","adm0_a3":"USA","min_zoom":2},"geometry":{"type":"LineString","coordinates":[[-116.8965,46.0021],[-117.1443,46.0023],[-117.4098,46.002],[-117.6752,46.0018],[-117.9407,46.0015],[-118.2061,46.0013],[-118.4715,46.001],[-118.737,46.0008],[-119.0024,46.0005],[-119.0197,46.0003],[-119.0499,45.9815],[-119.1773,45.9451],[-119.4291,45.9342],[-119.9343,45.8379],[-120.156,45.7622],[-120.3514,45.7252],[-120.7158,45.6898],[-121.0452,45.639],[-121.1843,45.6438],[-121.2427,45.687],[-121.4021,45.7118],[-121.6625,45.7181],[-121.882,45.6895],[-122.0851,45.6026],[-122.1499,45.5939],[-122.1499,45.5938],[-122.2025,45.5911],[-122.561,45.6251],[-122.6498,45.6274],[-122.7259,45.6738],[-122.7464,45.7497],[-122.8434,45.9781],[-122.942,46.1149],[-123.0423,46.16],[-123.1209,46.1788],[-123.2206,46.1536]]}},{"type":"Feature","properties":{"name":null,"adm0_name":"United States of America","adm0_a3":"USA","min_zoom":2},"geometry":{"type":"LineString","coordinates":[[-116.8965,46.0021],[-116.9302,46.056],[-116.9478,46.1243],[-116.9221,46.1636],[-116.943,46.2321],[-117.0104,46.3296],[-117.039,46.3966],[-117.0325,46.4198],[-117.025,46.4292],[-117.0258,46.5895],[-117.0267,46.7498],[-117.0275,46.9101],[-117.0283,47.0704],[-117.0292,47.2307],[-117.03,47.391],[-117.0308,47.5513],[-117.0316,47.7116],[-117.0325,47.8719],[-117.0333,48.0322],[-117.0341,48.1925],[-117.0349,48.3528],[-117.0357,48.5131],[-117.0365,48.6734],[-117.0374,48.8337],[-117.0391,48.9931]]}},{"type":"Feature","properties":{"name":null,"adm0_name":"United States of America","adm0_a3":"USA","min_zoom":2},"geometry":{"type":"LineString","coordinates":[[-117.0167,42.0006],[-117.0171,42.2238],[-117.0176,42.447],[-117.018,42.6702],[-117.0185,42.8934],[-117.0189,43.1165],[-117.0193,43.3397],[-117.0198,43.5629],[-117.0202,43.8084],[-117.0205,43.8132],[-116.9576,43.9641],[-116.944,44.0377],[-116.9607,44.0791],[-116.9498,44.119],[-116.9113,44.1574],[-116.9124,44.1995],[-116.9532,44.2453],[-117.029,44.2755],[-117.1397,44.2903],[-117.1973,44.3438],[-117.2017,44.4362],[-117.1189,44.5783],[-116.949,44.7701],[-116.8559,44.9057],[-116.8396,44.9852],[-116.7373,45.1688],[-116.5492,45.4567],[-116.477,45.6411],[-116.5209,45.7219],[-116.6168,45.7992],[-116.7647,45.8729],[-116.8692,45.9585],[-116.8965,46.0021]]}},{"type":"Feature","properties":{"name":null,"adm0_name":"United States of America","adm0_a3":"USA","min_zoom":2},"geometry":{"type":"LineString","coordinates":[[-114.6105,34.9911],[-114.6109,34.9074],[-114.5575,34.7946],[-114.398,34.5897],[-114.3789,34.5406],[-114.3769,34.5397],[-114.371,34.4885],[-114.308,34.4329],[-114.1588,34.3552],[-114.1251,34.3172],[-114.125,34.3141],[-114.1256,34.2865],[-114.1635,34.2534],[-114.3293,34.142],[-114.4183,34.0511],[-114.5091,33.9039],[-114.4951,33.7847],[-114.4993,33.6859],[-114.5216,33.6076],[-114.556,33.5356],[-114.6026,33.4699],[-114.6512,33.4306],[-114.7017,33.4178],[-114.7194,33.3309],[-114.7044,33.1698],[-114.6481,33.0718],[-114.5505,33.0368],[-114.4909,32.9836],[-114.469,32.9123],[-114.4775,32.842],[-114.5165,32.7728],[-114.5822,32.7347],[-114.7209,32.7245],[-114.7209,32.7245],[-114.7248,32.7153]]}},{"type":"Feature","properties":{"name":null,"adm0_name":"United States of America","adm0_a3":"USA","min_zoom":2},"geometry":{"type":"LineString","coordinates":[[-114.6105,34.9911],[-114.6105,34.9976],[-114.591,35.3528],[-114.6485,35.4759],[-114.6621,35.5454],[-114.6452,35.6305],[-114.6501,35.6835],[-114.6771,35.7298],[-114.6837,35.8136],[-114.6871,35.9173],[-114.7323,35.9837],[-114.7414,36.0135],[-114.7158,36.085],[-114.6691,36.1217],[-114.593,36.1476],[-114.5053,36.1564],[-114.4061,36.1483],[-114.3315,36.1163],[-114.2816,36.0603],[-114.2321,36.0317],[-114.1832,36.0303],[-114.1194,36.0767],[-114.0619,36.1752],[-114.0429,36.1818],[-114.0412,36.6125],[-114.0403,37.0042]]}},{"type":"Feature","properties":{"name":null,"adm0_name":"United States of America","adm0_a3":"USA","min_zoom":2},"geometry":{"type":"LineString","coordinates":[[-103.0003,36.5012],[-103.0422,36.5006],[-103.0436,36.2195],[-103.0451,35.9384],[-103.0465,35.6573],[-103.048,35.3761],[-103.0495,35.095],[-103.0509,34.8139],[-103.0524,34.5328],[-103.0539,34.2517],[-103.0554,33.9706],[-103.0568,33.6895],[-103.0583,33.4083],[-103.0598,33.1272],[-103.0612,32.8461],[-103.0627,32.565],[-103.0642,32.2839],[-103.0656,32.0027],[-103.2904,32.0026],[-103.5152,32.0026],[-103.74,32.0025],[-103.9648,32.0024],[-104.1896,32.0023],[-104.4144,32.0022],[-104.6392,32.0021],[-104.8639,32.002],[-105.0887,32.0019],[-105.3135,32.0018],[-105.5383,32.0018],[-105.7631,32.0017],[-105.9879,32.0016],[-106.2127,32.0015],[-106.4374,32.0014],[-106.6622,32.0013],[-106.6683,32.0009],[-106.5663,31.8195],[-106.5664,31.8195],[-106.4454,31.7684]]}},{"type":"Feature","properties":{"name":null,"adm0_name":"United States of America","adm0_a3":"USA","min_zoom":2},"geometry":{"type":"LineString","coordinates":[[-95.3467,40.0015],[-95.1162,39.8721],[-95.0555,39.8708],[-94.984,39.8912],[-94.9299,39.8615],[-94.8933,39.7818],[-94.8986,39.7411],[-94.9458,39.7395],[-95.0048,39.6916],[-95.0754,39.5974],[-95.0579,39.509],[-94.9525,39.4264],[-94.8823,39.3431],[-94.8472,39.2592],[-94.7779,39.194],[-94.6224,39.1244]]}},{"type":"Feature","properties":{"name":null,"adm0_name":"United States of America","adm0_a3":"USA","min_zoom":2},"geometry":{"type":"LineString","coordinates":[[-95.765,40.6019],[-95.7396,40.5709],[-95.6847,40.4664],[-95.6616,40.3628],[-95.6071,40.2955],[-95.5212,40.2646],[-95.4637,40.1981],[-95.4343,40.096],[-95.3625,40.0103],[-95.3467,40.0015]]}},{"type":"Feature","properties":{"name":null,"adm0_name":"United States of America","adm0_a3":"USA","min_zoom":2},"geometry":{"type":"LineString","coordinates":[[-96.481,42.5113],[-96.451,42.506],[-96.3838,42.4178],[-96.3561,42.2601],[-96.2953,42.1329],[-96.2014,42.0361],[-96.1542,41.9653],[-96.1538,41.9204],[-96.1312,41.8724],[-96.0866,41.8214],[-96.0688,41.7343],[-96.0778,41.6113],[-96.0586,41.5458],[-96.0114,41.5379],[-95.991,41.5205],[-95.9974,41.4936],[-95.9816,41.4738],[-95.9436,41.4609],[-95.933,41.4255],[-95.9497,41.3674],[-95.936,41.331],[-95.8919,41.3162],[-95.8836,41.2876],[-95.9112,41.2452],[-95.9069,41.212],[-95.8709,41.1878],[-95.8466,41.0803],[-95.834,40.8895],[-95.8381,40.7777],[-95.859,40.7451],[-95.8261,40.6762],[-95.765,40.6019]]}},{"type":"Feature","properties":{"name":null,"adm0_name":"United States of America","adm0_a3":"USA","min_zoom":2},"geometry":{"type":"LineString","coordinates":[[-96.481,42.5113],[-96.5579,42.5248],[-96.6328,42.5687],[-96.6755,42.6376],[-96.8045,42.7014],[-97.0197,42.7602],[-97.1645,42.8132],[-97.2388,42.8605],[-97.4167,42.881],[-97.6981,42.8746],[-97.8809,42.8496],[-97.9649,42.8059],[-98.1433,42.8523],[-98.4418,43.0011],[-98.8371,43.0012],[-99.1833,43.0012],[-99.5294,43.0012],[-99.8755,43.0012],[-100.2216,43.0012],[-100.5677,43.0013],[-100.9138,43.0013],[-101.2599,43.0013],[-101.6061,43.0013],[-101.9522,43.0013],[-102.2983,43.0014],[-102.6444,43.0014],[-102.9905,43.0014],[-103.3366,43.0014],[-103.6827,43.0014],[-104.0289,43.0014]]}},{"type":"Feature","properties":{"name":null,"adm0_name":"United States of America","adm0_a3":"USA","min_zoom":2},"geometry":{"type":"LineString","coordinates":[[-91.15,33.0159],[-91.1442,32.9669],[-91.0961,32.9377],[-91.0934,32.885],[-91.1361,32.8088],[-91.1356,32.7558],[-91.0921,32.7259],[-91.0944,32.6943],[-91.1424,32.661],[-91.1496,32.625],[-91.1161,32.5862],[-91.1008,32.5414],[-91.1038,32.4905],[-91.0593,32.4238],[-90.99,32.3811],[-90.9447,32.3307],[-90.9404,32.3031],[-90.9376,32.2773],[-90.9477,32.2401],[-91.0046,32.1856],[-91.0482,32.1459],[-91.0746,32.1313],[-91.0887,32.1041],[-91.0925,32.0458],[-91.1565,31.9707],[-91.2865,31.884],[-91.3725,31.7737],[-91.4147,31.64],[-91.4591,31.555],[-91.5057,31.5187],[-91.529,31.4488],[-91.529,31.3452],[-91.5587,31.2879],[-91.6182,31.277],[-91.6308,31.2176],[-91.5964,31.1099],[-91.611,31.0649],[-91.6526,31.0296],[-91.6564,31.0018]]}},{"type":"Feature","properties":{"name":null,"adm0_name":"United States of America","adm0_a3":"USA","min_zoom":2},"geometry":{"type":"LineString","coordinates":[[-90.2937,35.0011],[-90.2934,34.9701],[-90.2821,34.9453],[-90.3199,34.8992],[-90.4159,34.8516],[-90.4676,34.8053],[-90.4748,34.7601],[-90.4972,34.7381],[-90.5392,34.7282],[-90.5638,34.6612],[-90.584,34.5037],[-90.6354,34.4139],[-90.7181,34.3917],[-90.7623,34.3564],[-90.7681,34.3081],[-90.8172,34.2522],[-90.9097,34.1888],[-90.9403,34.1286],[-90.9088,34.0716],[-90.9147,34.0486],[-90.9431,34.0297],[-91.0431,34.0029],[-91.0604,33.9893],[-91.0702,33.9742],[-91.0501,33.9452],[-91.0382,33.9014],[-91.0527,33.8276],[-91.0772,33.7967],[-91.1003,33.7674],[-91.1841,33.7157],[-91.2075,33.6757],[-91.1704,33.6475],[-91.1727,33.6167],[-91.2146,33.5834],[-91.2027,33.547],[-91.193,33.5225],[-91.1543,33.5002],[-91.141,33.4385],[-91.1685,33.3595],[-91.1633,33.2945],[-91.1173,33.2408],[-91.1068,33.2179],[-91.1529,33.0406],[-91.15,33.0159]]}},{"type":"Feature","properties":{"name":null,"adm0_name":"United States of America","adm0_a3":"USA","min_zoom":2},"geometry":{"type":"LineString","coordinates":[[-89.7048,36.0016],[-89.7093,35.9831],[-89.6892,35.9436],[-89.6889,35.921],[-89.7038,35.9069],[-89.7382,35.8987],[-89.7636,35.8888],[-89.7689,35.8721],[-89.7699,35.8643],[-89.7681,35.8452],[-89.7636,35.828],[-89.7797,35.8057],[-89.8946,35.7505],[-89.9435,35.6791],[-89.9265,35.5917],[-89.9673,35.5033],[-90.066,35.4141],[-90.1079,35.3142],[-90.0929,35.2036],[-90.1423,35.1143],[-90.256,35.0464],[-90.2938,35.0045],[-90.2937,35.0011]]}},{"type":"Feature","properties":{"name":null,"adm0_name":"United States of America","adm0_a3":"USA","min_zoom":2},"geometry":{"type":"LineString","coordinates":[[-89.5573,36.5011],[-89.5406,36.4267],[-89.5553,36.3729],[-89.6041,36.3519],[-89.6117,36.322],[-89.5835,36.2877],[-89.5835,36.2722],[-89.5946,36.2594],[-89.628,36.2553],[-89.6541,36.248],[-89.6745,36.2206],[-89.6341,36.1679],[-89.6419,36.1045],[-89.6977,36.0303],[-89.7048,36.0016]]}},{"type":"Feature","properties":{"name":null,"adm0_name":"United States of America","adm0_a3":"USA","min_zoom":2},"geometry":{"type":"LineString","coordinates":[[-89.4872,36.5031],[-89.4968,36.5288],[-89.5195,36.5548],[-89.5356,36.5553],[-89.5496,36.5531],[-89.5555,36.5408],[-89.56,36.5131],[-89.5573,36.5011]]}},{"type":"Feature","properties":{"name":null,"adm0_name":"United States of America","adm0_a3":"USA","min_zoom":2},"geometry":{"type":"LineString","coordinates":[[-89.4503,36.5],[-89.4518,36.4975],[-89.4715,36.4889],[-89.4854,36.4981],[-89.4872,36.5031]]}},{"type":"Feature","properties":{"name":null,"adm0_name":"United States of America","adm0_a3":"USA","min_zoom":2},"geometry":{"type":"LineString","coordinates":[[-89.1543,36.9921],[-89.1225,36.9116],[-89.1295,36.8111],[-89.1563,36.7157],[-89.203,36.6255],[-89.2561,36.5944],[-89.2801,36.6],[-89.3305,36.6159],[-89.3513,36.6112],[-89.3975,36.5878],[-89.4503,36.5]]}},{"type":"Feature","properties":{"name":null,"adm0_name":"United States of America","adm0_a3":"USA","min_zoom":2},"geometry":{"type":"LineString","coordinates":[[-91.442,40.3795],[-91.4998,40.226],[-91.5017,40.0975],[-91.4668,39.9429],[-91.4259,39.8268],[-91.3787,39.7494],[-91.2099,39.6028],[-90.9194,39.3869],[-90.7372,39.1818],[-90.6635,38.9875],[-90.5771,38.9096],[-90.478,38.9481],[-90.3543,38.9302],[-90.2201,38.8977],[-90.1499,38.8599],[-90.1342,38.8467],[-90.1268,38.8326],[-90.1322,38.8186],[-90.1508,38.7805],[-90.3166,38.4578],[-90.374,38.3098],[-90.3658,38.2543],[-90.299,38.174],[-90.1736,38.069],[-90.0639,38.0005],[-89.9698,37.9685],[-89.823,37.8841],[-89.6233,37.7473],[-89.5234,37.6445],[-89.5234,37.5759],[-89.5029,37.5058],[-89.462,37.4341],[-89.462,37.3657],[-89.5029,37.3005],[-89.4869,37.2127],[-89.4139,37.1024],[-89.3519,37.0355],[-89.3008,37.0121],[-89.29,37.0128],[-89.2859,37.0227],[-89.2932,37.0382],[-89.2958,37.0516],[-89.2917,37.0707],[-89.2815,37.0778],[-89.2724,37.08],[-89.2249,37.0527],[-89.1543,36.9921]]}},{"type":"Feature","properties":{"name":null,"adm0_name":"United States of America","adm0_a3":"USA","min_zoom":2},"geometry":{"type":"LineString","coordinates":[[-90.6506,42.513],[-90.5896,42.4448],[-90.4847,42.3833],[-90.425,42.3257],[-90.4105,42.2721],[-90.3466,42.2148],[-90.2332,42.154],[-90.1675,42.1003],[-90.1494,42.0537],[-90.1524,41.9815],[-90.1766,41.8836],[-90.2178,41.8131],[-90.276,41.77],[-90.3192,41.7097],[-90.3475,41.632],[-90.4367,41.5604],[-90.5867,41.4947],[-90.7541,41.4498],[-90.9388,41.4256],[-91.0481,41.3691],[-91.0821,41.2803],[-91.0665,41.2059],[-91.0013,41.146],[-90.9638,41.0825],[-90.954,41.0156],[-91.0001,40.9047],[-91.1021,40.7498],[-91.2151,40.6496],[-91.339,40.604],[-91.3942,40.5367],[-91.3805,40.4476],[-91.3908,40.3971],[-91.442,40.3795]]}},{"type":"Feature","properties":{"name":null,"adm0_name":"United States of America","adm0_a3":"USA","min_zoom":2},"geometry":{"type":"LineString","coordinates":[[-91.2453,43.5024],[-91.2383,43.4402],[-91.2187,43.3953],[-91.1784,43.3589],[-91.1172,43.3312],[-91.107,43.278],[-91.1476,43.1996],[-91.1613,43.1023],[-91.1482,42.9862],[-91.1176,42.8817],[-91.0696,42.7886],[-90.9599,42.7203],[-90.7887,42.6769],[-90.6879,42.6103],[-90.6573,42.5205],[-90.6506,42.513]]}},{"type":"Feature","properties":{"name":null,"adm0_name":"United States of America","adm0_a3":"USA","min_zoom":2},"geometry":{"type":"LineString","coordinates":[[-91.2453,43.5024],[-91.2784,43.7974],[-91.3199,43.9363],[-91.3827,43.9908],[-91.5148,44.0542],[-91.7164,44.1265],[-91.841,44.1942],[-91.9123,44.2889],[-92.0551,44.3998],[-92.1486,44.4452],[-92.2403,44.4621],[-92.3131,44.4978],[-92.3669,44.5523],[-92.4416,44.5866],[-92.537,44.6008],[-92.6435,44.6453],[-92.7698,44.7259],[-92.7726,44.732],[-92.7992,44.79],[-92.7847,44.8226],[-92.7634,44.9343],[-92.7652,44.9695],[-92.793,45.0714],[-92.7591,45.1106],[-92.7661,45.2365],[-92.7539,45.2776],[-92.6858,45.3805],[-92.6826,45.4331],[-92.707,45.4938],[-92.7575,45.5432],[-92.8925,45.5948],[-92.8965,45.6586],[-92.8747,45.7061],[-92.7864,45.7955],[-92.7381,45.8747],[-92.6939,45.909],[-92.4246,46.0278],[-92.3673,46.036],[-92.3255,46.0696],[-92.2926,46.0844],[-92.2924,46.2285],[-92.2921,46.3725],[-92.2919,46.5166],[-92.2916,46.6607],[-92.224,46.671],[-92.1945,46.707],[-92.1253,46.763],[-92.0933,46.7619],[-91.9649,46.7298],[-91.8408,46.7786],[-91.7166,46.8274],[-91.5925,46.8763],[-91.4684,46.9251],[-91.2648,47.0211],[-91.0612,47.1171],[-90.8576,47.2131],[-90.654,47.3091],[-90.4799,47.3036],[-90.3059,47.2981],[-90.1318,47.2926],[-89.9577,47.2871]]}},{"type":"Feature","properties":{"name":null,"adm0_name":"United States of America","adm0_a3":"USA","min_zoom":2},"geometry":{"type":"LineString","coordinates":[[-88.042,37.7889],[-88.0732,37.7709],[-88.129,37.6995],[-88.1404,37.6207],[-88.1075,37.5344],[-88.1905,37.4646],[-88.3893,37.4113],[-88.4947,37.3643],[-88.5066,37.3236],[-88.4928,37.2616],[-88.4533,37.1781],[-88.4462,37.1204],[-88.4717,37.0884],[-88.6138,37.1101],[-88.8726,37.1855],[-89.0462,37.183],[-89.1346,37.1025],[-89.1651,37.0416],[-89.1543,36.9921]]}},{"type":"Feature","properties":{"name":null,"adm0_name":"United States of America","adm0_a3":"USA","min_zoom":2},"geometry":{"type":"LineString","coordinates":[[-84.8217,39.092],[-84.8374,39.0827],[-84.8606,39.0397],[-84.8355,38.996],[-84.8366,38.9606],[-84.8639,38.9332],[-84.8542,38.9129],[-84.8075,38.8995],[-84.7896,38.8684],[-84.8007,38.8194],[-84.9012,38.7696],[-85.0939,38.7136],[-85.1355,38.6973],[-85.1699,38.6904],[-85.1861,38.6937],[-85.186,38.6937],[-85.2111,38.7041],[-85.2466,38.727],[-85.3067,38.7372],[-85.4054,38.73],[-85.4448,38.6831],[-85.4248,38.5966],[-85.4587,38.5302],[-85.5463,38.484],[-85.6089,38.423],[-85.6464,38.3473],[-85.7063,38.3014],[-85.7885,38.2852],[-85.8549,38.215],[-85.9057,38.0909],[-85.9612,38.014],[-86.0213,37.9844],[-86.1034,37.9919],[-86.2075,38.0366],[-86.2676,38.0826],[-86.2837,38.1299],[-86.3146,38.1638],[-86.3427,38.1787],[-86.3614,38.179],[-86.3625,38.1721],[-86.355,38.1589],[-86.3651,38.1446],[-86.4296,38.1397],[-86.4574,38.1202],[-86.4483,38.086],[-86.4625,38.0618],[-86.5,38.0475],[-86.5199,38.0148],[-86.5222,37.9637],[-86.5486,37.9171],[-86.5992,37.8748],[-86.6731,37.889],[-86.7703,37.9598],[-86.8691,37.9761],[-86.9694,37.938],[-87.0443,37.8864],[-87.0936,37.8213],[-87.141,37.8052],[-87.2094,37.8548],[-87.3724,37.9235],[-87.4573,37.9381],[-87.5184,37.9216],[-87.5614,37.9291],[-87.5762,37.9478],[-87.5874,37.9557],[-87.5994,37.9465],[-87.6008,37.8867],[-87.6154,37.8489],[-87.6433,37.833],[-87.6646,37.8455],[-87.6794,37.8864],[-87.7145,37.8996],[-87.7697,37.8852],[-87.8253,37.8914],[-87.8744,37.9157],[-87.8921,37.913],[-87.906,37.9018],[-87.9021,37.8551],[-87.9125,37.8177],[-87.9381,37.7938],[-87.9745,37.788],[-88.0218,37.8004],[-88.042,37.7889]]}},{"type":"Feature","properties":{"name":null,"adm0_name":"United States of America","adm0_a3":"USA","min_zoom":2},"geometry":{"type":"LineString","coordinates":[[-82.6128,38.4482],[-82.6213,38.4507],[-82.7582,38.5412],[-82.8446,38.6277],[-82.8804,38.7103],[-83.0001,38.714],[-83.2035,38.6389],[-83.357,38.6274],[-83.4606,38.6795],[-83.5384,38.6999],[-83.6163,38.6828],[-83.6899,38.6495],[-83.7523,38.6694],[-83.8281,38.7312],[-83.9484,38.7742],[-84.1132,38.7984],[-84.2273,38.8652],[-84.2904,38.9747],[-84.358,39.0499],[-84.4301,39.0909],[-84.5089,39.1028],[-84.5945,39.0858],[-84.6605,39.0945],[-84.7069,39.1289],[-84.7659,39.125],[-84.8217,39.092]]}},{"type":"Feature","properties":{"name":null,"adm0_name":"United States of America","adm0_a3":"USA","min_zoom":2},"geometry":{"type":"LineString","coordinates":[[-80.5191,40.647],[-80.6375,40.6033],[-80.659,40.563],[-80.6232,40.5116],[-80.6041,40.4452],[-80.6018,40.3639],[-80.6683,40.1852],[-80.8035,39.9091],[-80.8722,39.7355],[-80.8743,39.6643],[-80.9633,39.5711],[-81.1391,39.456],[-81.2625,39.3865],[-81.3334,39.3628],[-81.3924,39.3648],[-81.4396,39.3926],[-81.4927,39.3736],[-81.5516,39.308],[-81.6065,39.2741],[-81.6572,39.272],[-81.7006,39.2295],[-81.7367,39.1466],[-81.7707,39.0988],[-81.8026,39.0861],[-81.805,39.0441],[-81.7777,38.9728],[-81.7801,38.947],[-81.795,38.9459],[-81.8093,38.95],[-81.8438,38.9343],[-81.8824,38.8942],[-81.8967,38.8935],[-81.9074,38.9002],[-81.9185,38.9523],[-81.9498,38.9893],[-82.0011,39.0111],[-82.0723,38.9629],[-82.1633,38.8449],[-82.2035,38.7682],[-82.1876,38.7152],[-82.1801,38.6376],[-82.2025,38.6058],[-82.2523,38.5941],[-82.2909,38.552],[-82.3181,38.4797],[-82.3871,38.434],[-82.4975,38.415],[-82.6128,38.4482]]}},{"type":"Feature","properties":{"name":null,"adm0_name":"United States of America","adm0_a3":"USA","min_zoom":2},"geometry":{"type":"LineString","coordinates":[[-88.042,37.7889],[-88.0953,37.8756],[-88.0911,37.8966],[-88.0591,37.8984],[-88.0425,37.9367],[-88.0445,38.0133],[-88.0261,38.0596],[-87.996,38.0744],[-87.9903,38.0893],[-88.0051,38.0984],[-88.006,38.1133],[-87.9581,38.1443],[-87.9486,38.178],[-87.9775,38.2144],[-87.9804,38.2492],[-87.9573,38.2822],[-87.9214,38.2975],[-87.873,38.295],[-87.8272,38.3356],[-87.7841,38.4191],[-87.7352,38.4699],[-87.6807,38.488],[-87.636,38.5426],[-87.5838,38.6794],[-87.5295,38.7423],[-87.5177,38.8118],[-87.5303,38.9089],[-87.5683,39.0072],[-87.6317,39.1067],[-87.6473,39.1687],[-87.615,39.1933],[-87.6029,39.2341],[-87.6111,39.2914],[-87.5791,39.344],[-87.5329,39.3749],[-87.5327,39.3791],[-87.5313,39.6624],[-87.5298,39.9622],[-87.5284,40.2619],[-87.5269,40.5617],[-87.5255,40.8615],[-87.524,41.1612],[-87.5225,41.461],[-87.5211,41.7608],[-87.3714,41.7608],[-87.2213,41.7607]]}},{"type":"Feature","properties":{"name":null,"adm0_name":"United States of America","adm0_a3":"USA","min_zoom":2},"geometry":{"type":"LineString","coordinates":[[-88.1733,34.999],[-88.0848,34.9331],[-88.0882,34.9091],[-88.0895,34.8931],[-88.0956,34.8462],[-88.1201,34.6615],[-88.1445,34.4767],[-88.1689,34.292],[-88.1933,34.1073],[-88.2177,33.9225],[-88.2421,33.7378],[-88.2665,33.5531],[-88.2909,33.3683],[-88.3153,33.1836],[-88.3397,32.9989],[-88.3641,32.8142],[-88.3886,32.6294],[-88.413,32.4447],[-88.4374,32.26],[-88.4618,32.0752],[-88.4862,31.8905],[-88.4757,31.7028],[-88.4652,31.5151],[-88.4547,31.3274],[-88.4442,31.1397],[-88.4337,30.952],[-88.4233,30.7643],[-88.4128,30.5766],[-88.3996,30.3708]]}},{"type":"Feature","properties":{"name":null,"adm0_name":"United States of America","adm0_a3":"USA","min_zoom":2},"geometry":{"type":"LineString","coordinates":[[-85.6236,35.0009],[-85.784,35.0024],[-85.9444,35.0039],[-86.1049,35.0054],[-86.2653,35.0069],[-86.4257,35.0084],[-86.5862,35.0099],[-86.7466,35.0114],[-86.907,35.0129],[-87.0674,35.0145],[-87.2279,35.0159],[-87.3883,35.0175],[-87.5487,35.0189],[-87.7092,35.0204],[-87.8696,35.022],[-88.03,35.0235],[-88.1904,35.025],[-88.2031,35.0242],[-88.1908,35.012],[-88.1733,34.999]]}},{"type":"Feature","properties":{"name":null,"adm0_name":"United States of America","adm0_a3":"USA","min_zoom":2},"geometry":{"type":"LineString","coordinates":[[-83.6675,36.605],[-83.6754,36.6027],[-83.6832,36.6004],[-83.6911,36.5982],[-83.6989,36.5959],[-83.7068,36.5936],[-83.7147,36.5914],[-83.7225,36.5891],[-83.7304,36.5868],[-84.0775,36.5966],[-84.4247,36.6063],[-84.7718,36.6161],[-85.119,36.6258],[-85.4661,36.6356],[-85.8133,36.6453],[-86.1605,36.6551],[-86.5076,36.6648],[-86.8405,36.6596],[-87.1734,36.6544],[-87.5063,36.6492],[-87.8392,36.644],[-87.8687,36.675],[-87.9563,36.682],[-88.0911,36.6928],[-88.0963,36.693],[-88.0567,36.5903],[-88.056,36.5009],[-88.0591,36.4997],[-88.2155,36.4997],[-88.3882,36.4998],[-88.5609,36.4998],[-88.7336,36.4998],[-88.9064,36.4999],[-89.0791,36.4999],[-89.2518,36.4999],[-89.4503,36.5]]}},{"type":"Feature","properties":{"name":null,"adm0_name":"United States of America","adm0_a3":"USA","min_zoom":2},"geometry":{"type":"LineString","coordinates":[[-81.6589,36.6106],[-81.8007,36.6152],[-81.9053,36.6185],[-81.9525,36.598],[-82.1622,36.5989],[-82.3294,36.5995],[-82.6118,36.6007],[-82.9558,36.6021],[-83.4408,36.6041],[-83.6675,36.605]]}},{"type":"Feature","properties":{"name":null,"adm0_name":"United States of America","adm0_a3":"USA","min_zoom":2},"geometry":{"type":"LineString","coordinates":[[-75.8574,36.5506],[-75.8891,36.5505],[-75.9664,36.5514],[-76.2148,36.5529],[-76.5766,36.5557],[-76.9384,36.5585],[-77.3002,36.5613],[-77.662,36.5642],[-78.0238,36.567],[-78.3855,36.5698],[-78.7473,36.5726],[-79.1091,36.5754],[-79.4709,36.5782],[-79.8327,36.581],[-80.1945,36.5838],[-80.5563,36.5866],[-80.918,36.5895],[-81.2798,36.5923],[-81.6416,36.5951],[-81.6589,36.6106]]}},{"type":"Feature","properties":{"name":null,"adm0_name":"United States of America","adm0_a3":"USA","min_zoom":2},"geometry":{"type":"LineString","coordinates":[[-85.0073,31.0017],[-84.9663,30.9226],[-84.8869,30.7593],[-84.8839,30.7209],[-84.7904,30.7151],[-84.631,30.7058],[-84.4716,30.6965],[-84.3122,30.6871],[-84.1528,30.6778],[-83.9933,30.6684],[-83.8339,30.6591],[-83.6746,30.6498],[-83.5151,30.6404],[-83.3557,30.6311],[-83.1963,30.6217],[-83.0369,30.6124],[-82.8775,30.603],[-82.7181,30.5937],[-82.5587,30.5844],[-82.3993,30.575],[-82.2399,30.5657],[-82.2389,30.5326],[-82.2127,30.4807],[-82.2062,30.4216],[-82.1942,30.3934],[-82.1626,30.3757],[-82.1123,30.3714],[-82.0618,30.4046],[-82.0298,30.4777],[-82.0218,30.5599],[-82.0412,30.6532],[-82.0382,30.732],[-82.0129,30.7781],[-81.9831,30.7895],[-81.9571,30.8143],[-81.9356,30.8195],[-81.8805,30.8063],[-81.6734,30.7402],[-81.5039,30.7314]]}},{"type":"Feature","properties":{"name":null,"adm0_name":"United States of America","adm0_a3":"USA","min_zoom":2},"geometry":{"type":"LineString","coordinates":[[-85.0073,31.0017],[-85.0674,31.1176],[-85.0926,31.2957],[-85.0549,31.5727],[-85.067,31.6352],[-85.0672,31.6354],[-85.1248,31.7768],[-85.1241,31.8805],[-85.0644,32.0505],[-85.0646,32.051],[-85.0346,32.1474],[-84.993,32.2018],[-84.9297,32.2466],[-84.9215,32.2859],[-84.9685,32.3198],[-84.986,32.3609],[-84.9739,32.4093],[-85.015,32.5262],[-85.1565,32.8043],[-85.1763,32.8982],[-85.201,32.9562],[-85.2274,33.084],[-85.2538,33.2118],[-85.2802,33.3396],[-85.3066,33.4674],[-85.3331,33.5952],[-85.3595,33.723],[-85.3859,33.8507],[-85.4123,33.9786],[-85.4387,34.1063],[-85.4651,34.2341],[-85.4915,34.3619],[-85.5179,34.4897],[-85.5444,34.6175],[-85.5708,34.7453],[-85.5972,34.8731],[-85.6236,35.0009]]}},{"type":"Feature","properties":{"name":null,"adm0_name":"United States of America","adm0_a3":"USA","min_zoom":2},"geometry":{"type":"LineString","coordinates":[[-83.1148,35.0015],[-83.1214,35.0006],[-83.1704,34.9329],[-83.3167,34.8057],[-83.3556,34.7083],[-83.1665,34.5996],[-83.1659,34.5985],[-83.0528,34.5109],[-82.9757,34.4764],[-82.8968,34.4658],[-82.8477,34.4369],[-82.8186,34.3661],[-82.8186,34.366],[-82.5893,34.0174],[-82.5893,34.0176],[-82.3519,33.8377],[-82.2566,33.7492],[-82.2084,33.6636],[-82.0057,33.5229],[-81.9364,33.4473],[-81.9328,33.3899],[-81.9087,33.3493],[-81.8641,33.3254],[-81.8213,33.2741],[-81.7803,33.1953],[-81.6993,33.1268],[-81.5782,33.0686],[-81.4898,32.9357],[-81.4338,32.728],[-81.377,32.6075],[-81.2903,32.5572],[-81.1715,32.3801],[-81.133,32.2747],[-81.135,32.1819],[-81.0748,32.1097],[-80.8723,32.0296]]}},{"type":"Feature","properties":{"name":null,"adm0_name":"United States of America","adm0_a3":"USA","min_zoom":2},"geometry":{"type":"LineString","coordinates":[[-77.1221,38.9435],[-77.1018,38.936],[-77.053,38.9153],[-77.0304,38.8893],[-77.0197,38.8065]]}},{"type":"Feature","properties":{"name":null,"adm0_name":"United States of America","adm0_a3":"USA","min_zoom":2},"geometry":{"type":"LineString","coordinates":[[-77.7266,39.3464],[-77.6688,39.3095],[-77.5341,39.2656],[-77.4789,39.2209],[-77.5029,39.1753],[-77.5065,39.1426],[-77.4809,39.113],[-77.3011,39.0534],[-77.1903,38.969],[-77.1221,38.9435]]}},{"type":"Feature","properties":{"name":null,"adm0_name":"United States of America","adm0_a3":"USA","min_zoom":2},"geometry":{"type":"LineString","coordinates":[[-79.488,39.2109],[-79.3598,39.2854],[-79.2936,39.3116],[-79.0753,39.476],[-79.0467,39.4768],[-78.9715,39.4536],[-78.8148,39.5701],[-78.7962,39.6126],[-78.7778,39.6266],[-78.7582,39.6248],[-78.7465,39.6137],[-78.7534,39.5895],[-78.7417,39.5779],[-78.6777,39.5495],[-78.5875,39.5344],[-78.575,39.5329],[-78.4955,39.5333],[-78.4603,39.5561],[-78.4427,39.6015],[-78.4068,39.6279],[-78.3254,39.6392],[-78.1811,39.6857],[-78.0978,39.6779],[-78.0272,39.6312],[-77.9557,39.6088],[-77.8833,39.6107],[-77.8554,39.5997],[-77.8722,39.5758],[-77.8531,39.5483],[-77.7981,39.5173],[-77.7796,39.4883],[-77.7974,39.4615],[-77.7917,39.4418],[-77.7624,39.4292],[-77.7448,39.4001],[-77.739,39.3543],[-77.7266,39.3464]]}},{"type":"Feature","properties":{"name":null,"adm0_name":"Canada","adm0_a3":"CAN","min_zoom":2},"geometry":{"type":"LineString","coordinates":[[-79.5213,51.5447],[-79.5204,51.2259],[-79.5205,50.966],[-79.5196,50.9185],[-79.5194,50.7422],[-79.5189,50.5003],[-79.5184,50.2584],[-79.5179,50.0165],[-79.5174,49.7747],[-79.5169,49.5328],[-79.5164,49.2909],[-79.5159,49.0491],[-79.5154,48.8072],[-79.515,48.5654],[-79.5145,48.3235],[-79.514,48.0816],[-79.5135,47.8397],[-79.513,47.5564],[-79.5132,47.551],[-79.5593,47.483],[-79.5467,47.4074],[-79.4792,47.3189],[-79.4419,47.2277],[-79.4349,47.1338],[-79.3649,47.022],[-79.1656,46.8272],[-79.0146,46.6065],[-78.9032,46.4865],[-78.781,46.3934],[-78.4605,46.3069],[-77.6827,46.1867],[-77.373,46.0637],[-77.3713,46.0629],[-77.2927,45.9768],[-77.2825,45.962],[-77.2668,45.9294],[-77.2332,45.9036],[-77.1007,45.8327],[-77.0308,45.8075],[-76.9767,45.7981],[-76.9409,45.801],[-76.9255,45.8197],[-76.9129,45.8758],[-76.8902,45.8903],[-76.8716,45.8874],[-76.8237,45.8797],[-76.7538,45.7978],[-76.6666,45.6426],[-76.5531,45.5421],[-76.4134,45.4963],[-76.2699,45.4839],[-76.1226,45.5049],[-76.0006,45.4836],[-75.904,45.4202],[-75.6261,45.4508],[-75.1671,45.5753],[-74.8642,45.6422],[-74.7172,45.6514],[-74.5772,45.6322],[-74.3966,45.5677],[-74.415,45.5088],[-74.4531,45.3936],[-74.4781,45.3179],[-74.4129,45.2691],[-74.3404,45.2144]]}},{"type":"Feature","properties":{"name":null,"adm0_name":"Russia","adm0_a3":"RUS","min_zoom":4.7},"geometry":{"type":"LineString","coordinates":[[50.0775,54.5165],[50.1187,54.437],[50.2056,54.4181],[50.2562,54.3049],[50.1974,54.0381],[49.9791,53.9658],[49.9572,53.9068],[49.8269,53.8872],[49.6245,53.8146],[49.4137,53.8683],[49.2992,53.84],[49.0293,53.8572],[48.8743,53.7164],[48.4911,53.7705],[48.4564,53.6658],[48.3313,53.6245],[48.3756,53.4712],[48.0568,53.4761],[47.9485,53.3587],[48.0345,53.3146],[48.1436,53.1619],[48.1485,53.0587],[48.2216,52.9989],[48.3903,52.9704],[48.5217,52.9782],[48.5925,52.9194],[48.5397,52.8303],[48.437,52.7804]]}},{"type":"Feature","properties":{"name":null,"adm0_name":"Russia","adm0_a3":"RUS","min_zoom":4.7},"geometry":{"type":"LineString","coordinates":[[46.8307,52.6163],[46.8521,52.726],[46.9832,52.7713],[46.9353,52.9098],[46.9126,53.0792],[46.9545,53.1911],[46.9059,53.3353],[46.7948,53.4085],[46.4936,53.5109],[46.4683,53.6543],[46.1926,53.8503],[46.212,53.9087],[45.9572,54.0054],[45.7916,54.0039]]}},{"type":"Feature","properties":{"name":null,"adm0_name":"Russia","adm0_a3":"RUS","min_zoom":4.7},"geometry":{"type":"LineString","coordinates":[[50.072,56.6227],[50.3496,56.6695],[50.4974,56.511],[50.5861,56.3665],[50.7056,56.3299],[50.8512,56.3903],[50.9078,56.296],[50.8372,56.2484],[51.0731,56.1305],[51.2244,56.0999],[51.4365,56.1444]]}},{"type":"Feature","properties":{"name":null,"adm0_name":"Russia","adm0_a3":"RUS","min_zoom":4.7},"geometry":{"type":"LineString","coordinates":[[51.4365,56.1444],[51.5006,56.0824],[51.3991,55.9936],[51.4419,55.9246],[51.6326,55.9523],[51.8286,55.918],[51.9375,55.9737],[52.0645,55.8961],[52.168,55.8985],[52.242,55.9645],[52.1954,56.0771],[52.4393,56.0334],[52.4727,56.0744],[52.6553,56.0178],[52.7942,56.0948],[52.8392,56.1631],[52.7112,56.2304],[52.562,56.2594],[52.7332,56.3784],[52.9081,56.4159],[52.9345,56.5381],[53.0801,56.5266],[52.945,56.3661],[52.9582,56.2522],[53.2731,56.0847],[53.3356,56.1565],[53.2603,56.2539],[53.4272,56.2765],[53.5509,56.241],[53.564,56.1811],[53.4055,56.023],[53.2765,55.9353],[53.2891,55.8583],[53.6317,55.9067]]}},{"type":"Feature","properties":{"name":null,"adm0_name":"Russia","adm0_a3":"RUS","min_zoom":4.7},"geometry":{"type":"LineString","coordinates":[[47.2419,54.6777],[47.3704,54.7526],[47.3785,54.8324],[47.4872,54.8576],[47.7288,54.8313],[47.8031,54.9448],[47.9963,54.9682],[48.0747,55.1084],[48.0166,55.2763],[47.9132,55.3162],[47.7626,55.2141],[47.7025,55.3279],[47.8341,55.3421],[47.9738,55.4995],[48.1008,55.5454],[48.025,55.6305],[48.2054,55.6936],[48.4124,55.8294]]}},{"type":"Feature","properties":{"name":null,"adm0_name":"Russia","adm0_a3":"RUS","min_zoom":4.7},"geometry":{"type":"LineString","coordinates":[[48.4124,55.8294],[48.401,55.8878],[48.6941,55.9646],[48.6901,56.0677],[48.8347,56.0717],[49.0157,56.2327],[49.037,56.3579],[49.2759,56.3532],[49.5579,56.4415],[49.5777,56.5047],[49.7645,56.5359],[49.885,56.4418],[50.0246,56.4596],[50.1799,56.5495],[50.072,56.6227]]}},{"type":"Feature","properties":{"name":null,"adm0_name":"Russia","adm0_a3":"RUS","min_zoom":4.7},"geometry":{"type":"LineString","coordinates":[[52.5385,54.3773],[52.482,54.4672],[52.2227,54.4446],[52.0995,54.3885],[51.9327,54.4363],[51.936,54.5276],[51.6676,54.5671],[51.5135,54.6393],[51.3913,54.6015],[51.296,54.6416],[51.1688,54.6373],[51.0929,54.5535],[51.0038,54.5392],[50.948,54.3476],[50.6969,54.4267],[50.5194,54.3298],[50.3842,54.4858],[50.0775,54.5165]]}},{"type":"Feature","properties":{"name":null,"adm0_name":"Russia","adm0_a3":"RUS","min_zoom":4.7},"geometry":{"type":"LineString","coordinates":[[50.0775,54.5165],[49.9752,54.5095],[49.7463,54.5742],[49.6155,54.562],[49.4758,54.7754],[49.2912,54.8838],[49.1178,54.7955],[49.0144,54.7928],[48.8275,54.6478],[48.6406,54.6596],[48.4696,54.6342],[48.2899,54.7381],[48.0857,54.7663],[47.8495,54.7041],[47.7536,54.7313],[47.6374,54.5654],[47.3661,54.5268],[47.3509,54.5927],[47.2419,54.6777]]}},{"type":"Feature","properties":{"name":null,"adm0_name":"Russia","adm0_a3":"RUS","min_zoom":4.7},"geometry":{"type":"LineString","coordinates":[[42.1344,53.8122],[42.0939,53.5398],[42.3122,53.4404],[42.3542,53.3682],[42.7475,53.0223],[42.9054,52.9697],[43.0952,52.8217],[43.2366,52.6612],[43.0416,52.5606],[43.0113,52.4822],[43.0796,52.4027]]}},{"type":"Feature","properties":{"name":null,"adm0_name":"Russia","adm0_a3":"RUS","min_zoom":4.7},"geometry":{"type":"LineString","coordinates":[[88.624,56.833],[88.5518,56.7868],[88.4189,56.8285],[88.1444,56.7189],[87.7792,56.548],[87.6204,56.6397],[87.397,56.616],[87.1667,56.6756],[87.1298,56.54],[86.913,56.5555],[86.7067,56.6319],[86.5324,56.5688],[86.3942,56.5493],[86.3134,56.6269],[86.2174,56.6242],[86.1116,56.4966],[85.7845,56.4062],[85.7907,56.361],[85.6065,56.3241],[85.6879,56.2388],[85.3793,56.2127],[85.2544,56.2451],[85.1212,56.2159],[85.0092,56.1334],[84.8929,56.1696],[84.4104,56.0441]]}},{"type":"Feature","properties":{"name":null,"adm0_name":"Russia","adm0_a3":"RUS","min_zoom":4.7},"geometry":{"type":"LineString","coordinates":[[38.8954,53.5652],[39.0415,53.5496],[39.1618,53.3946],[39.4154,53.4136],[39.5236,53.4623],[39.5115,53.5254],[39.7402,53.5883],[39.9068,53.4985],[39.9179,53.4162],[40.1602,53.3422]]}},{"type":"Feature","properties":{"name":null,"adm0_name":"Russia","adm0_a3":"RUS","min_zoom":4.7},"geometry":{"type":"LineString","coordinates":[[40.1602,53.3422],[40.3175,53.3562],[40.502,53.4611],[40.7384,53.56],[40.8395,53.4875],[41.0213,53.4895],[41.1744,53.4337],[41.3537,53.5563],[41.3487,53.7411],[41.4001,53.7832],[41.7483,53.8235],[42.1344,53.8122]]}},{"type":"Feature","properties":{"name":null,"adm0_name":"Russia","adm0_a3":"RUS","min_zoom":4.7},"geometry":{"type":"LineString","coordinates":[[37.7471,52.0169],[37.7776,52.1615],[37.948,52.2456],[38.0384,52.3445],[37.9108,52.4729],[37.7828,52.5084],[37.7271,52.5969],[37.8127,52.6484],[37.7766,52.7185],[37.8707,52.7718],[37.7905,52.8453],[37.8388,52.8905],[37.841,53.0085]]}},{"type":"Feature","properties":{"name":null,"adm0_name":"Russia","adm0_a3":"RUS","min_zoom":4.7},"geometry":{"type":"LineString","coordinates":[[37.841,53.0085],[37.9124,53.0726],[38.1077,53.059],[38.3066,52.9741],[38.4729,53.0412],[38.5946,53.0485],[38.6327,53.1232],[38.5954,53.2403],[38.4773,53.31],[38.7617,53.382],[38.6972,53.5001],[38.8954,53.5652]]}},{"type":"Feature","properties":{"name":null,"adm0_name":"Russia","adm0_a3":"RUS","min_zoom":4.7},"geometry":{"type":"LineString","coordinates":[[84.2596,60.8555],[83.9972,60.8261],[83.6162,60.9818],[83.5036,61.0472],[83.1442,61.0282],[82.4074,60.723],[82.3624,60.6006],[82.139,60.532],[81.8304,60.6447],[81.4977,60.6155],[81.1405,60.6367],[81.0172,60.7572],[80.7235,60.7966],[80.4139,60.7606],[80.1654,60.6636],[79.8533,60.6919],[79.5026,60.6866],[79.3595,60.6636],[79.2846,60.7256],[79.3136,60.7923],[79.1685,60.8366],[78.8065,60.7798],[78.6749,60.828],[78.4744,60.7775],[78.1641,60.8031],[77.9411,60.7492],[77.7023,60.8252],[77.4075,60.8111],[77.1361,60.8561],[77.0676,60.7263],[76.9703,60.6491],[77.0535,60.5775],[77.0127,60.5272],[76.7796,60.4518],[76.7494,60.3469],[76.848,60.2661],[76.6986,60.1173],[76.7575,60.0567],[76.7415,59.7578],[76.6563,59.6927],[76.6455,59.5851],[76.4401,59.5446],[76.1717,59.5428],[76.0072,59.4284],[75.8951,59.4264],[75.8434,59.3233],[75.6284,59.2378],[75.6869,59.0401],[75.6416,58.9824],[75.3732,58.7859],[75.1595,58.6502]]}},{"type":"Feature","properties":{"name":null,"adm0_name":"Russia","adm0_a3":"RUS","min_zoom":4.7},"geometry":{"type":"LineString","coordinates":[[40.1602,53.3422],[40.1066,53.2757],[40.1415,53.0719],[40.0705,52.9253],[40.0799,52.8042],[39.9792,52.7688],[39.9531,52.6544],[40.0675,52.5605],[40.203,52.5116],[40.3308,52.403],[40.4766,52.3738],[40.6969,52.2696],[40.6158,52.1292],[40.632,52.0665],[40.5068,52.0219],[40.5038,51.9535]]}},{"type":"Feature","properties":{"name":null,"adm0_name":"Russia","adm0_a3":"RUS","min_zoom":4.7},"geometry":{"type":"LineString","coordinates":[[47.1135,59.6113],[47.0563,59.3785],[47.2524,59.3555],[47.2392,59.2202],[47.5709,59.0599],[47.6022,58.9067],[47.4524,58.9211],[47.2819,58.893],[47.3129,58.8069],[47.2596,58.7563],[47.1199,58.775],[46.9472,58.6066],[46.6873,58.5669],[46.5541,58.4877],[46.541,58.3973],[46.4237,58.3469],[46.4069,58.2087],[46.3413,58.0746]]}},{"type":"Feature","properties":{"name":null,"adm0_name":"Russia","adm0_a3":"RUS","min_zoom":4.7},"geometry":{"type":"LineString","coordinates":[[46.3413,58.0746],[45.8172,58.0471],[45.7061,57.9736],[45.5565,57.9385],[45.4621,58.0353],[45.2944,58.0406],[45.155,58.0798],[44.8626,58.0754],[44.7927,57.955],[44.8646,57.8798],[44.7277,57.7036],[44.6123,57.7067],[44.4832,57.6457],[44.3032,57.517],[43.9954,57.4395],[43.8457,57.4309],[43.7274,57.4658]]}},{"type":"Feature","properties":{"name":null,"adm0_name":"Russia","adm0_a3":"RUS","min_zoom":4.7},"geometry":{"type":"LineString","coordinates":[[37.259,54.8358],[37.2076,54.6877],[37.0886,54.5488],[36.805,54.6099],[36.8484,54.4722],[36.9654,54.3958],[36.8914,54.2832],[36.7145,54.3172],[36.4615,54.2882],[36.3538,54.2233],[36.2372,54.2291],[36.2007,54.0982],[36.1113,53.961],[35.9887,53.9163],[35.9315,53.7861],[36.0096,53.6183]]}},{"type":"Feature","properties":{"name":null,"adm0_name":"Russia","adm0_a3":"RUS","min_zoom":4.7},"geometry":{"type":"LineString","coordinates":[[40.926,58.5791],[41.2176,58.7401],[41.1459,58.785],[41.2454,58.9023],[41.5219,59.0369],[41.687,59.0799],[42.0119,59.1183],[42.0899,59.2297],[41.959,59.2777],[42.0581,59.427],[42.1876,59.3908],[42.197,59.3035],[42.6315,59.3082],[42.6714,59.2284],[42.7996,59.1704],[43.0257,59.2078],[43.1506,59.2614],[43.2941,59.2181],[43.3709,59.2804],[43.498,59.2943],[43.5817,59.1885],[43.7418,59.2595],[43.9602,59.2055],[44.1035,59.2298],[44.207,59.1717],[44.3912,59.1525],[44.9911,59.1216],[45.0911,59.1842],[45.3662,59.1985],[45.9183,59.1844],[46.0036,59.2821],[46.1823,59.3452],[46.3563,59.347],[46.4064,59.6325],[46.757,59.6069],[46.875,59.6325],[47.1135,59.6113]]}},{"type":"Feature","properties":{"name":null,"adm0_name":"Russia","adm0_a3":"RUS","min_zoom":4.7},"geometry":{"type":"MultiLineString","coordinates":[[[35.3697,55.2388],[35.4654,55.2204],[35.5786,55.2905],[35.755,55.2869],[35.8564,55.2385],[36.238,55.1937],[36.4229,55.3187],[36.5863,55.3087],[36.9043,55.2291]],[[37.12,54.9908],[37.259,54.8358]]]}},{"type":"Feature","properties":{"name":null,"adm0_name":"Russia","adm0_a3":"RUS","min_zoom":4.7},"geometry":{"type":"LineString","coordinates":[[36.9043,55.2291],[37.0842,55.0958],[37.12,54.9908]]}},{"type":"Feature","properties":{"name":null,"adm0_name":"Russia","adm0_a3":"RUS","min_zoom":4.7},"geometry":{"type":"LineString","coordinates":[[42.4668,54.8713],[42.6364,54.7867],[43.0977,54.7988],[43.1552,54.9027],[43.369,54.9497],[43.6105,54.9011],[43.6895,54.8306],[43.9491,54.807],[43.9391,54.7419],[44.0914,54.7337],[44.1072,54.6458],[44.3764,54.5898],[44.5398,54.5304],[44.5974,54.5796],[44.7395,54.5157],[44.9172,54.4762],[45.1136,54.4939],[45.0294,54.5681],[45.0914,54.6589],[45.0411,54.7144],[45.1241,54.7962],[45.2086,54.7572],[45.2662,54.8728],[45.4244,54.8818],[45.4391,55.0332],[45.6047,55.1638],[45.7103,55.1768],[45.7404,55.0773],[45.8153,54.9997],[45.9541,54.9966],[46.0557,55.0421]]}},{"type":"Feature","properties":{"name":null,"adm0_name":"Russia","adm0_a3":"RUS","min_zoom":4.7},"geometry":{"type":"LineString","coordinates":[[46.0557,55.0421],[46.4147,54.8954],[46.4413,54.7722]]}},{"type":"Feature","properties":{"name":null,"adm0_name":"Russia","adm0_a3":"RUS","min_zoom":4.7},"geometry":{"type":"LineString","coordinates":[[36.0096,53.6183],[36.0983,53.5559],[36.2202,53.5703],[36.398,53.4285],[36.5352,53.3914],[36.6668,53.4159],[36.8073,53.2966],[37.0882,53.28],[37.1969,53.2507],[37.3272,53.3032],[37.5683,53.289],[37.5613,53.1688],[37.7874,53.0889],[37.841,53.0085]]}},{"type":"Feature","properties":{"name":null,"adm0_name":"Russia","adm0_a3":"RUS","min_zoom":4.7},"geometry":{"type":"LineString","coordinates":[[42.3077,53.8475],[42.4374,54.0118],[42.3186,54.0989],[42.5347,54.0827],[42.596,54.1765],[42.4628,54.2539],[42.2728,54.1715],[42.2063,54.2305],[42.3808,54.2639],[42.5272,54.3666],[42.6252,54.3734],[42.5566,54.4922],[42.6993,54.5824],[42.5238,54.7225],[42.4193,54.7363],[42.3905,54.807],[42.4668,54.8713]]}},{"type":"Feature","properties":{"name":null,"adm0_name":"Russia","adm0_a3":"RUS","min_zoom":4.7},"geometry":{"type":"LineString","coordinates":[[88.6088,55.4456],[88.3965,55.279],[88.55,55.0834],[88.5467,55.0232],[88.6599,54.903],[88.7476,54.8901],[88.7531,54.8046],[88.6126,54.6969],[88.603,54.5217],[88.5186,54.4161],[88.5608,54.2877],[88.7977,54.4071],[88.9548,54.3692],[89.0043,54.2901],[89.1292,54.3505],[89.2186,54.2425],[89.1872,54.1474],[89.0468,54.1174],[88.9815,54.0652],[89.0727,53.9526],[89.2604,53.8348],[89.1815,53.7807],[89.0183,53.7423],[89.0112,53.6794],[88.8339,53.5846],[88.8952,53.3866],[89.0506,53.2494],[89.0491,53.1305],[88.8951,52.9874],[89.1182,52.92],[89.2356,52.81],[89.0432,52.6781],[89.1151,52.6264],[88.9446,52.488],[88.6761,52.3525],[88.6881,52.2567],[88.3648,52.168]]}},{"type":"Feature","properties":{"name":null,"adm0_name":"Russia","adm0_a3":"RUS","min_zoom":4.7},"geometry":{"type":"LineString","coordinates":[[35.1035,53.3108],[35.2051,53.2721],[35.3557,53.2842],[35.4221,53.4043],[35.6371,53.5432],[35.7658,53.5191],[35.9106,53.644],[36.0096,53.6183]]}},{"type":"Feature","properties":{"name":null,"adm0_name":"Russia","adm0_a3":"RUS","min_zoom":4.7},"geometry":{"type":"LineString","coordinates":[[42.1344,53.8122],[42.3077,53.8475]]}},{"type":"Feature","properties":{"name":null,"adm0_name":"Russia","adm0_a3":"RUS","min_zoom":4.7},"geometry":{"type":"LineString","coordinates":[[42.3077,53.8475],[42.513,53.7372],[42.6309,53.8076],[42.9398,53.8011],[43.1704,53.8392],[43.1063,53.9092],[43.1816,54.0011],[43.3095,54.017],[43.4251,53.9885],[43.5278,54.0146],[43.7518,53.9632],[43.933,53.8618],[43.8769,53.8097],[44.0994,53.7356],[44.2062,53.7603],[44.3136,53.7012],[44.4275,53.7234],[44.5339,53.6643],[44.7295,53.6997],[44.6147,53.8313],[44.6165,53.8915],[44.8828,53.9691],[45.1762,53.9788],[45.3393,53.8849],[45.6462,53.9302],[45.7916,54.0039]]}},{"type":"Feature","properties":{"name":null,"adm0_name":"Russia","adm0_a3":"RUS","min_zoom":4.7},"geometry":{"type":"LineString","coordinates":[[45.7916,54.0039],[45.8791,54.0313],[46.0183,54.1894],[46.3794,54.2305],[46.4882,54.2844],[46.719,54.3296],[46.7337,54.3845],[46.5431,54.4063],[46.4818,54.4993],[46.5333,54.5526],[46.5156,54.6534],[46.4441,54.6879],[46.4413,54.7722]]}},{"type":"Feature","properties":{"name":null,"adm0_name":"Russia","adm0_a3":"RUS","min_zoom":4.7},"geometry":{"type":"LineString","coordinates":[[46.4413,54.7722],[46.8691,54.6317],[47.063,54.6902],[47.2419,54.6777]]}},{"type":"Feature","properties":{"name":null,"adm0_name":"Russia","adm0_a3":"RUS","min_zoom":4.7},"geometry":{"type":"LineString","coordinates":[[43.7274,57.4658],[43.6888,57.2792],[43.5386,57.2618],[43.5143,57.1176],[43.6696,57.0427],[43.5013,56.9064],[43.339,56.8607],[42.9776,56.8418],[42.83,56.8023],[42.7866,56.669],[42.9023,56.6462],[42.8454,56.5522],[42.8819,56.4716],[42.648,56.4806],[42.5879,56.4202]]}},{"type":"Feature","properties":{"name":null,"adm0_name":"Russia","adm0_a3":"RUS","min_zoom":4.7},"geometry":{"type":"LineString","coordinates":[[46.3413,58.0746],[46.4299,58.0205],[47.3542,58.0255],[47.4515,57.9874],[47.7031,57.9584],[47.7623,57.876],[47.5721,57.8104],[47.5212,57.5861],[47.471,57.5285],[47.2487,57.5673],[47.0542,57.4983],[46.7501,57.5173],[46.6952,57.3205],[46.7898,57.2813],[46.7422,57.2046],[46.7626,57.0302],[46.7149,56.9663]]}},{"type":"Feature","properties":{"name":null,"adm0_name":"Russia","adm0_a3":"RUS","min_zoom":4.7},"geometry":{"type":"LineString","coordinates":[[38.6751,54.2447],[38.7369,54.3451],[38.9088,54.3977],[38.7977,54.4512],[38.8204,54.6019],[39.2157,54.6322],[39.3284,54.7484],[39.3977,54.8761],[39.4884,54.9408],[39.6845,55.0207],[39.8128,54.9975],[39.8882,55.0813],[39.827,55.1826],[40.0014,55.2004],[40.2065,55.3093]]}},{"type":"Feature","properties":{"name":null,"adm0_name":"Russia","adm0_a3":"RUS","min_zoom":4.7},"geometry":{"type":"LineString","coordinates":[[41.7832,55.1191],[41.8864,55.0592],[42.1667,54.949],[42.4397,55.013],[42.4668,54.8713]]}},{"type":"Feature","properties":{"name":null,"adm0_name":"Russia","adm0_a3":"RUS","min_zoom":4.7},"geometry":{"type":"LineString","coordinates":[[40.2065,55.3093],[40.1373,55.4342],[40.1405,55.5172],[40.0369,55.5457],[40.085,55.6126],[39.9002,55.7345],[39.8231,55.8328],[39.5552,55.7761],[39.3581,55.761],[39.3098,55.8306],[39.1231,55.8298],[39.0158,55.9252],[38.8394,55.9009],[38.7291,55.9535],[38.6056,55.9589],[38.5623,56.0832],[38.4028,56.2642],[38.4124,56.369],[38.3296,56.5623],[38.3741,56.6966]]}},{"type":"Feature","properties":{"name":null,"adm0_name":"Russia","adm0_a3":"RUS","min_zoom":4.7},"geometry":{"type":"LineString","coordinates":[[38.8954,53.5652],[38.9093,53.7534],[38.8368,53.76],[38.7946,53.8721],[38.8407,53.9189],[38.7137,54.0013],[38.6943,54.0749],[38.7639,54.1348],[38.6719,54.1774],[38.6751,54.2447]]}},{"type":"Feature","properties":{"name":null,"adm0_name":"Russia","adm0_a3":"RUS","min_zoom":4.7},"geometry":{"type":"LineString","coordinates":[[42.5879,56.4202],[42.7608,56.3061],[42.7547,56.2201],[42.9059,56.1518],[42.6862,56.1221],[42.6941,56.0028],[42.565,55.9691],[42.4864,55.8519],[42.3803,55.7768],[42.281,55.77],[42.0557,55.6129],[42.0684,55.4813],[42.117,55.4217],[41.933,55.3299],[41.8587,55.2409],[41.8702,55.1576],[41.7832,55.1191]]}},{"type":"Feature","properties":{"name":null,"adm0_name":"Russia","adm0_a3":"RUS","min_zoom":4.7},"geometry":{"type":"LineString","coordinates":[[41.7832,55.1191],[41.6583,55.1089],[41.4966,55.157],[41.4116,55.131],[41.2103,55.2212],[41.0466,55.1832],[40.9646,55.2604],[40.7294,55.2039],[40.6115,55.2071],[40.5168,55.3277],[40.3454,55.34],[40.2065,55.3093]]}},{"type":"Feature","properties":{"name":null,"adm0_name":"Russia","adm0_a3":"RUS","min_zoom":4.7},"geometry":{"type":"LineString","coordinates":[[37.6263,58.4902],[37.7166,58.6217],[37.9409,58.6413],[38.0476,58.7357],[38.4782,58.706],[38.55,58.7772],[38.9159,58.7444],[38.9999,58.8463],[38.9403,58.9443],[39.1188,58.9538],[39.4995,58.8889],[39.6195,58.8945],[39.969,58.7595],[40.1608,58.5586],[40.2928,58.5442],[40.5651,58.5905],[40.926,58.5791]]}},{"type":"Feature","properties":{"name":null,"adm0_name":"Russia","adm0_a3":"RUS","min_zoom":4.7},"geometry":{"type":"LineString","coordinates":[[39.4172,56.7721],[39.6794,56.8218],[39.8588,56.7796],[39.8785,56.6461],[39.9426,56.5299],[40.1559,56.4343],[40.4908,56.5838],[40.7147,56.5985],[40.9337,56.5018],[41.0528,56.4751],[41.9339,56.5168],[41.9577,56.3906],[42.0664,56.3684],[42.2886,56.4713],[42.4693,56.4212],[42.5879,56.4202]]}},{"type":"Feature","properties":{"name":null,"adm0_name":"Russia","adm0_a3":"RUS","min_zoom":4.7},"geometry":{"type":"LineString","coordinates":[[38.3741,56.6966],[38.2565,56.7702]]}},{"type":"Feature","properties":{"name":null,"adm0_name":"Russia","adm0_a3":"RUS","min_zoom":4.7},"geometry":{"type":"LineString","coordinates":[[38.2565,56.7702],[38.1542,56.8319],[38.1993,56.8942],[38.2498,57.1288],[38.1429,57.197],[38.3064,57.2763],[38.2705,57.3711],[38.1483,57.3373],[37.9842,57.3592],[37.7943,57.4426],[37.81,57.608],[37.3909,57.828],[37.3665,57.9771],[37.4844,57.9808],[37.5487,58.0528],[37.6735,58.083],[37.5621,58.1653],[37.3497,58.239],[37.4491,58.4075],[37.644,58.4294],[37.6263,58.4902]]}},{"type":"Feature","properties":{"name":null,"adm0_name":"Russia","adm0_a3":"RUS","min_zoom":4.7},"geometry":{"type":"LineString","coordinates":[[40.4452,57.2763],[40.3271,57.2934],[40.1925,57.2128],[40.0639,57.2194],[39.8417,57.1768],[39.844,57.1289],[39.5202,57.0269],[39.5273,56.9558],[39.3868,56.8354],[39.4172,56.7721]]}},{"type":"Feature","properties":{"name":null,"adm0_name":"Russia","adm0_a3":"RUS","min_zoom":4.7},"geometry":{"type":"LineString","coordinates":[[39.4172,56.7721],[39.3098,56.6844],[39.3374,56.6094],[39.2716,56.5383],[39.1211,56.5937],[39,56.5428],[38.8474,56.5976],[38.6292,56.581],[38.3741,56.6966]]}},{"type":"Feature","properties":{"name":null,"adm0_name":"Russia","adm0_a3":"RUS","min_zoom":4.7},"geometry":{"type":"LineString","coordinates":[[43.7274,57.4658],[43.5424,57.5669],[43.3123,57.5171],[43.2635,57.4244],[42.9731,57.3875],[42.8533,57.3943],[42.851,57.6671],[42.7262,57.7018],[42.6497,57.6352],[42.404,57.6326],[42.3364,57.5787],[42.1862,57.5598],[42.0259,57.589],[41.886,57.6856],[41.63,57.7499],[41.5672,57.7042],[41.6044,57.5242],[41.5441,57.4586],[41.4344,57.472],[41.2699,57.4263],[41.1697,57.4352],[41.0729,57.3475],[40.5707,57.3164],[40.4452,57.2763]]}},{"type":"Feature","properties":{"name":null,"adm0_name":"Russia","adm0_a3":"RUS","min_zoom":4.7},"geometry":{"type":"LineString","coordinates":[[40.4452,57.2763],[40.448,57.441],[40.3852,57.4976],[40.4991,57.5803],[40.6634,57.581],[40.6226,57.6549],[40.6264,57.9404],[40.744,58.0515],[40.8847,58.1255],[40.8888,58.1982],[41.1639,58.3609],[41.0645,58.4105],[41.0342,58.5221],[40.926,58.5791]]}},{"type":"Feature","properties":{"name":null,"adm0_name":"Russia","adm0_a3":"RUS","min_zoom":4.7},"geometry":{"type":"LineString","coordinates":[[53.7846,58.4399],[53.886,58.3191],[53.8102,58.2281],[54.0872,57.9942],[54.1563,57.7062],[54.096,57.6074],[54.1684,57.5589],[54.1885,57.4627],[54.1582,57.3143],[54.3143,57.2905],[54.2947,57.0836],[54.3411,57.0119],[54.0986,56.9659],[54.0884,56.7712],[53.8691,56.7132],[53.9591,56.6316],[54.1683,56.5345],[54.245,56.4319],[54.3525,56.3585]]}},{"type":"Feature","properties":{"name":null,"adm0_name":"Russia","adm0_a3":"RUS","min_zoom":4.7},"geometry":{"type":"LineString","coordinates":[[59.3487,61.6822],[59.1139,61.6152],[59.0233,61.5524],[58.6915,61.5027],[57.2044,61.5109],[57.086,61.488],[56.7024,61.5248],[56.5449,61.4351],[56.3908,61.4202],[56.2574,61.2063],[55.8411,61.2496],[55.6902,61.0862],[55.3156,61.123],[55.2137,61.019],[55.0621,61.009],[54.9795,60.8638],[53.8535,60.9802],[53.7911,60.8478],[53.354,60.8934],[53.3487,61.0373],[52.8765,61.0938],[52.7898,60.9489],[52.4423,60.9796],[52.3548,60.8439],[51.8898,60.8758],[51.7742,60.6056],[52.1338,60.5468],[52.1385,60.4728],[52.3239,60.4321],[52.2978,60.2416]]}},{"type":"Feature","properties":{"name":null,"adm0_name":"Russia","adm0_a3":"RUS","min_zoom":4.7},"geometry":{"type":"LineString","coordinates":[[52.2978,60.2416],[52.4538,60.2005],[53.3581,60.1665],[53.4572,60.2048],[53.6076,60.1427],[53.7065,60.0012],[53.6576,59.8244],[53.5921,59.7085],[53.4184,59.6785],[53.3543,59.5008],[53.2058,59.364],[53.3346,59.1852],[53.4337,59.1438],[53.8765,59.0928],[53.7666,59.0215],[53.7265,58.9168],[53.8213,58.8211],[53.922,58.7828],[53.7501,58.6968],[53.7047,58.595],[53.7846,58.4399]]}},{"type":"Feature","properties":{"name":null,"adm0_name":"Russia","adm0_a3":"RUS","min_zoom":4.7},"geometry":{"type":"LineString","coordinates":[[53.7846,58.4399],[53.4984,58.4503],[53.3395,58.3886],[53.1651,58.4562],[53.13,58.5371],[52.9213,58.5343],[52.8701,58.4106],[52.3287,58.4503],[52.1672,58.4896],[51.971,58.4641],[51.7961,58.3613],[51.7915,58.2811],[51.6735,58.1661],[51.7665,58.1415],[51.7933,58.043],[51.8846,57.9864],[51.8518,57.8425],[51.9239,57.8169],[51.8621,57.6473],[51.7481,57.5462],[51.6401,57.5444],[51.6009,57.457],[51.3972,57.4781],[51.1814,57.4466],[51.1204,57.2655],[51.1933,57.2028],[51.2275,57.0675],[51.3589,56.9273],[51.5405,56.883],[51.4003,56.7671],[51.3786,56.6799],[51.2057,56.6703],[51.1453,56.5147],[51.2728,56.4399],[51.3199,56.3291],[51.4204,56.2836],[51.4365,56.1444]]}},{"type":"Feature","properties":{"name":null,"adm0_name":"Russia","adm0_a3":"RUS","min_zoom":4.7},"geometry":{"type":"LineString","coordinates":[[46.7149,56.9663],[46.8229,56.9304],[46.9507,56.9446],[47.161,56.9012],[47.1741,56.8141],[47.509,56.8934],[47.7699,57.0601],[47.9098,56.9826],[48.2023,57.0281],[48.293,57.1633],[48.4514,57.1283],[48.5694,57.1724],[48.8223,57.1635],[48.9606,57.0893],[49.0392,57.2225],[49.0348,57.2882],[49.213,57.2915],[49.1497,57.1502],[49.285,57.0391],[49.4109,57.0254],[49.5291,57.0726],[49.6998,57.0734],[49.7418,56.8995],[50.0169,56.8637],[50.1013,56.7924],[50.072,56.6227]]}},{"type":"Feature","properties":{"name":null,"adm0_name":"Russia","adm0_a3":"RUS","min_zoom":4.7},"geometry":{"type":"LineString","coordinates":[[48.419,60.8538],[48.5384,60.5644],[48.5186,60.4765],[48.7547,60.3612],[48.4972,60.2183],[48.4561,60.1153],[48.4926,59.9887],[48.5076,59.7151],[48.562,59.6994],[49.0726,59.6596],[49.0388,59.5005],[49.1514,59.5055],[49.3631,59.4158],[49.5249,59.3975],[49.5273,59.2351],[49.6637,59.2084],[49.7949,59.2331],[49.834,59.6381],[50.0404,59.6819],[49.9986,59.7768],[50.2117,59.7541],[50.3864,59.8395],[50.8301,59.8708],[51.0754,60.0607],[51.3072,60.028],[51.4211,59.9434],[51.5213,59.9462],[51.8022,60.1152],[51.9004,60.2442],[52.0609,60.3169],[52.2978,60.2416]]}},{"type":"Feature","properties":{"name":null,"adm0_name":"Russia","adm0_a3":"RUS","min_zoom":4.7},"geometry":{"type":"LineString","coordinates":[[38.2565,56.7702],[38.0147,56.7736],[37.9744,56.8538],[37.6564,56.9435],[37.5534,56.9056],[37.4989,56.7848],[37.231,56.7729],[37.157,56.6832],[37.1349,56.5603],[37.0554,56.5176],[36.8329,56.5832],[36.537,56.4754],[36.1725,56.4084],[36.0961,56.3468],[35.9825,56.3872],[35.7829,56.392],[35.6451,56.4741],[35.4579,56.4483],[35.548,56.3707],[35.4837,56.2416],[35.3786,56.1739],[35.3172,56.054],[35.2098,56.0188],[35.1741,55.9483]]}},{"type":"Feature","properties":{"name":null,"adm0_name":"Russia","adm0_a3":"RUS","min_zoom":4.7},"geometry":{"type":"LineString","coordinates":[[37.12,54.9908],[37.2162,55.0838],[37.4248,55.1842],[37.463,55.379],[37.5656,55.3585],[37.6591,55.5689],[37.8127,55.6494],[37.8429,55.7625],[37.8005,55.8377],[37.6115,55.9037],[37.4311,55.8777],[37.3482,55.744],[37.4141,55.6599],[37.2106,55.6016],[37.1749,55.4478],[36.914,55.4259],[37.0145,55.3012],[36.9043,55.2291]]}},{"type":"Feature","properties":{"name":null,"adm0_name":"Russia","adm0_a3":"RUS","min_zoom":4.7},"geometry":{"type":"LineString","coordinates":[[36.1733,58.525],[36.1263,58.6955],[35.8361,58.7447],[35.7512,58.8265],[35.3985,58.8435],[35.2657,58.7648],[35.1246,58.815],[35.1308,58.9373],[34.8315,58.991],[34.8785,59.0434],[34.7299,59.1032]]}},{"type":"Feature","properties":{"name":null,"adm0_name":"Russia","adm0_a3":"RUS","min_zoom":4.7},"geometry":{"type":"LineString","coordinates":[[36.1733,58.525],[35.9414,58.4553],[35.9349,58.4233],[35.5517,58.448],[35.3945,58.4315],[35.2792,58.3589],[35.2691,58.2713],[35.0348,58.1995],[34.7856,58.2418],[34.6844,58.1973],[34.6507,58.0815],[34.4885,58.1464],[34.1417,58.208],[33.8695,58.1442],[33.7188,58.158],[33.545,58.0472],[33.686,58.0026],[33.7012,57.9267],[33.5805,57.8577],[33.5368,57.7197],[33.3249,57.6546],[33.3087,57.5655],[33.2162,57.4539],[33.0461,57.4371],[32.8073,57.46],[32.6681,57.3462],[32.2721,57.1952],[32.1327,57.1837],[31.9668,57.1168],[31.7221,57.1057],[31.6783,57.0133],[31.5456,56.9398],[31.307,56.9688],[31.1175,56.931],[31.0001,56.9652]]}},{"type":"Feature","properties":{"name":null,"adm0_name":"Russia","adm0_a3":"RUS","min_zoom":4.7},"geometry":{"type":"LineString","coordinates":[[47.0429,60.8538],[47.0838,60.8186],[46.9591,60.6602],[47.0488,60.5752],[46.8625,60.5073],[46.8071,60.3183],[46.7495,60.2611],[46.4408,60.2714],[46.3491,60.2144],[46.4041,60.1068],[46.6085,60.0673],[47.0364,60.0995],[46.9226,59.8439],[46.9349,59.7891],[47.1126,59.7527],[47.1135,59.6113]]}},{"type":"Feature","properties":{"name":null,"adm0_name":"Russia","adm0_a3":"RUS","min_zoom":4.7},"geometry":{"type":"LineString","coordinates":[[37.6263,58.4902],[37.1875,58.7709],[37.1222,58.866],[36.8642,58.8428],[36.8156,58.7582],[36.6686,58.6853],[36.5206,58.5585],[36.3236,58.4998],[36.1733,58.525]]}},{"type":"Feature","properties":{"name":null,"adm0_name":"Russia","adm0_a3":"RUS","min_zoom":4.7},"geometry":{"type":"LineString","coordinates":[[37.259,54.8358],[37.4608,54.8223],[37.5643,54.7365],[37.7583,54.7362],[37.7499,54.8203],[37.9386,54.8323],[38.0393,54.7137],[38.2188,54.6596],[38.4622,54.6403],[38.49,54.5797],[38.3904,54.4686],[38.5138,54.364],[38.5212,54.2888],[38.6751,54.2447]]}},{"type":"Feature","properties":{"name":null,"adm0_name":"Russia","adm0_a3":"RUS","min_zoom":4.7},"geometry":{"type":"LineString","coordinates":[[46.214,56.0498],[46.4024,56.1192],[46.658,56.1195],[47.0557,56.2877],[47.2766,56.3352],[47.3847,56.3301],[47.4367,56.1885],[47.5293,56.1543],[47.8289,56.1454],[47.9051,56.1138],[48.024,55.9366],[48.285,55.8459],[48.4124,55.8294]]}},{"type":"Feature","properties":{"name":null,"adm0_name":"Russia","adm0_a3":"RUS","min_zoom":4.7},"geometry":{"type":"LineString","coordinates":[[46.7149,56.9663],[46.601,56.92],[46.336,56.9521],[46.3127,56.907],[45.9586,56.8721],[45.8589,56.6291],[45.651,56.5908],[45.6627,56.4609],[45.7887,56.4248],[45.949,56.4332],[45.9461,56.325],[45.8738,56.2588],[46.0677,56.1819],[46.0922,56.0564],[46.214,56.0498]]}},{"type":"Feature","properties":{"name":null,"adm0_name":"Russia","adm0_a3":"RUS","min_zoom":4.7},"geometry":{"type":"LineString","coordinates":[[46.214,56.0498],[46.0988,55.9408],[46.0938,55.808],[45.9201,55.688],[46.0485,55.6167],[46.1397,55.5238],[46.2438,55.5237],[46.3841,55.4631],[46.2535,55.3854],[46.2286,55.2733],[46.0979,55.2042],[46.0557,55.0421]]}},{"type":"Feature","properties":{"name":null,"adm0_name":"Russia","adm0_a3":"RUS","min_zoom":4.7},"geometry":{"type":"LineString","coordinates":[[78.4826,72.395],[78.6968,72.1803],[79.4189,72.0434],[79.6949,72.0577],[80.218,71.9425],[80.3391,71.8898],[80.0364,71.8308],[80.1188,71.6749],[79.8682,71.6017],[79.3827,71.615],[79.3335,71.4811],[79.1431,71.4217],[79.2447,71.3167],[79.5652,71.2774],[79.9544,71.1341],[80.4032,71.0912],[80.5501,71.0444],[80.5519,70.9002],[80.6799,70.8054],[80.608,70.7102],[80.7528,70.6352],[80.5691,70.4608],[80.1769,70.4296],[80.0951,70.3534],[79.6302,70.2207],[79.5053,70.1154],[79.2084,70.0528],[79.1712,69.9783],[78.9129,69.8609],[79.1164,69.7316],[79.5854,69.5883],[79.6445,69.4914],[79.8543,69.3545],[80.2598,69.3557],[80.7342,69.3081],[80.9669,69.2091],[81.3239,69.2856],[81.6107,69.2864],[81.6256,69.4095],[81.7832,69.4287],[81.9294,69.3493],[81.7722,69.2329],[81.8932,69.1827],[82.2569,69.1567],[82.4968,69.1105],[82.3327,69.062],[82.4807,68.9951],[82.5459,68.8403],[83.0154,68.6839],[82.8666,68.6278],[82.5359,68.6107],[82.7096,68.4141],[82.6806,68.2828],[82.5496,68.1791],[82.3946,68.1766],[82.3536,67.9435],[82.0592,67.9485],[81.7305,67.9075],[81.8818,67.7993],[82.1003,67.7244],[82.1096,67.609],[82.3868,67.5236],[82.2561,67.4091],[82.3525,67.328],[82.1173,67.2438],[82.7957,66.9766],[83.0418,66.891],[83.1619,66.818],[83.2928,66.663],[83.0781,66.5789],[83.091,66.4592],[83.2624,66.3894],[83.5246,66.173],[83.3806,66.1395],[83.2961,66.0583],[83.5212,65.9083],[83.5181,65.8225],[84.031,65.793],[84.1683,65.7034],[84.3194,65.6844],[84.2909,65.6132],[84.4299,65.5514],[84.5502,65.4334],[84.5856,65.3111],[84.5233,65.2134],[84.3882,65.1752],[84.3128,65.0985],[84.3868,64.9939],[84.2789,64.9403],[84.4701,64.8902],[84.8198,64.9307],[84.9677,64.8914],[85.1844,64.7508],[85.61,64.8278],[85.859,64.7564],[85.812,64.6563],[85.916,64.5885],[85.8445,64.501],[85.9508,64.3285],[86.0281,64.2798],[85.9342,64.1228],[85.9482,64.0534],[85.5335,63.9367],[85.3731,63.8084],[85.333,63.7008],[85.0967,63.5342],[85.2764,63.5224],[85.3779,63.4665],[85.4102,63.3532],[85.6406,63.3742],[85.4694,63.1492],[85.584,63.0539],[85.5183,62.9326],[85.3243,62.8693],[85.2252,62.8012],[85.09,62.638],[84.9577,62.5929],[84.8609,62.4512],[84.7456,62.4104],[84.4357,62.178]]}},{"type":"Feature","properties":{"name":null,"adm0_name":"Russia","adm0_a3":"RUS","min_zoom":4.7},"geometry":{"type":"LineString","coordinates":[[84.4357,62.178],[84.289,62.2762],[84.237,62.3767],[84.0959,62.3751],[83.7982,62.5603],[83.5329,62.5248],[83.3107,62.457],[83.0335,62.5295],[83.01,62.5947],[82.741,62.6802],[82.7327,62.7572],[82.2879,62.7751],[82.0735,62.8],[81.8398,62.6919],[81.6004,62.7731],[81.3492,62.8212],[81.195,62.9496],[81.0747,63.1174],[80.5842,63.0826],[80.5744,63.019],[80.0732,62.8262],[79.9147,62.792],[79.8201,62.6037],[78.7931,62.6151],[78.3794,62.5678],[77.9665,62.478],[77.889,62.5573],[77.327,62.7104],[77.1322,62.813],[77.0262,62.975],[76.6226,63.0378],[76.2894,62.95],[76.2402,63.0188],[75.8027,63.114],[75.6997,63.0912],[75.3636,63.1078],[74.9145,63.032],[74.5074,63.0432],[74.2411,63.172],[73.3681,63.2069],[73.2839,63.315],[73.1038,63.4363],[72.907,63.3933],[72.655,63.2802],[72.1608,63.2992],[71.9637,63.1971],[71.8055,63.2189],[71.608,63.1852],[71.5691,63.5514],[71.3876,63.6746],[70.9138,63.6924],[70.8132,63.8217],[70.6377,63.9032],[70.5697,64.0154],[70.7548,64.1002],[70.7689,64.1936],[70.6721,64.2368],[70.4727,64.2516],[70.3069,64.3436],[69.9999,64.3159],[69.8253,64.341],[69.6931,64.4],[69.3896,64.3885],[69.2441,64.4658],[69.0148,64.4718],[68.8592,64.4357],[68.9904,64.3296],[68.8106,64.2212],[68.425,64.296],[68.1786,64.1762],[67.9356,64.1176],[67.8093,64.032],[67.6791,64.079],[67.2807,64.0806],[67.1709,64.1629],[66.8187,64.2256],[66.7959,64.3213],[66.8917,64.3835],[66.9363,64.487],[66.6816,64.5575],[66.434,64.5152],[66.1461,64.5859],[65.8835,64.5686],[65.3997,64.5714],[65.1759,64.4458],[64.9952,64.4659],[64.7608,64.4268],[64.6222,64.4387],[64.4443,64.3562],[64.0162,64.3574],[63.8957,64.2871],[63.6114,64.2685],[63.4171,64.3239],[63.5026,64.3711],[63.4666,64.4505],[63.2148,64.526],[62.6992,64.4922],[62.532,64.56],[62.6004,64.645],[62.8028,64.7263],[62.799,64.8474],[62.6787,64.8781],[62.8015,65.0514],[62.8167,65.2916],[62.5165,65.3388],[62.3736,65.4489],[62.4106,65.5154],[62.2784,65.6229],[62.0185,65.7171]]}},{"type":"Feature","properties":{"name":null,"adm0_name":"Russia","adm0_a3":"RUS","min_zoom":4.7},"geometry":{"type":"LineString","coordinates":[[174.4536,61.8148],[174.4685,61.9788],[174.3437,62.05],[174.1165,62.0738],[174.1122,62.1885],[174.0155,62.2693],[174.0934,62.3398],[174.0798,62.447],[173.8724,62.4405],[173.7976,62.5179],[173.5039,62.5341],[173.0266,62.3754],[172.8525,62.3315],[172.705,62.4024],[172.4168,62.4315],[172.3188,62.404],[172.0547,62.4665],[171.4696,62.312],[171.2176,62.3685],[170.9006,62.2794],[170.382,62.3111],[170.2616,62.2854],[170.1594,62.3418],[170.0864,62.4919],[169.9861,62.545],[170.0099,62.6774],[169.8425,62.6553],[169.6569,62.7089],[169.5144,62.8135],[169.1267,62.9725],[168.9392,62.9438],[168.5102,63.0541],[168.5445,63.1265],[168.7956,63.3031],[169.0985,63.44],[169.2052,63.5157],[169.5092,63.5836],[169.5822,63.6434],[169.5494,63.811],[169.3644,63.8798],[169.3444,63.9499],[169.0793,63.9587],[168.8735,64.0207],[168.7779,64.1845],[168.6383,64.211],[168.4987,64.3174],[168.1981,64.3387],[168.0257,64.286],[167.8154,64.3508],[167.7141,64.3407],[167.4978,64.481],[167.4137,64.4817],[167.237,64.6237],[167.0003,64.5498],[166.8068,64.5329],[166.406,64.6007],[166.1986,64.609],[166.0345,64.5595],[165.743,64.6788],[165.684,64.754],[165.4814,64.7433],[165.3295,64.7755],[165.2627,64.8506],[165.0203,64.8367],[165.0037,64.6899],[164.882,64.6859],[164.7979,64.7716],[164.2164,64.9249],[163.8728,64.8654],[163.5203,64.9314],[163.3452,64.8185],[163.1369,64.7702]]}},{"type":"Feature","properties":{"name":null,"adm0_name":"Russia","adm0_a3":"RUS","min_zoom":4.7},"geometry":{"type":"LineString","coordinates":[[158.529,66.3594],[158.3675,66.4591],[158.4704,66.488],[158.6367,66.6191],[158.7158,66.7309],[158.9052,66.8027],[158.7026,67.0552],[158.2987,67.1477],[157.9585,67.2581],[157.7926,67.3579],[157.8762,67.4128],[157.692,67.5455],[157.8059,67.7055],[158.3292,67.7536],[158.2699,67.8234],[158.0933,67.8404],[158.2766,68.076],[158.6326,68.1416],[158.9339,68.1436],[159.111,68.1907],[159.6932,68.2387],[159.8501,68.2774],[160.997,68.301],[161.2255,68.3838],[161.4062,68.4118],[161.7107,68.3734],[162.1781,68.3546],[162.4176,68.3091],[162.5354,68.3628],[162.5809,68.5012],[162.7232,68.6052],[162.6064,68.7144],[162.5943,68.7956],[162.7553,68.8022],[162.8469,68.8693],[162.5541,68.9913],[162.5238,69.1178],[162.7742,69.2034],[162.5207,69.3247],[162.3154,69.5468],[162.4318,69.6771]]}},{"type":"Feature","properties":{"name":null,"adm0_name":"India","adm0_a3":"IDN","min_zoom":4.6},"geometry":{"type":"LineString","coordinates":[[75.3127,11.96],[75.2623,12.0756],[75.2222,12.022]]}},{"type":"Feature","properties":{"name":null,"adm0_name":"India","adm0_a3":"IDN","min_zoom":4.6},"geometry":{"type":"MultiLineString","coordinates":[[[79.8473,10.8096],[79.7674,10.8886],[79.7055,10.9104],[79.7375,10.9862],[79.8467,10.9798]],[[79.8109,11.833],[79.7271,11.8416],[79.686,11.9999],[79.7911,11.9168],[79.8496,11.9552]]]}},{"type":"Feature","properties":{"name":null,"adm0_name":"India","adm0_a3":"IDN","min_zoom":4.6},"geometry":{"type":"LineString","coordinates":[[76.4159,11.6668],[76.3893,11.744],[76.3166,11.7469],[76.1766,11.857],[76.1155,11.8575],[76.0558,11.9637],[75.9606,11.9286],[75.846,11.9511],[75.7762,12.0098],[75.7611,12.0687],[75.6292,12.1021],[75.5366,12.1689],[75.4262,12.2918],[75.3893,12.2947],[75.312,12.4695],[75.1021,12.6789],[74.8928,12.7556]]}},{"type":"Feature","properties":{"name":null,"adm0_name":"India","adm0_a3":"IDN","min_zoom":4.6},"geometry":{"type":"LineString","coordinates":[[76.4159,11.6668],[76.3392,11.5915],[76.2408,11.604],[76.2563,11.4784],[76.4091,11.4368],[76.4954,11.3848],[76.5338,11.3131],[76.4663,11.2052],[76.6412,11.2086],[76.7192,11.1387],[76.6904,10.9334],[76.8198,10.876],[76.8897,10.78],[76.8755,10.6785],[76.8211,10.6332],[76.8086,10.4371],[76.8415,10.3107],[76.928,10.2356],[76.9863,10.2313],[77.0646,10.2963],[77.1915,10.3513],[77.277,10.2101],[77.2243,10.0578],[77.2602,9.9622],[77.2259,9.8589],[77.2354,9.7647],[77.1877,9.6128],[77.2632,9.5574],[77.3406,9.58],[77.3986,9.5],[77.3121,9.3009],[77.2545,9.1221],[77.1649,9.001],[77.2026,8.8942],[77.2493,8.8591],[77.2354,8.7841],[77.1789,8.6952],[77.2038,8.612],[77.2788,8.5264],[77.1661,8.3369],[77.1103,8.2852]]}},{"type":"Feature","properties":{"name":null,"adm0_name":"India","adm0_a3":"IDN","min_zoom":4.6},"geometry":{"type":"LineString","coordinates":[[77.5512,18.3079],[77.5999,18.1148],[77.5629,18.0708],[77.6213,17.9868],[77.6198,17.9257],[77.5003,17.8123],[77.5254,17.7463],[77.4636,17.7134],[77.4115,17.6308],[77.4929,17.5776],[77.5826,17.5788],[77.5993,17.4869],[77.3744,17.2226],[77.4652,17.0426],[77.4334,16.9348],[77.4109,16.7206],[77.432,16.5936],[77.3709,16.5243],[77.2574,16.4494],[77.2937,16.4065],[77.5332,16.361],[77.4908,16.2616],[77.4837,16.0021],[77.4465,15.953]]}},{"type":"Feature","properties":{"name":null,"adm0_name":"India","adm0_a3":"IDN","min_zoom":4.6},"geometry":{"type":"LineString","coordinates":[[78.2296,12.7599],[78.0562,12.8459],[78.0021,12.8072],[77.895,12.8728],[77.8013,12.8566],[77.7653,12.7187],[77.6094,12.6728],[77.5687,12.5596],[77.6189,12.4666],[77.5608,12.3397],[77.4719,12.2742],[77.4921,12.2055],[77.6678,12.2039],[77.7687,12.12],[77.6708,11.9713],[77.4898,11.9261],[77.4339,11.8115],[77.3539,11.7837],[77.2592,11.8169],[77.1219,11.7925],[77.0826,11.7568],[76.9974,11.8259],[76.9077,11.8002],[76.8208,11.6256],[76.7508,11.6423],[76.6054,11.6312],[76.5322,11.7091],[76.4653,11.715],[76.4159,11.6668]]}},{"type":"Feature","properties":{"name":null,"adm0_name":"India","adm0_a3":"IDN","min_zoom":4.6},"geometry":{"type":"LineString","coordinates":[[74.1006,15.6403],[73.9903,15.6135],[73.9428,15.6325],[73.9084,15.7212],[73.8131,15.7719],[73.6804,15.7128]]}},{"type":"Feature","properties":{"name":null,"adm0_name":"India","adm0_a3":"IDN","min_zoom":4.6},"geometry":{"type":"LineString","coordinates":[[74.1006,15.6403],[74.2268,15.6298],[74.2578,15.5186],[74.2365,15.4725],[74.3042,15.2892],[74.2412,15.2378],[74.2928,15.1883],[74.2597,15.0977],[74.2412,14.956],[74.0912,14.8876]]}},{"type":"Feature","properties":{"name":null,"adm0_name":"India","adm0_a3":"IDN","min_zoom":4.6},"geometry":{"type":"LineString","coordinates":[[80.2704,18.7137],[80.0905,18.6975],[80.0019,18.7856],[79.9603,18.8671],[79.9336,19.0531],[79.8618,19.0811],[79.9438,19.1692],[79.9306,19.2119],[79.9655,19.4019],[79.9311,19.4825],[79.8649,19.509],[79.7958,19.5941],[79.7354,19.6034],[79.5389,19.5338],[79.4204,19.5364],[79.266,19.5896],[79.1977,19.4619],[79.0589,19.5471],[79.0243,19.5415],[78.8725,19.6501],[78.8475,19.7245],[78.78,19.7767],[78.7117,19.7743],[78.5337,19.8247],[78.4777,19.7991],[78.3833,19.8662],[78.3218,19.8633],[78.3836,19.6845],[78.3334,19.6433],[78.3026,19.4828],[78.2401,19.4602],[78.1744,19.3747],[78.1679,19.2641],[78.0639,19.2641],[77.9924,19.3227],[77.92,19.3317],[77.855,19.2284],[77.8336,19.1214],[77.752,19.0459],[77.9121,18.8354],[77.8393,18.8096],[77.7811,18.7038],[77.7034,18.6691],[77.6799,18.57],[77.5923,18.5481],[77.5026,18.3816],[77.5512,18.3079]]}},{"type":"Feature","properties":{"name":null,"adm0_name":"India","adm0_a3":"IDN","min_zoom":4.6},"geometry":{"type":"LineString","coordinates":[[77.5512,18.3079],[77.4615,18.2819],[77.3466,18.3515],[77.3019,18.4603],[77.2327,18.4107],[77.2311,18.3338],[77.1179,18.2538],[77.0877,18.1971],[76.9495,18.18],[76.8929,18.1443],[76.8851,17.9745],[76.8391,17.8842],[76.7409,17.8984],[76.7557,17.8258],[76.676,17.7069],[76.5927,17.7706],[76.513,17.7728],[76.3906,17.6368],[76.3222,17.6177],[76.3438,17.3519],[76.2104,17.3889],[76.0947,17.3778],[75.9365,17.3259],[75.87,17.4161],[75.7839,17.3748],[75.6131,17.4716],[75.5528,17.3659],[75.6221,17.2209],[75.6051,17.1581],[75.6468,17.0914],[75.6167,16.9747],[75.5538,17.0149],[75.4534,16.9641],[75.3708,16.9845],[75.256,16.9592],[75.2426,16.9021],[75.1665,16.8679],[75.0434,16.9528],[74.96,16.9511],[74.9223,16.8893],[74.8446,16.852],[74.8667,16.7762],[74.6849,16.7084],[74.6658,16.6062],[74.5574,16.5517],[74.5246,16.6238],[74.43,16.6443],[74.3532,16.5435],[74.2924,16.5284],[74.3662,16.2929],[74.4519,16.2539],[74.4696,16.1098],[74.416,16.0964],[74.4288,15.9938],[74.3545,15.8726],[74.3311,15.7619],[74.2235,15.7261],[74.1861,15.7657],[74.1006,15.6403]]}},{"type":"Feature","properties":{"name":null,"adm0_name":"India","adm0_a3":"IDN","min_zoom":4.6},"geometry":{"type":"LineString","coordinates":[[74.1288,21.9518],[74.2049,21.9251],[74.2844,21.9449],[74.4077,22.023],[74.4856,21.946],[74.5125,21.7269],[74.7081,21.6112],[74.8941,21.612],[75.048,21.5541],[75.1299,21.4377],[75.3119,21.3815],[75.5347,21.3718],[75.814,21.3834],[75.8778,21.3998],[76.0829,21.3681],[76.1429,21.1931],[76.1086,21.1531],[76.1868,21.0858],[76.2866,21.0748],[76.4366,21.1078],[76.4983,21.1804],[76.6141,21.2025],[76.654,21.2513],[76.6334,21.341],[76.7295,21.413],[76.7855,21.5017],[76.7937,21.577],[76.9174,21.6181],[77.0288,21.6936],[77.1155,21.724],[77.219,21.7008],[77.333,21.7745],[77.4607,21.77],[77.5518,21.6968],[77.5552,21.5425],[77.4568,21.5485],[77.4331,21.4988],[77.4818,21.4239],[77.578,21.3845],[77.7126,21.3803],[77.7875,21.423],[77.8715,21.3981],[78.0292,21.4377],[78.1927,21.5511],[78.4133,21.6063],[78.4279,21.5085],[78.5137,21.5266],[78.696,21.4748],[78.9042,21.5093],[78.9219,21.5723],[79.2158,21.6546],[79.2401,21.7128],[79.4131,21.6898],[79.5331,21.6193],[79.5516,21.55],[79.6505,21.5816],[79.7984,21.5878],[79.8403,21.5343],[80.0053,21.5483],[80.1867,21.6395],[80.3102,21.5802],[80.4176,21.4468],[80.6256,21.3265],[80.679,21.3512]]}},{"type":"Feature","properties":{"name":null,"adm0_name":"India","adm0_a3":"IDN","min_zoom":4.6},"geometry":{"type":"LineString","coordinates":[[80.679,21.3512],[80.6256,21.2427],[80.4845,21.1677],[80.4353,20.9992],[80.4813,20.932],[80.5521,20.9193],[80.573,20.6976],[80.503,20.6333],[80.6224,20.6009],[80.6224,20.3259],[80.4244,20.2341],[80.4263,20.1462],[80.5306,20.1349],[80.5572,20.0483],[80.5311,19.9207],[80.4251,19.8928],[80.5378,19.8109],[80.5656,19.7398],[80.6757,19.6766],[80.7129,19.5926],[80.831,19.5471],[80.8939,19.4844],[80.8322,19.3454],[80.7167,19.2627],[80.6174,19.3186],[80.576,19.392],[80.3971,19.2342],[80.3666,19.1174],[80.2718,18.9794],[80.3442,18.8507],[80.2748,18.7769],[80.2704,18.7137]]}},{"type":"Feature","properties":{"name":null,"adm0_name":"Russia","adm0_a3":"RUS","min_zoom":4.7},"geometry":{"type":"LineString","coordinates":[[45.706,44.9758],[45.7119,45.0137],[45.5862,45.1583],[45.3525,45.2434],[44.7063,45.506],[44.421,45.5267],[44.2072,45.61],[44.1482,45.6525],[44.097,45.7739],[43.8776,45.9455],[43.7423,45.9789],[43.5683,45.981],[43.3925,46.016],[43.2373,46.1124],[42.9914,46.1796],[42.9054,46.2403],[42.8346,46.1558],[42.6712,46.0884],[42.5335,45.9977],[42.3174,45.9808],[42.3397,46.1071],[42.1774,46.0991],[42.1497,45.949],[41.7126,45.996]]}},{"type":"Feature","properties":{"name":null,"adm0_name":"India","adm0_a3":"IDN","min_zoom":4.6},"geometry":{"type":"LineString","coordinates":[[83.9702,22.5393],[83.9962,22.5927],[84.191,22.7009],[84.2283,22.7831],[84.3522,22.8856],[84.2917,22.9972],[84.115,22.9989],[84.0891,23.0848],[84.0289,23.1461],[84.0386,23.3094],[84.0154,23.3826],[83.9469,23.37],[83.9522,23.4749],[84.0145,23.554],[83.9912,23.6318],[83.9064,23.5647],[83.7809,23.5865],[83.7208,23.6762],[83.7353,23.7383],[83.6966,23.8187],[83.5568,23.9358],[83.5218,24.0659],[83.4423,24.1218],[83.3371,24.1402]]}},{"type":"Feature","properties":{"name":null,"adm0_name":"Russia","adm0_a3":"RUS","min_zoom":4.7},"geometry":{"type":"LineString","coordinates":[[88.624,56.833],[88.7209,57.0553],[88.5296,57.0958],[88.6475,57.2117],[88.7386,57.2328],[88.8615,57.4317],[89.0772,57.5147],[89.1668,57.6158],[89.3804,57.6372],[89.3544,57.7963],[89.3906,57.8776],[89.3284,57.95],[88.8508,57.9606],[88.6874,58.0366],[88.1557,58.1065],[88.0143,58.2683],[87.9182,58.4999],[87.9322,58.5261],[88.3826,58.9089],[88.7967,59.0105],[88.8258,59.0345],[88.6203,59.1988],[88.5859,59.2987],[87.9363,59.2662],[87.8784,59.289],[87.5539,59.6407],[87.492,59.6736],[87.2136,59.685],[87.0841,59.8828],[86.6254,59.95],[85.9682,59.9559],[85.4963,59.8916],[84.6919,59.9048],[84.5313,59.975],[84.6106,60.0592],[84.6319,60.2056],[84.7812,60.356],[84.7083,60.4589],[84.3553,60.7909],[84.2596,60.8555]]}},{"type":"Feature","properties":{"name":null,"adm0_name":"Russia","adm0_a3":"RUS","min_zoom":4.7},"geometry":{"type":"LineString","coordinates":[[84.2596,60.8555],[84.6481,61.0007],[85.6712,61.2892],[85.6439,61.3876],[85.7711,61.4435],[85.9504,61.4647],[85.9562,61.55],[85.854,61.5951],[85.7219,61.5747],[85.4796,61.6279],[85.3861,61.6981],[85.2727,61.6826],[84.9191,61.7965],[84.6811,61.8153],[84.5201,61.9451],[84.5513,62.0015],[84.4357,62.178]]}},{"type":"Feature","properties":{"name":null,"adm0_name":"Russia","adm0_a3":"RUS","min_zoom":4.7},"geometry":{"type":"LineString","coordinates":[[90.4766,52.1834],[90.7003,52.4582],[91.038,52.6602],[91.2419,52.7475],[91.3963,52.868],[91.408,52.9471],[91.3511,53.0775],[91.6599,53.1585],[91.8412,53.2883],[91.8464,53.3519],[91.744,53.4467],[91.4697,53.5139],[91.4724,53.5673],[91.3333,53.7576],[91.3266,53.8167],[91.4651,53.966],[91.4639,54.0565],[91.2096,54.3382],[91.159,54.4879],[90.855,54.6267],[90.9153,54.7911],[90.8405,54.8389],[90.7149,54.8312],[90.6848,54.9047],[90.4583,54.8708],[90.4355,55.0163],[90.2624,55.05],[90.1292,55.1052],[89.904,55.0861],[89.6578,55.0031],[89.55,55.0464],[89.2008,54.9904],[89.1474,55.0763],[88.9661,55.1848],[88.9502,55.2891],[88.7598,55.3441],[88.6088,55.4456]]}},{"type":"Feature","properties":{"name":null,"adm0_name":"Russia","adm0_a3":"RUS","min_zoom":4.7},"geometry":{"type":"LineString","coordinates":[[88.6088,55.4456],[88.6823,55.516],[89.0616,55.6929],[89.17,55.704],[89.3628,55.7725],[89.4434,55.876],[89.3298,55.9022],[89.1987,56.1346],[89.0563,56.2101],[89.041,56.3047],[88.9132,56.3098],[88.8615,56.3663],[88.7335,56.376],[88.5925,56.4436],[88.625,56.5166],[88.5368,56.5454],[88.5167,56.6266],[88.6612,56.6363],[88.7211,56.7317],[88.624,56.833]]}},{"type":"Feature","properties":{"name":null,"adm0_name":"Russia","adm0_a3":"RUS","min_zoom":4.7},"geometry":{"type":"LineString","coordinates":[[47.0429,60.8538],[46.7533,60.9071],[46.7365,60.9861],[46.5271,61.0513],[46.2851,60.9678],[45.8782,61.0163],[45.7666,61.0546],[45.7918,61.1545],[45.7227,61.1794],[45.3324,61.1893],[45.2291,60.9039],[44.4553,60.947],[44.2058,60.9718],[44.1585,61.0824],[43.776,61.0208],[43.7154,60.8845],[43.5361,60.8531],[43.5109,60.7675],[43.1499,60.806],[43.0488,60.7402],[42.8231,60.8553],[42.6505,60.8631],[42.3948,60.7694],[42.0239,60.8358],[41.8009,60.899],[41.5185,60.8992],[41.3941,60.858],[41.4121,60.7912],[41.3399,60.676],[41.0593,60.6497],[40.8191,60.711],[40.7567,60.7737],[40.5344,60.7246],[39.9235,60.6519],[39.764,60.7369],[39.6482,60.746],[39.3382,60.684],[39.0682,60.7141],[38.9477,60.8027],[38.7895,60.7128],[38.6327,60.7232],[38.5742,60.7991],[38.4301,60.8047],[38.4185,60.874],[38.213,60.924],[38.1663,61.1331],[37.9632,61.1602],[37.8574,61.2846],[37.7729,61.5221]]}},{"type":"Feature","properties":{"name":null,"adm0_name":"Russia","adm0_a3":"RUS","min_zoom":4.7},"geometry":{"type":"LineString","coordinates":[[108.0265,64.2235],[108.2236,64.2034],[108.3201,64.039],[108.2629,63.9959],[107.6798,63.9892],[107.5503,63.857],[107.3725,63.8655],[107.2024,63.9569],[107.0526,63.8918],[106.7644,63.9957],[106.6799,63.9306],[106.7934,63.8424],[106.6295,63.6968],[106.6914,63.6363],[106.5168,63.483],[106.7253,63.375],[106.6614,63.2967],[106.4376,63.32],[106.3683,63.2724],[106.4033,63.1133],[106.1256,63.0482],[106.2253,62.8938],[106.4349,62.8467],[106.5252,62.7413],[106.4948,62.6919],[106.7257,62.5877],[106.7139,62.4876],[106.4791,62.3285],[106.3973,62.3143],[106.4425,62.1848],[106.3751,62.1032],[106.4039,62.0307],[106.2181,62.0032],[105.9022,61.8349],[105.9414,61.6854],[105.8227,61.6312],[105.7176,61.6496],[105.5502,61.5663],[105.3675,61.5298],[105.2532,61.4199],[104.9572,61.3983],[104.904,61.3675],[105.0046,61.1976],[104.8366,61.1762],[104.6352,61.0364],[104.5711,60.9548],[104.6286,60.89],[104.4597,60.8388],[104.5945,60.7352],[104.5232,60.6449],[104.6762,60.3999],[104.8892,60.3017],[105.2206,60.2762],[105.3213,60.2955],[105.4758,60.2539],[105.4238,60.1229],[105.4848,60.0219],[105.3772,59.8217],[105.1864,59.8585],[105.0351,59.836],[105.0049,59.7657],[104.7988,59.6909],[104.8832,59.5254],[104.9857,59.4611],[105.2253,59.4293],[105.1957,59.3033],[105.2881,59.2642],[105.3535,59.1079],[104.9483,58.9586],[104.7591,58.8205],[104.8725,58.7185],[104.7867,58.6663],[104.4582,58.6023],[104.3738,58.7133],[104.2201,58.758],[103.9487,58.7739],[103.8895,58.9026],[103.6929,58.9232],[103.3752,59.0341],[103.246,59.1801],[103.2393,59.2836],[103.0826,59.2644],[102.9988,59.3154],[102.7593,59.1994],[102.5885,59.2031],[102.4549,59.1531],[102.407,59.0674],[102.4386,58.9437],[102.5373,58.8966],[102.5649,58.7967],[102.5197,58.7279],[102.3111,58.6423],[102.1617,58.5156],[101.7736,58.4533],[101.6785,58.4067],[101.5309,58.2253],[101.2976,58.2193],[101.2079,58.1419],[101.1373,57.9854],[100.9705,57.8705],[100.8457,57.8455],[100.8846,57.7697],[100.8014,57.673],[100.9553,57.5553],[100.9114,57.4515],[100.7156,57.4129],[100.6377,57.4766],[100.4187,57.5418],[100.2754,57.8048],[100.1293,57.8668],[100.0794,58.0451],[100.0173,58.0815],[99.7935,58.0625],[99.7028,58.0857],[99.4975,57.929],[99.4109,57.7955],[99.0799,57.7704],[98.9616,57.7233],[98.7675,57.7907],[98.5462,57.7914],[97.9867,57.8219],[97.934,57.8113],[97.3549,57.0605],[97.4888,56.9637],[97.4685,56.8274],[97.5466,56.7934],[97.7653,56.788],[97.7623,56.5591],[97.8682,56.5548],[97.8818,56.4269],[97.8407,56.3931],[97.5914,56.3867],[97.5649,56.1896],[97.4402,56.1468],[97.3519,56.0512],[97.1253,56.1017],[96.9865,56.0183],[96.96,55.8609],[96.7601,55.7461],[96.7528,55.6507],[96.82,55.5576],[96.918,55.3295],[96.7199,55.2649],[96.6847,55.0849],[96.5862,55.0191],[96.7119,54.9266],[96.6726,54.8059],[96.5649,54.6969],[96.5519,54.5805],[96.495,54.5105],[96.3514,54.5619],[96.221,54.5427],[96.0388,54.5582],[95.9812,54.4516],[95.8969,54.3893],[95.7167,54.3879],[95.6531,54.2819],[95.6782,54.2342],[95.919,54.1557],[96.0793,54.0627],[96.1259,53.9724],[96.4055,53.7833],[96.5051,53.6844],[96.6841,53.6385]]}},{"type":"Feature","properties":{"name":null,"adm0_name":"Russia","adm0_a3":"RUS","min_zoom":4.7},"geometry":{"type":"LineString","coordinates":[[49.006,66.1191],[48.9894,65.2685],[49.0213,65.2383],[49.5674,65.2921],[49.6632,65.2546],[50.063,64.8902],[50.1598,64.8473],[50.4674,64.7916],[50.3484,64.5377],[50.2733,64.5129],[49.6267,64.5917],[49.4501,64.463],[48.95,64.4906],[48.8402,64.3573],[48.5183,64.3555],[48.4083,64.2242],[48.1962,64.2389],[48.1158,64.3481],[46.6115,64.3266],[46.3229,64.2647],[45.8245,64.2836],[45.4422,64.1875],[45.593,64.0639],[45.8836,63.9643],[46.1099,63.9458],[46.4358,63.8877],[46.8192,63.747],[46.9696,63.6401],[47.0262,63.5306],[46.9366,63.3519],[47.0909,63.2465],[47.366,63.1672],[47.5546,63.1485],[47.5158,63.0368],[47.3995,62.9548],[47.0826,62.8396],[47.2377,62.6357],[47.2349,62.3515],[47.3863,62.3204],[47.4134,62.1928],[47.621,62.1855],[47.6498,62.2967],[47.7511,62.3218],[48.2908,62.3216],[48.2368,62.473],[48.3661,62.7293],[48.6286,62.7058],[48.7145,62.8155],[48.8751,62.8291],[49.609,62.7702],[49.3694,62.1494],[49.2127,62.0911],[49.0516,61.691],[49.0968,61.6581],[49.4173,61.6183],[49.4614,61.5861],[49.3022,61.1762],[49.0979,61.175],[48.8887,61.1412],[48.5093,61.0477],[48.4465,60.9841],[48.419,60.8538]]}},{"type":"Feature","properties":{"name":null,"adm0_name":"Russia","adm0_a3":"RUS","min_zoom":4.7},"geometry":{"type":"LineString","coordinates":[[48.419,60.8538],[47.9842,60.8965],[47.9655,60.9994],[47.5685,61.0591],[47.2448,61.0562],[47.1037,60.9561],[47.0429,60.8538]]}},{"type":"Feature","properties":{"name":null,"adm0_name":"Russia","adm0_a3":"RUS","min_zoom":4.7},"geometry":{"type":"LineString","coordinates":[[119.1081,58.2227],[119.0704,58.3412],[119.1324,58.4723],[118.9802,58.5428],[118.8212,58.5743],[118.8929,58.8164],[118.7954,58.9346],[118.8403,59.0156],[118.7072,59.0638],[118.6887,59.1915],[118.8397,59.3004],[118.7339,59.4198],[118.4073,59.5123],[118.336,59.5956],[118.0583,59.5826],[117.906,59.4439],[117.7786,59.5283],[117.5975,59.4723],[117.3524,59.4974],[117.0893,59.5884],[117.1904,59.6464],[117.2282,59.7983],[117.0651,59.9079],[117.2963,60.0189],[117.0766,60.0292],[116.9543,60.1686],[116.7216,60.2662],[116.5824,60.3599],[116.0754,60.4069],[115.9989,60.4572],[115.8421,60.4677],[115.6863,60.5262],[115.3947,60.4871],[115.1122,60.3946],[115.0068,60.2685],[114.8359,60.1904],[114.6971,60.2192],[114.5402,60.1021],[114.5455,59.9854],[114.309,59.8789],[114.1612,59.7477],[114.0302,59.6811],[113.8493,59.6816],[113.7793,59.6086],[113.5918,59.5652],[113.605,59.4991],[113.4352,59.4023],[113.4647,59.2663],[113.2642,59.1569],[113.1522,59.1645],[112.7276,59.0834],[112.5544,59.0334],[112.6125,58.9545],[112.4512,58.924],[112.4652,59.1678],[112.6311,59.3105],[112.4354,59.3263],[112.2179,59.5004],[111.9325,59.2719],[111.7758,59.2758],[111.6253,59.2073],[111.4701,59.2673],[111.3163,59.2575],[111.1638,59.1894],[110.7135,59.2589],[110.5804,59.1908],[110.5894,59.1313],[110.4709,59.0336],[110.2866,58.9852],[110.1193,58.9804],[109.6364,59.066],[109.4988,59.2944],[109.2678,59.316],[109.2694,59.4491],[109.5174,59.6296],[109.5037,59.7638],[109.6504,59.8706],[109.7639,60.027],[109.6944,60.1286],[109.7405,60.2335],[109.9168,60.4506],[110.1162,60.5871],[110.0568,60.6739],[110.2684,60.702],[110.2397,60.831],[110.4584,60.9883],[110.5167,61.0912],[110.4814,61.1592],[110.1688,61.1641],[110.0944,61.2626],[109.7924,61.3252],[109.8462,61.4244],[109.8513,61.5573],[109.62,61.7181],[109.5978,61.8704],[109.8193,62.0077],[109.9995,62.1635],[109.9957,62.2775],[109.9182,62.4063],[109.5567,62.4314],[109.3059,62.4836],[109.512,62.7766],[109.6144,62.8737],[109.4654,62.9496],[109.453,63.149],[109.2155,63.4418],[109.0527,63.5491],[108.8571,63.5369],[108.5471,63.599],[108.1596,63.5629],[108.112,63.6167],[108.2651,63.6727],[108.2794,63.7964],[108.6868,63.7954],[108.7664,63.8604],[108.7352,63.9771],[108.495,64.1157],[108.5327,64.2275],[108.4675,64.2817],[108.0265,64.2235]]}},{"type":"Feature","properties":{"name":null,"adm0_name":"Russia","adm0_a3":"RUS","min_zoom":4.7},"geometry":{"type":"MultiLineString","coordinates":[[[108.0265,64.2235],[107.8557,64.1816],[107.5697,64.2986],[107.3675,64.2506],[106.8774,64.4138],[106.3952,64.4426],[106.2037,64.4026],[106.1318,64.4808],[105.8029,64.5301],[105.7078,64.6527],[105.8727,64.6795],[105.8319,64.7596],[105.9461,64.8835],[106.1228,64.9048],[105.9728,65.0118],[106.2815,65.1368],[106.4537,65.233],[106.4514,65.3131],[106.6353,65.3929],[106.8356,65.3783],[106.94,65.5112],[106.7131,65.5489],[106.6309,65.6348],[106.4395,65.6617],[106.4779,65.8452],[106.4713,66.0074],[106.3304,66.1545],[106.1713,66.1592],[106.1033,66.3783],[106.3219,66.4789],[106.2494,66.5815],[106.2469,66.7022],[106.0474,66.789],[106.0437,66.9008],[105.6867,66.9395],[105.5402,67.0234],[105.8938,67.0437],[106.0547,67.1672],[106.3166,67.2094],[106.4923,67.2838],[106.6852,67.2539],[106.8024,67.3482],[106.8329,67.6734],[106.8752,67.8396],[106.8956,68.1426],[106.8855,68.8655],[106.1529,69.3911],[106.4268,69.5639],[106.6044,69.5172],[106.8386,69.5182],[107.1237,69.5875],[108.0073,69.705],[108.1487,69.8248],[108.2906,69.8568],[108.871,69.8403],[108.941,69.7892],[109.237,69.7759],[109.3598,69.8382],[109.509,70.0335],[109.358,70.069],[109.2774,70.2065],[109.5355,70.264],[109.6015,70.3782],[109.9955,70.4169],[110.1167,70.478],[110.1028,70.6319],[110.489,70.726],[110.5394,70.8006],[110.9028,70.8079],[111.3349,70.8553],[111.5224,70.9386],[111.9533,70.9823],[112.0266,71.0423],[112.2767,71.0127],[112.5793,71.1137],[112.5132,71.268],[111.9969,71.4136],[111.9961,72.1327],[111.8171,72.1317],[111.6428,72.2745],[111.0852,72.3696],[111.281,72.4783],[111.2103,72.5445],[110.8806,72.5802],[110.7017,72.6505],[110.6106,72.781],[110.6274,72.8945],[110.8373,72.9451],[110.8812,73.0229],[110.7549,73.1753],[110.5708,73.2525],[110.5231,73.4041],[110.8179,73.5589],[111.073,73.5829],[111.1106,73.6411],[110.8275,73.7129]],[[110.8007,73.7591],[111.3028,73.883]]]}},{"type":"Feature","properties":{"name":null,"adm0_name":"Russia","adm0_a3":"RUS","min_zoom":4.7},"geometry":{"type":"LineString","coordinates":[[65.4805,68.4304],[64.7451,68.4045],[64.5228,68.3438],[64.5303,68.2001],[64.3248,68.1341],[63.829,68.0172],[63.9442,67.8837],[63.6897,67.7621],[63.4453,67.771],[63.1605,67.6909],[62.8712,67.5796],[62.8213,67.388],[61.8505,67.1261],[61.6948,67.03],[61.4317,66.9997],[60.082,66.9899],[59.9177,67.0016],[58.7896,66.9997],[53.7725,66.9985],[52.2455,67.0891],[51.8357,66.9954],[51.8107,66.9542],[51.4946,66.9074],[51.5102,66.7833],[49.006,66.1191]]}},{"type":"Feature","properties":{"name":null,"adm0_name":"Russia","adm0_a3":"RUS","min_zoom":4.7},"geometry":{"type":"LineString","coordinates":[[49.006,66.1191],[48.1563,66.1303],[47.7532,65.9407],[47.7637,65.8608],[47.6608,65.8081],[47.4073,65.8359],[47.1104,65.8212],[46.3475,66.028],[45.8317,66.0882],[45.7413,66.0679],[44.5785,66.3073],[44.4764,66.3701],[44.2142,66.4081]]}},{"type":"Feature","properties":{"name":null,"adm0_name":"Russia","adm0_a3":"RUS","min_zoom":4.7},"geometry":{"type":"LineString","coordinates":[[62.0185,65.7171],[62.5041,65.8309],[62.8386,65.8693],[62.8075,65.9366],[62.8702,66.0791],[63.0658,66.2319],[63.2406,66.3131],[63.3057,66.4002],[63.8085,66.5472],[63.9693,66.6463],[64.3156,66.6677],[64.5669,66.7936],[64.9992,66.8654],[65.1162,66.9083],[65.0898,67.0541],[65.1902,67.145],[65.4222,67.2151],[65.708,67.335],[65.9372,67.3932],[66.11,67.4888],[66.0259,67.5761],[65.836,67.5552],[65.8312,67.6427],[66.2059,67.693],[66.0224,67.7942],[66.0831,67.9336],[65.4366,67.92],[65.2898,68.0123],[65.3301,68.0847],[65.2727,68.2164],[65.4805,68.4304]]}},{"type":"Feature","properties":{"name":null,"adm0_name":"Russia","adm0_a3":"RUS","min_zoom":4.7},"geometry":{"type":"LineString","coordinates":[[65.4805,68.4304],[65.6543,68.5562],[65.5167,68.5884],[65.3264,68.73],[65.3149,68.8033],[65.0645,68.814],[64.9043,68.8714],[64.5541,68.8714],[64.5451,69.0322],[64.99,69.2047],[65.0379,69.2711]]}},{"type":"Feature","properties":{"name":null,"adm0_name":"China","adm0_a3":"CHN","min_zoom":4.6},"geometry":{"type":"LineString","coordinates":[[107.6576,37.8529],[107.6067,37.7657],[107.5094,37.7643],[107.4361,37.6635],[107.3172,37.5902],[107.3222,37.5276],[107.238,37.3014],[107.325,37.1636],[107.2855,37.0685]]}},{"type":"Feature","properties":{"name":null,"adm0_name":"China","adm0_a3":"CHN","min_zoom":4.6},"geometry":{"type":"LineString","coordinates":[[111.11,39.3852],[111.2249,39.3105],[111.118,39.0674],[110.995,39.0038],[110.9803,38.8166],[110.8718,38.6214],[110.8994,38.5455],[110.8598,38.468],[110.7743,38.4262],[110.6712,38.317],[110.5797,38.2873],[110.5112,38.2022],[110.515,37.955],[110.5893,37.9191],[110.6534,37.8132],[110.7531,37.7458],[110.7888,37.5614],[110.7463,37.4803],[110.6303,37.3966],[110.6874,37.3572],[110.665,37.2823],[110.4601,37.0513],[110.3895,37.022],[110.3975,36.7814],[110.4832,36.593],[110.4961,36.4841],[110.459,36.3494],[110.4732,36.2637],[110.4472,36.1419],[110.511,35.8869],[110.5604,35.8492],[110.5756,35.7125],[110.6198,35.5973],[110.4248,35.2942],[110.3354,35.198],[110.2597,34.9448],[110.2374,34.8014],[110.2523,34.6633],[110.336,34.6158]]}},{"type":"Feature","properties":{"name":null,"adm0_name":"China","adm0_a3":"CHN","min_zoom":4.6},"geometry":{"type":"LineString","coordinates":[[109.2066,29.1042],[109.2692,29.2424],[109.3382,29.2897],[109.4323,29.5339],[109.4722,29.5682],[109.7,29.6557],[109.7832,29.7349],[110.1039,29.7854],[110.2251,29.7373],[110.3617,29.6501],[110.4467,29.7267],[110.5255,29.7252],[110.5912,29.7714],[110.5006,29.8626],[110.4632,30.014],[110.5434,30.055],[110.7156,30.0296],[110.7419,30.0962],[110.9435,30.0635],[111.2462,30.0317],[111.415,29.9258],[111.5849,29.9044],[111.7686,29.9196],[111.9236,29.8564],[112.1263,29.7072],[112.17,29.649],[112.3631,29.5722],[112.4439,29.6414],[112.6481,29.6269],[112.7862,29.7367],[112.8862,29.7918],[112.9456,29.7093],[112.9085,29.6008],[112.9278,29.4952],[113.0081,29.5181],[113.1457,29.4721],[113.1862,29.5317],[113.4158,29.7646],[113.5195,29.8417],[113.5362,29.6857],[113.6347,29.6848],[113.6726,29.5448],[113.7294,29.4371],[113.5877,29.2938],[113.6414,29.2218],[113.6549,29.124],[113.7112,29.0729],[113.7728,29.1253],[113.9024,29.0663]]}},{"type":"Feature","properties":{"name":null,"adm0_name":"China","adm0_a3":"CHN","min_zoom":4.6},"geometry":{"type":"LineString","coordinates":[[113.9024,29.0663],[113.9052,28.956],[114.0121,28.9129],[114.1427,28.7885],[114.1128,28.6155],[114.0569,28.5643],[114.177,28.5073],[114.2269,28.409],[114.1845,28.2931],[114.0919,28.2577],[114.0282,28.1835],[114.0138,28.1065],[113.9165,28.0212],[113.7368,27.9816],[113.706,27.9377],[113.701,27.8189],[113.611,27.6995],[113.5621,27.5906],[113.6001,27.3682],[113.6675,27.3295],[113.7828,27.3708],[113.851,27.3459],[113.8236,27.2287],[113.754,27.1419],[113.8924,26.9453],[113.8316,26.8275],[113.8647,26.6559],[114.0851,26.5775],[114.0684,26.4537],[114.0149,26.3851],[113.9986,26.2831],[113.9395,26.2094],[114.0628,26.1778],[114.1622,26.2214],[114.2135,26.1698],[114.0414,26.0688],[114.0183,25.9346],[113.9072,25.7498],[113.9179,25.6602],[113.9824,25.5817],[113.9275,25.4481]]}},{"type":"Feature","properties":{"name":null,"adm0_name":"China","adm0_a3":"CHN","min_zoom":4.6},"geometry":{"type":"LineString","coordinates":[[109.2584,28.5059],[109.1553,28.4355],[109.095,28.2052],[108.9429,28.1999],[108.7285,28.2422],[108.7837,28.4261],[108.73,28.4754],[108.5828,28.3742],[108.5824,28.6011],[108.3303,28.6892],[108.3673,28.777],[108.3406,28.9197],[108.2862,29.0772],[108.0546,29.0645],[107.8754,28.9841],[107.7898,29.0402],[107.7835,29.1374],[107.5572,29.1868],[107.4961,29.2461],[107.4305,29.1829],[107.424,29.077],[107.4997,28.9931],[107.4368,28.8773],[107.297,28.8084],[107.1611,28.8813],[107.0307,28.8876],[106.9733,28.8045],[106.8894,28.8014],[106.8351,28.7305],[106.829,28.6087],[106.762,28.5909],[106.75,28.5022],[106.5624,28.5107],[106.6265,28.6374],[106.5624,28.7671],[106.4887,28.541],[106.3824,28.5725]]}},{"type":"Feature","properties":{"name":null,"adm0_name":"China","adm0_a3":"CHN","min_zoom":4.6},"geometry":{"type":"LineString","coordinates":[[109.2584,28.5059],[109.2639,28.3222],[109.3543,28.2652],[109.2987,28.0947],[109.3627,28.0296],[109.3099,27.9703],[109.3282,27.8077],[109.4134,27.739],[109.4473,27.65],[109.4184,27.5595],[109.3184,27.5006],[109.2769,27.4385],[109.2064,27.4448],[109.0149,27.2622],[108.9001,27.1888],[108.8968,27.1472],[108.7913,27.0831],[108.8742,27.0181],[108.9502,27.0269],[109.0078,27.0941],[109.0955,27.1344],[109.1556,27.0797],[109.2306,27.152],[109.4382,27.131],[109.4992,27.0625],[109.5071,26.9764],[109.4438,26.901],[109.5053,26.8248],[109.3971,26.7547],[109.294,26.7273],[109.3772,26.6462],[109.4026,26.5373],[109.315,26.4257],[109.2966,26.3125],[109.3993,26.2699],[109.4275,26.0986],[109.4567,26.0389]]}},{"type":"Feature","properties":{"name":null,"adm0_name":"China","adm0_a3":"CHN","min_zoom":4.6},"geometry":{"type":"LineString","coordinates":[[109.594,31.7376],[109.6588,31.7181],[109.7245,31.6361],[109.7326,31.5611],[109.9295,31.5187],[110.1082,31.398],[110.1467,31.3311],[110.1749,31.1887],[110.1076,31.1223],[110.1376,31.0002],[110.1277,30.9064],[110.0662,30.8285],[109.9967,30.8262],[109.8707,30.8886],[109.7486,30.8354],[109.6398,30.7179],[109.3942,30.5837],[109.2482,30.5974],[109.1793,30.5668],[108.9646,30.6075],[108.8684,30.5514],[108.7102,30.5228],[108.67,30.5738],[108.5731,30.4979],[108.4332,30.4873],[108.3806,30.3997],[108.532,30.3155],[108.53,30.113],[108.5504,30.0093],[108.5382,29.8855],[108.4004,29.8311],[108.4468,29.7358],[108.5126,29.7219],[108.613,29.858],[108.6584,29.817],[108.696,29.6982],[108.872,29.639],[108.872,29.5016],[108.9206,29.349],[109.0142,29.3075],[109.0773,29.2141],[109.2066,29.1042]]}},{"type":"Feature","properties":{"name":null,"adm0_name":"China","adm0_a3":"CHN","min_zoom":4.6},"geometry":{"type":"LineString","coordinates":[[109.2066,29.1042],[109.2748,29.0493],[109.2455,28.9313],[109.2467,28.7855],[109.2812,28.7291],[109.2132,28.6288],[109.2846,28.5735],[109.2584,28.5059]]}},{"type":"Feature","properties":{"name":null,"adm0_name":"China","adm0_a3":"CHN","min_zoom":4.6},"geometry":{"type":"LineString","coordinates":[[105.4986,32.9074],[105.5683,32.7305],[105.6333,32.7075],[105.7245,32.7598],[105.8134,32.7621],[105.8755,32.8447],[106.0823,32.8735],[106.0565,32.7136],[106.1149,32.6488],[106.2289,32.592],[106.364,32.6387],[106.604,32.6755],[106.7126,32.7378],[107.0653,32.7083],[107.0962,32.6692],[107.07,32.5229],[107.2022,32.4528],[107.2841,32.4529],[107.3705,32.5198],[107.4483,32.5222],[107.4596,32.4086],[107.6592,32.3886],[107.7729,32.3107],[107.8435,32.2282],[107.9601,32.1583],[108.0518,32.2266],[108.2367,32.2627],[108.4794,32.2503],[108.5184,32.1976]]}},{"type":"Feature","properties":{"name":null,"adm0_name":"China","adm0_a3":"CHN","min_zoom":4.6},"geometry":{"type":"LineString","coordinates":[[108.5184,32.1976],[108.7893,32.0453],[109.0559,31.9406],[109.1889,31.8403],[109.2526,31.744],[109.336,31.7052],[109.594,31.7376]]}},{"type":"Feature","properties":{"name":null,"adm0_name":"China","adm0_a3":"CHN","min_zoom":4.6},"geometry":{"type":"LineString","coordinates":[[106.3824,28.5725],[106.3387,28.4801],[106.2687,28.5566],[106.1888,28.5846],[105.9844,28.7535],[105.8919,28.6093],[105.6832,28.5834],[105.6206,28.4824],[105.6558,28.4411],[105.6672,28.3183],[105.8468,28.2692],[105.9062,28.1506],[106.009,28.1402],[106.1094,28.1747],[106.1993,28.1243],[106.2153,28.0561],[106.299,28.0004],[106.3454,27.8349],[106.2476,27.7752],[106.1036,27.7881],[106.0392,27.7568],[105.8759,27.7452],[105.6469,27.6781],[105.5245,27.7746],[105.3608,27.76],[105.297,27.7217]]}},{"type":"Feature","properties":{"name":null,"adm0_name":"China","adm0_a3":"CHN","min_zoom":4.6},"geometry":{"type":"LineString","coordinates":[[97.7157,32.5442],[97.6637,32.5599],[97.4307,32.7003],[97.3842,32.7792],[97.361,32.897],[97.4687,32.9825],[97.5043,33.0456],[97.4765,33.1203],[97.5005,33.1944],[97.6157,33.3284],[97.7243,33.4061],[97.5393,33.4537],[97.4774,33.5622],[97.3905,33.6114],[97.3835,33.8699],[97.6102,33.9309],[97.6957,34.0052],[97.7451,33.8649],[97.8191,33.8642],[98.0349,33.9598],[98.2118,33.9395],[98.3017,33.8458],[98.4579,33.8401],[98.6458,33.6762],[98.6333,33.6077],[98.7357,33.4898],[98.7729,33.3027],[98.8521,33.1749],[99.1006,33.0725],[99.2253,32.9989],[99.2894,32.8871],[99.5094,32.8354],[99.6985,32.7446],[99.7289,32.7577],[99.7693,32.9218],[99.841,32.957],[100.0469,32.9355],[100.1366,32.8475],[100.1586,32.7823],[100.119,32.6709],[100.2232,32.6369],[100.255,32.7258],[100.3994,32.7584],[100.4985,32.6691],[100.5609,32.5633],[100.473,32.4853],[100.5312,32.4034],[100.603,32.4512],[100.6429,32.5945],[100.6971,32.6857],[100.9022,32.6305],[101.0495,32.6756],[101.1708,32.6883],[101.2366,32.8075],[101.2319,32.8577],[101.1314,32.9384],[101.1641,33.1281],[101.22,33.1706],[101.4452,33.2359],[101.6436,33.1278],[101.7269,33.2678],[101.6651,33.3204],[101.6911,33.4203],[101.7775,33.53]]}},{"type":"Feature","properties":{"name":null,"adm0_name":"India","adm0_a3":"IDN","min_zoom":4.6},"geometry":{"type":"LineString","coordinates":[[82.8009,23.9987],[82.7681,23.929],[82.6577,23.8845],[82.6508,23.8448],[82.5317,23.7754],[82.0774,23.8014],[81.9369,23.8407],[81.7782,23.8019],[81.6819,23.8851],[81.622,23.8338],[81.6862,23.6903],[81.5914,23.5612],[81.6441,23.4821],[81.7446,23.5426],[81.9072,23.5052],[81.9914,23.4005],[82.0982,23.3717],[82.1897,23.2887],[82.1294,23.0965],[82.0708,23.1003],[81.9461,23.043],[81.9402,22.9458],[81.7885,22.8529],[81.7664,22.664],[81.6696,22.6093],[81.6423,22.5508],[81.5396,22.52],[81.4178,22.4375],[81.3726,22.4927],[81.2349,22.4445],[81.178,22.4784],[81.1225,22.4005],[81.1189,22.2946],[81.0235,22.194],[80.9873,22.108],[80.919,22.0975],[80.8351,21.951],[80.8379,21.8461],[80.8051,21.7743],[80.7305,21.7143],[80.7214,21.4732],[80.679,21.3512]]}},{"type":"Feature","properties":{"name":null,"adm0_name":"China","adm0_a3":"CHN","min_zoom":4.6},"geometry":{"type":"LineString","coordinates":[[108.5184,32.1976],[108.389,32.1843],[108.4192,32.1],[108.3447,32.0735],[108.2678,31.9729],[108.287,31.9222],[108.5007,31.7908],[108.5162,31.7083],[108.4068,31.566],[108.3232,31.4994],[108.2231,31.4679],[108.194,31.3309],[108.0331,31.2222],[108.0068,31.0386],[107.9317,30.9488],[107.9295,30.8727],[107.8499,30.8096],[107.7691,30.8274],[107.7363,30.8832],[107.6209,30.8374],[107.5076,30.822],[107.4567,30.7609],[107.4776,30.6095],[107.3721,30.4999],[107.2287,30.2382],[107.0329,30.0579],[106.7704,30.0366],[106.7173,30.0593],[106.6178,30.2687],[106.5323,30.3377],[106.4487,30.3239],[106.3849,30.2636],[106.239,30.2202],[106.1247,30.3423],[105.9988,30.3851],[105.7917,30.4234],[105.7087,30.2741],[105.5572,30.1476],[105.7389,30.0326],[105.71,29.8675],[105.5575,29.8039],[105.5515,29.7476],[105.4117,29.7032],[105.2911,29.5848],[105.3148,29.4696],[105.4052,29.43],[105.4224,29.3336],[105.5058,29.2915],[105.6446,29.2697],[105.7006,29.2237],[105.7453,28.9948],[105.7951,28.9365],[105.878,28.92],[106.0084,28.9734],[106.2603,28.8693],[106.2574,28.7939],[106.298,28.6724],[106.3824,28.5725]]}},{"type":"Feature","properties":{"name":null,"adm0_name":"India","adm0_a3":"IDN","min_zoom":4.6},"geometry":{"type":"LineString","coordinates":[[77.3274,28.5197],[77.2697,28.5103],[77.1936,28.4326],[77.1005,28.4756],[77.0709,28.5286],[76.8727,28.5194],[76.8369,28.5872],[76.9473,28.6962],[76.9365,28.8147],[77.068,28.8821],[77.2008,28.8768]]}},{"type":"Feature","properties":{"name":null,"adm0_name":"India","adm0_a3":"IDN","min_zoom":4.6},"geometry":{"type":"LineString","coordinates":[[76.8146,30.7891],[76.8273,30.6807]]}},{"type":"Feature","properties":{"name":null,"adm0_name":"Russia","adm0_a3":"RUS","min_zoom":4.7},"geometry":{"type":"LineString","coordinates":[[59.4854,61.9933],[59.6519,61.9365],[59.7794,61.9523],[59.9843,61.9028],[59.9877,61.7471],[60.0566,61.7212],[60.4309,61.7471],[60.7594,61.7036],[61.1652,61.6827],[61.9002,61.4336],[61.9334,61.4041],[62.4197,61.3051],[62.6201,61.2107],[62.8598,61.0013],[62.7597,60.8594],[62.8812,60.64],[63.091,60.4596],[63.22,60.3005],[63.1973,60.242],[63.4375,60.1586],[63.5894,60.155],[63.6944,60.0014],[63.7955,59.7916],[63.8251,59.477],[63.98,59.4055],[64.121,59.3908],[64.3243,59.4112],[65.0016,59.3377],[65.1847,59.2233],[65.3823,58.9191],[65.669,58.6633],[65.9345,58.6144]]}},{"type":"Feature","properties":{"name":null,"adm0_name":"Russia","adm0_a3":"RUS","min_zoom":4.7},"geometry":{"type":"LineString","coordinates":[[59.4854,61.9933],[59.4041,62.108],[59.5074,62.3068],[59.5649,62.335],[59.6437,62.5103],[59.5265,62.5414],[59.3941,62.7314],[59.4831,62.8924],[59.2781,62.9702],[59.2317,63.0891],[59.3296,63.2739],[59.2922,63.3422],[59.4938,63.6105],[59.5209,63.7905],[59.5844,63.9383],[59.7614,63.9958],[59.8381,64.0801],[59.5884,64.2326],[59.6331,64.3437],[59.5893,64.4671],[59.4842,64.4973],[59.7041,64.6677],[59.6476,64.7724],[59.7499,64.8589],[59.889,64.9013],[60.1474,65.0648],[60.305,65.0714],[60.6765,64.9123],[60.8309,65.0514],[61.0028,65.0603],[61.1067,65.1608],[61.2405,65.1919],[61.2631,65.3074],[61.5106,65.5005],[61.8819,65.7018],[62.0185,65.7171]]}},{"type":"Feature","properties":{"name":null,"adm0_name":"Russia","adm0_a3":"RUS","min_zoom":4.7},"geometry":{"type":"LineString","coordinates":[[57.4084,56.3291],[57.3175,56.3734],[57.3729,56.552],[57.3576,56.6812],[57.2187,56.853],[57.323,56.9199],[57.5596,56.8883],[57.8246,56.9742],[57.869,57.058],[58.0299,57.0994],[58.0386,57.2365],[57.938,57.332],[57.9951,57.4773],[58.2681,57.6698],[58.4365,57.676],[58.4578,57.5876],[58.5798,57.5944],[58.8298,57.7262],[58.8641,57.8272],[58.7558,57.8484],[58.6046,57.9956],[58.6783,58.1071],[58.8685,58.2055],[58.9706,58.1998],[59.2025,58.3046],[59.2805,58.4128],[59.456,58.4928],[59.3886,58.5901],[59.3876,58.7033],[59.1864,58.7107],[59.0827,58.7693],[59.0658,58.8841],[59.1812,58.953],[59.0911,59.022],[59.1753,59.1465],[59.0035,59.2306],[58.6695,59.2932],[58.5084,59.44],[58.3109,59.4681],[58.4031,59.5523],[58.451,59.705],[58.5819,59.7158],[58.6751,59.8592],[58.805,59.8628],[58.849,59.9256],[58.9886,59.9278],[58.9616,60.0049],[59.1885,60.2779],[59.1685,60.3737],[59.2393,60.4802],[59.3853,60.5735],[59.4677,60.8079],[59.4576,60.953],[59.3729,60.9705],[59.3585,61.1429],[59.261,61.2222],[59.3172,61.3773],[59.4058,61.4179],[59.4284,61.5069],[59.3487,61.6822]]}},{"type":"Feature","properties":{"name":null,"adm0_name":"Russia","adm0_a3":"RUS","min_zoom":4.7},"geometry":{"type":"LineString","coordinates":[[59.3487,61.6822],[59.3889,61.7442],[59.3451,61.8566],[59.4854,61.9933]]}},{"type":"Feature","properties":{"name":null,"adm0_name":"Russia","adm0_a3":"RUS","min_zoom":4.7},"geometry":{"type":"LineString","coordinates":[[53.6317,55.9067],[53.7774,55.9702],[53.8378,56.0386],[54.0468,56.058],[54.1172,56.1582],[54.3458,56.2526],[54.3525,56.3585]]}},{"type":"Feature","properties":{"name":null,"adm0_name":"Russia","adm0_a3":"RUS","min_zoom":4.7},"geometry":{"type":"LineString","coordinates":[[54.3525,56.3585],[54.4302,56.3427],[54.5316,56.5149],[54.9182,56.392],[54.9684,56.3204],[55.4477,56.3407],[55.5481,56.3995],[55.8758,56.4367],[56.0733,56.2895],[56.2753,56.3051],[56.4025,56.3874],[56.6546,56.2201],[56.7297,56.2241],[56.8641,56.1081],[57.2135,56.182],[57.2735,56.3049],[57.4084,56.3291]]}},{"type":"Feature","properties":{"name":null,"adm0_name":"Russia","adm0_a3":"RUS","min_zoom":4.7},"geometry":{"type":"LineString","coordinates":[[57.4084,56.3291],[57.4108,56.2354],[57.5372,56.1002],[57.8021,56.1506],[57.9072,56.1155],[58.0794,56.141],[58.3077,56.1045],[58.543,56.1631],[58.7465,56.0628],[58.9435,56.0657],[59.0263,56.1694]]}},{"type":"Feature","properties":{"name":null,"adm0_name":"Russia","adm0_a3":"RUS","min_zoom":4.7},"geometry":{"type":"LineString","coordinates":[[53.4705,54.0457],[53.3478,54.3816],[53.4259,54.4988],[53.4141,54.5515],[53.515,54.6155],[53.6069,54.7281],[53.5787,54.8222],[53.4219,54.9822],[53.2692,55.012],[53.1411,55.0989],[53.1468,55.1466],[53.3269,55.1665],[53.4184,55.222],[53.5914,55.2119],[53.7227,55.3377],[53.891,55.3812],[53.9969,55.5443],[54.1745,55.6236],[54.1768,55.707],[53.9764,55.8527],[53.7594,55.8662],[53.6317,55.9067]]}},{"type":"Feature","properties":{"name":null,"adm0_name":"China","adm0_a3":"CHN","min_zoom":4.6},"geometry":{"type":"LineString","coordinates":[[115.374,31.4175],[115.2862,31.3951],[115.2185,31.4475],[115.2135,31.5456],[115.1286,31.5945],[115.0769,31.5155],[114.9989,31.4776],[114.7666,31.4905],[114.6382,31.568],[114.5479,31.5729],[114.5557,31.7377],[114.4953,31.7592],[114.3618,31.7343],[114.2674,31.8087],[114.144,31.8475],[114.0855,31.7838],[113.972,31.7466],[113.9596,31.8318],[113.8617,31.8627],[113.7944,31.9725],[113.7524,32.1376],[113.7817,32.1937],[113.7828,32.3594],[113.7292,32.4193],[113.6164,32.3857],[113.5277,32.2967],[113.436,32.2888],[113.183,32.4133],[113.0657,32.4174],[112.7509,32.3498],[112.5339,32.3768],[112.2858,32.3506],[112.1446,32.3946],[112.0533,32.4548],[111.7793,32.5204],[111.7112,32.6002],[111.6291,32.6265],[111.5316,32.6111],[111.5074,32.6821],[111.3633,32.8248],[111.2101,32.9302],[111.2163,32.9765],[111.1088,33.148],[111.0027,33.2075],[110.9746,33.2665]]}},{"type":"Feature","properties":{"name":null,"adm0_name":"China","adm0_a3":"CHN","min_zoom":4.6},"geometry":{"type":"LineString","coordinates":[[115.374,31.4175],[115.55,31.1827],[115.6687,31.2172],[115.7684,31.1436],[115.8769,31.1294],[115.9464,31.034],[116.036,30.9889],[115.8586,30.861],[115.8622,30.7848],[115.7753,30.7548],[115.7678,30.6882],[115.8331,30.5941],[115.9466,30.4883],[115.8768,30.3898],[115.912,30.3156],[116.0405,30.2214],[116.0809,30.0468],[116.0781,29.9687],[116.1256,29.9047],[116.1473,29.7888]]}},{"type":"Feature","properties":{"name":null,"adm0_name":"China","adm0_a3":"CHN","min_zoom":4.6},"geometry":{"type":"LineString","coordinates":[[116.1473,29.7888],[116.2362,29.7813],[116.3895,29.8761],[116.4925,29.8847],[116.6505,30.0507],[116.7914,30.022],[116.8868,29.9204],[116.7979,29.7559],[116.675,29.708],[116.6485,29.6274],[116.7486,29.5449],[116.8883,29.5605],[116.9551,29.6539],[117.0791,29.7102],[117.1067,29.7864],[117.0671,29.8406],[117.1252,29.9106],[117.2255,29.9067],[117.2743,29.8295],[117.4063,29.8312],[117.4022,29.7731],[117.5274,29.6224],[117.6492,29.6059],[117.7077,29.5556],[117.8986,29.549],[117.9859,29.572],[118.1134,29.5187],[118.1747,29.4079]]}},{"type":"Feature","properties":{"name":null,"adm0_name":"China","adm0_a3":"CHN","min_zoom":4.6},"geometry":{"type":"LineString","coordinates":[[116.1513,34.5667],[116.1567,34.4473],[116.401,34.275],[116.5521,34.2868],[116.5751,34.1921],[116.5429,34.1209],[116.6412,33.9532],[116.4453,33.845],[116.4207,33.7908],[116.182,33.7183],[116.0796,33.7784],[115.9707,33.9048],[115.9614,34.0001],[115.8411,34.0069],[115.733,34.0656],[115.6536,34.0484],[115.5862,33.9796],[115.5614,33.8981],[115.6299,33.8388],[115.5735,33.7502],[115.6347,33.5918],[115.4426,33.5481],[115.3464,33.453],[115.3157,33.374],[115.3453,33.2506],[115.251,33.1206],[115.1428,33.0843],[114.9692,33.1237],[114.8866,33.0834],[114.8798,32.9934],[114.9252,32.9582],[115.1847,32.8591],[115.1993,32.5915],[115.3667,32.5595],[115.4569,32.5074],[115.5648,32.4024],[115.6466,32.4024],[115.6938,32.4918],[115.7901,32.4707],[115.8885,32.3939],[115.9148,32.25],[115.9281,32.0246],[115.9013,31.7945],[115.6629,31.784],[115.5315,31.7364],[115.3897,31.5117],[115.374,31.4175]]}},{"type":"Feature","properties":{"name":null,"adm0_name":"China","adm0_a3":"CHN","min_zoom":4.6},"geometry":{"type":"LineString","coordinates":[[113.721,36.3559],[113.6729,36.2215],[113.6871,36.0557],[113.6276,35.9532],[113.5847,35.6869],[113.6099,35.6461],[113.4913,35.5255],[113.3284,35.463],[113.1296,35.3523],[113.0198,35.3286],[112.9028,35.2406],[112.8076,35.242],[112.6825,35.3112],[112.526,35.2203],[112.335,35.2187],[112.0585,35.2345],[112.0611,35.1085],[111.8294,35.0826],[111.6222,34.9473],[111.5577,34.8634],[111.3943,34.8233],[111.3313,34.8409],[111.0257,34.7475],[110.8838,34.6661],[110.7658,34.6613],[110.7086,34.621],[110.5305,34.5837],[110.336,34.6158]]}},{"type":"Feature","properties":{"name":null,"adm0_name":"China","adm0_a3":"CHN","min_zoom":4.6},"geometry":{"type":"LineString","coordinates":[[113.9024,29.0663],[114.0635,29.2032],[114.2465,29.2489],[114.2427,29.3085],[114.3081,29.3545],[114.4695,29.3179],[114.7087,29.3895],[114.8182,29.3939],[114.8952,29.5202],[114.9728,29.56],[115.2721,29.6147],[115.4169,29.7117],[115.4862,29.8643],[115.7052,29.8608],[115.8559,29.7386],[115.999,29.7441],[116.1473,29.7888]]}},{"type":"Feature","properties":{"name":null,"adm0_name":"China","adm0_a3":"CHN","min_zoom":4.6},"geometry":{"type":"LineString","coordinates":[[110.336,34.6158],[110.3277,34.4798],[110.3741,34.4037],[110.4787,34.3264],[110.4338,34.2614],[110.6067,34.1705],[110.5936,34.0653],[110.6424,33.9803],[110.5938,33.8797],[110.7492,33.8028],[110.7921,33.7051],[110.9682,33.5988],[111.0106,33.5002],[111.0156,33.3744],[110.9746,33.2665]]}},{"type":"Feature","properties":{"name":null,"adm0_name":"China","adm0_a3":"CHN","min_zoom":4.6},"geometry":{"type":"LineString","coordinates":[[110.9746,33.2665],[110.9001,33.2052],[110.8234,33.1989],[110.7113,33.1081],[110.6045,33.1539],[110.5474,33.2453],[110.4323,33.1731],[110.2344,33.1563],[110.0943,33.2133],[109.9599,33.2141],[109.8753,33.2434],[109.6597,33.2641],[109.5157,33.2371],[109.491,33.145],[109.7573,33.0801],[109.7812,33.0448],[109.7396,32.93],[109.8358,32.8959],[109.8991,32.9144],[110.0958,32.8413],[110.155,32.7296],[110.1683,32.6224],[110.0738,32.6166],[110.0009,32.5519],[109.8795,32.5916],[109.6348,32.5906],[109.5794,32.5412],[109.5613,32.405],[109.4874,32.3359],[109.5477,32.2336],[109.619,32.1889],[109.6663,32.043],[109.6102,31.9273],[109.594,31.7376]]}},{"type":"Feature","properties":{"name":null,"adm0_name":"Indonesia","adm0_a3":"IND","min_zoom":4.6},"geometry":{"type":"LineString","coordinates":[[108.799,-7.6647],[108.7336,-7.6046],[108.7416,-7.5365],[108.7047,-7.391],[108.5469,-7.2788],[108.5954,-7.1421],[108.6955,-7.1398],[108.789,-7.0613],[108.8007,-6.9348],[108.8951,-6.8142]]}},{"type":"Feature","properties":{"name":null,"adm0_name":"Indonesia","adm0_a3":"IND","min_zoom":4.6},"geometry":{"type":"LineString","coordinates":[[106.4011,-7.0073],[106.4508,-6.8362],[106.5061,-6.7835],[106.4266,-6.6968],[106.4053,-6.5241],[106.4337,-6.439],[106.4208,-6.3704],[106.5603,-6.3552],[106.6309,-6.3844],[106.7391,-6.3865],[106.7629,-6.3014]]}},{"type":"Feature","properties":{"name":null,"adm0_name":"Indonesia","adm0_a3":"IND","min_zoom":4.6},"geometry":{"type":"LineString","coordinates":[[121.598,-2.9728],[121.4753,-3.0198],[121.2776,-2.8789],[121.1635,-2.8735],[121.0677,-2.9177]]}},{"type":"Feature","properties":{"name":null,"adm0_name":"Indonesia","adm0_a3":"IND","min_zoom":4.6},"geometry":{"type":"LineString","coordinates":[[110.8436,-8.2008],[110.7987,-8.1217],[110.7866,-7.8736],[110.7533,-7.8326],[110.5787,-7.821],[110.5066,-7.7831],[110.4413,-7.5689],[110.3013,-7.6691],[110.1365,-7.6768],[110.1167,-7.7616],[110.0427,-7.8891]]}},{"type":"Feature","properties":{"name":null,"adm0_name":"Indonesia","adm0_a3":"IND","min_zoom":4.6},"geometry":{"type":"LineString","coordinates":[[119.4675,-3.513],[119.4529,-3.2809],[119.4119,-3.2147],[119.6392,-3.1209],[119.5432,-2.9069],[119.5604,-2.7465],[119.6613,-2.7582],[119.7856,-2.695],[119.739,-2.5653],[119.7071,-2.3539],[119.6236,-2.2936],[119.6463,-2.1764],[119.7535,-2.0818],[119.825,-2.0462],[119.8735,-1.9554]]}},{"type":"Feature","properties":{"name":null,"adm0_name":"Indonesia","adm0_a3":"IND","min_zoom":4.6},"geometry":{"type":"LineString","coordinates":[[119.8735,-1.9554],[120.0481,-1.8615],[120.1568,-1.8604],[120.2924,-1.9002],[120.4476,-1.8662],[120.5532,-2.025],[120.625,-2.1042],[120.8042,-2.2386],[121.3498,-2.3485],[121.4489,-2.3885],[121.638,-2.5579],[121.742,-2.6101],[121.7874,-2.6701],[121.7725,-2.8009],[121.598,-2.9728]]}},{"type":"Feature","properties":{"name":null,"adm0_name":"India","adm0_a3":"IDN","min_zoom":4.6},"geometry":{"type":"LineString","coordinates":[[77.3274,28.5197],[77.3375,28.6262],[77.3069,28.7206],[77.2272,28.7836],[77.2008,28.8768]]}},{"type":"Feature","properties":{"name":null,"adm0_name":"Indonesia","adm0_a3":"IND","min_zoom":4.6},"geometry":{"type":"LineString","coordinates":[[110.9444,-8.2264],[110.9652,-8.1169],[111.0992,-8.0085],[111.228,-7.9381],[111.3079,-7.8378],[111.2646,-7.7317],[111.1906,-7.7074],[111.2175,-7.6133],[111.185,-7.5291],[111.1974,-7.3086],[111.2203,-7.2514],[111.4443,-7.3112],[111.4598,-7.2738],[111.6083,-7.154],[111.5985,-6.9608],[111.6293,-6.8001],[111.6727,-6.7337]]}},{"type":"Feature","properties":{"name":null,"adm0_name":"India","adm0_a3":"IDN","min_zoom":4.6},"geometry":{"type":"LineString","coordinates":[[82.8009,23.9987],[82.6794,24.1668],[82.7329,24.2141],[82.767,24.386],[82.7341,24.4197],[82.7344,24.5516],[82.8084,24.5664],[82.7721,24.6683],[82.6922,24.7198],[82.6239,24.6919],[82.4271,24.7186],[82.4236,24.6475],[82.3027,24.6381],[82.319,24.702],[82.0332,24.8595],[81.8811,24.9215],[81.8172,25.0358],[81.5852,25.0796],[81.537,25.1998],[81.3605,25.157],[81.2432,25.1695],[81.239,25.0981],[81.1848,24.9729],[81.0981,24.9086],[80.9988,24.9657],[80.893,24.9841],[80.7787,24.9715],[80.8589,25.1876],[80.8061,25.2122],[80.7179,25.082],[80.6472,25.0701],[80.5795,25.1479],[80.5151,25.0407],[80.4584,25.0151],[80.2883,25.0162],[80.2653,25.0638],[80.422,25.1807],[80.395,25.2467],[80.3265,25.2823],[80.2836,25.4145],[80.1911,25.4133],[80.1245,25.351],[80.0153,25.3309],[79.8521,25.2478],[79.8633,25.1532],[79.6611,25.1481],[79.5416,25.1766],[79.4682,25.1038],[79.3391,25.1474],[79.4247,25.2572],[79.2945,25.2594],[79.269,25.1641],[79.109,25.195],[79.024,25.1746],[78.9834,25.2374],[78.885,25.2655],[78.9549,25.3857],[78.9191,25.5046],[78.8531,25.434],[78.7488,25.4261],[78.7275,25.3464],[78.5971,25.414],[78.5159,25.2662],[78.6098,25.1363],[78.6402,24.9641],[78.7321,24.8149],[78.7154,24.6851],[78.7504,24.6298],[78.8787,24.6132],[78.955,24.3925],[78.8258,24.2301],[78.7466,24.2794],[78.6559,24.2946],[78.4894,24.4108],[78.3855,24.3012],[78.3301,24.342],[78.3505,24.408],[78.2775,24.4531],[78.2288,24.5327],[78.2648,24.5835],[78.2613,24.6927],[78.1691,24.8655],[78.3365,25.023],[78.3663,25.186],[78.2619,25.4117],[78.33,25.4648],[78.3705,25.5527],[78.5584,25.5755],[78.7145,25.6259],[78.7536,25.6743],[78.7398,25.7898],[78.8083,25.8416],[78.9541,26.11],[78.9633,26.2781],[79.0608,26.3551],[79.0281,26.4976],[78.9744,26.5716],[78.9358,26.6944],[78.8424,26.7119],[78.6932,26.7979],[78.5635,26.7585],[78.3715,26.851],[78.2001,26.8236]]}},{"type":"Feature","properties":{"name":null,"adm0_name":"India","adm0_a3":"IDN","min_zoom":4.6},"geometry":{"type":"MultiLineString","coordinates":[[[77.2807,27.8094],[77.4245,27.8908],[77.4799,27.898],[77.5265,27.9745],[77.4681,28.0468],[77.5289,28.2535],[77.4665,28.3152],[77.497,28.3933],[77.3274,28.5197]],[[77.2008,28.8768],[77.1957,28.9976],[77.1414,29.1303],[77.1307,29.2806],[77.1498,29.4034],[77.0647,29.5695],[77.0878,29.6585],[77.1804,29.8043],[77.2299,29.9766],[77.2847,30.0381],[77.5701,30.2782],[77.5851,30.3829]]]}},{"type":"Feature","properties":{"name":null,"adm0_name":"India","adm0_a3":"IDN","min_zoom":4.6},"geometry":{"type":"LineString","coordinates":[[83.5231,24.5297],[83.4017,24.4983],[83.454,24.3616],[83.3371,24.1402]]}},{"type":"Feature","properties":{"name":null,"adm0_name":"India","adm0_a3":"IDN","min_zoom":4.6},"geometry":{"type":"LineString","coordinates":[[83.3371,24.1402],[83.2063,23.944],[83.0888,23.911],[82.9644,23.9139],[82.8009,23.9987]]}},{"type":"Feature","properties":{"name":null,"adm0_name":"India","adm0_a3":"IDN","min_zoom":4.6},"geometry":{"type":"LineString","coordinates":[[87.7837,25.2141],[87.7262,25.2516],[87.5987,25.2667],[87.5235,25.3238],[87.4067,25.181],[87.2919,25.1743],[87.2659,25.0722],[87.1855,25.062],[87.1173,24.9709],[87.1192,24.8511],[87.0775,24.7453],[87.05,24.597],[86.9255,24.6136],[86.8899,24.5316],[86.7554,24.5881],[86.7023,24.5478],[86.5857,24.5614],[86.4944,24.4798],[86.4387,24.3404],[86.2764,24.4348],[86.2905,24.5516],[86.1549,24.5561],[86.0977,24.6905],[86.0329,24.7124],[85.9116,24.6985],[85.8309,24.7709],[85.746,24.77],[85.6473,24.6486],[85.6624,24.5689],[85.5784,24.5578],[85.5264,24.5016],[85.3914,24.5095],[85.2806,24.4873],[84.9615,24.3484],[84.889,24.3728],[84.7985,24.4966],[84.5883,24.3944],[84.5192,24.3075],[84.472,24.3074],[84.3119,24.4511],[84.3054,24.5308],[84.0956,24.5041],[84.0439,24.6239],[83.9184,24.5438],[83.7879,24.5373],[83.6959,24.5063],[83.5231,24.5297]]}},{"type":"Feature","properties":{"name":null,"adm0_name":"India","adm0_a3":"IDN","min_zoom":4.6},"geometry":{"type":"LineString","coordinates":[[83.5231,24.5297],[83.531,24.7036],[83.5088,24.7621],[83.3602,24.8633],[83.3599,25.009],[83.3233,25.068],[83.3343,25.1726],[83.3841,25.2359],[83.7749,25.445],[83.9043,25.5295],[84.1434,25.7362],[84.2129,25.728],[84.2389,25.648],[84.3242,25.6589],[84.3147,25.7422],[84.3728,25.7651],[84.4867,25.7007],[84.6007,25.747],[84.6055,25.7998],[84.5316,25.8621],[84.4197,25.8896],[84.3743,25.9403],[84.2615,25.9313],[84.1503,26.066],[84.0649,26.1035],[83.9927,26.2411],[84.1872,26.2928],[84.1776,26.4043],[84.0261,26.4692],[83.9551,26.4539],[83.9201,26.5327],[84.054,26.5648],[84.0992,26.6496],[84.383,26.6417],[84.3063,26.7444],[84.2464,26.757],[84.2408,26.8742],[84.149,26.8763],[84.0706,26.9236],[84.0234,27.06],[83.9383,27.1644],[83.9424,27.2225],[83.8288,27.3778]]}},{"type":"Feature","properties":{"name":null,"adm0_name":"India","adm0_a3":"IDN","min_zoom":4.6},"geometry":{"type":"LineString","coordinates":[[77.5851,30.3829],[77.3034,30.4603],[77.1478,30.5387],[77.1503,30.664],[77.1151,30.7221],[77.0015,30.7773],[76.9057,30.8993],[76.7682,30.9076]]}},{"type":"Feature","properties":{"name":null,"adm0_name":"Russia","adm0_a3":"RUS","min_zoom":4.7},"geometry":{"type":"LineString","coordinates":[[33.73,44.398],[33.8521,44.4316],[33.8057,44.5273],[33.713,44.5816],[33.7091,44.6664],[33.6114,44.7206],[33.6745,44.7916],[33.5705,44.8525]]}},{"type":"Feature","properties":{"name":null,"adm0_name":"Indonesia","adm0_a3":"IND","min_zoom":4.6},"geometry":{"type":"LineString","coordinates":[[103.5925,-4.9273],[103.7653,-4.8047]]}},{"type":"Feature","properties":{"name":null,"adm0_name":"Indonesia","adm0_a3":"IND","min_zoom":4.6},"geometry":{"type":"LineString","coordinates":[[101.0266,-2.48],[101.171,-2.3671],[101.3356,-2.297]]}},{"type":"Feature","properties":{"name":null,"adm0_name":"Indonesia","adm0_a3":"IND","min_zoom":4.6},"geometry":{"type":"LineString","coordinates":[[105.828,-4.158],[105.7092,-4.15],[105.5132,-3.8684],[105.3099,-3.7556],[105.2661,-3.8861],[105.129,-3.9563],[105.1115,-4.06],[105.0089,-4.1692],[104.8396,-4.2207],[104.6743,-4.2968],[104.5272,-4.32],[104.3972,-4.4051],[104.3091,-4.4402],[104.2927,-4.4947],[104.3088,-4.6278],[104.2649,-4.7078],[104.3365,-4.8143],[104.2979,-4.8925],[104.2104,-4.8932],[104.0811,-4.9467],[103.8895,-4.9336],[103.8547,-4.8542],[103.7653,-4.8047]]}},{"type":"Feature","properties":{"name":null,"adm0_name":"Indonesia","adm0_a3":"IND","min_zoom":4.6},"geometry":{"type":"LineString","coordinates":[[103.7653,-4.8047],[103.7225,-4.7575],[103.6939,-4.6393],[103.6218,-4.5053],[103.6158,-4.418],[103.3915,-4.3348],[103.1859,-4.2425],[103.1416,-4.0468],[103.1074,-4.0199],[102.981,-4.0354],[102.9084,-3.9911],[102.8452,-4.0005],[102.7685,-3.9614],[102.6299,-3.8137],[102.7018,-3.7911],[102.8972,-3.6308],[102.9931,-3.5841],[103.0173,-3.4854],[102.9749,-3.3956],[102.8702,-3.3759],[102.766,-3.279],[102.6313,-3.373],[102.5626,-3.3441],[102.4617,-3.2504],[102.4893,-3.1512],[102.4308,-3.0879],[102.2411,-3.0588],[102.2238,-2.9543],[102.0668,-2.7824]]}},{"type":"Feature","properties":{"name":null,"adm0_name":"Indonesia","adm0_a3":"IND","min_zoom":4.6},"geometry":{"type":"LineString","coordinates":[[102.0668,-2.7824],[101.9626,-2.735],[101.9004,-2.7401],[101.7367,-2.6363],[101.5642,-2.4502],[101.5171,-2.3052],[101.4358,-2.2362],[101.3356,-2.297]]}},{"type":"Feature","properties":{"name":null,"adm0_name":"Indonesia","adm0_a3":"IND","min_zoom":4.6},"geometry":{"type":"LineString","coordinates":[[101.3356,-2.297],[101.2597,-2.0815],[101.1423,-1.92],[101.1139,-1.7049],[101.226,-1.7284],[101.4757,-1.7021],[101.5194,-1.6398],[101.6753,-1.4999],[101.6781,-1.289],[101.7945,-1.2389],[101.841,-1.1662],[101.7827,-1.1318],[101.7698,-1.0382]]}},{"type":"Feature","properties":{"name":null,"adm0_name":"Indonesia","adm0_a3":"IND","min_zoom":4.6},"geometry":{"type":"LineString","coordinates":[[123.0745,0.9414],[123.2052,0.8368],[123.247,0.7329],[123.3254,0.6642],[123.4394,0.611],[123.481,0.5569],[123.4998,0.4298],[123.457,0.3059]]}},{"type":"Feature","properties":{"name":null,"adm0_name":"Indonesia","adm0_a3":"IND","min_zoom":4.6},"geometry":{"type":"LineString","coordinates":[[104.5316,-1.7341],[104.4283,-1.6938],[104.3759,-1.7138],[104.3215,-1.8043],[104.1256,-1.8306],[103.9579,-1.7906],[103.8864,-1.7948],[103.535,-1.9679],[103.5237,-2.2245],[103.4599,-2.2383],[103.4632,-2.3515],[103.419,-2.3938],[103.3036,-2.2846],[103.2719,-2.2091],[103.2156,-2.186],[103.1702,-2.2861],[103.2045,-2.3613],[103.1229,-2.398],[102.862,-2.3539],[102.8636,-2.4618],[102.7917,-2.5679],[102.6187,-2.6715],[102.5964,-2.7098],[102.4869,-2.7299],[102.3978,-2.7099],[102.2602,-2.6395],[102.2331,-2.6844],[102.0668,-2.7824]]}},{"type":"Feature","properties":{"name":null,"adm0_name":"Indonesia","adm0_a3":"IND","min_zoom":4.6},"geometry":{"type":"LineString","coordinates":[[101.7698,-1.0382],[101.6738,-0.9675],[101.5253,-0.9319],[101.4337,-0.8471],[101.3308,-0.7872],[101.236,-0.7026],[101.0403,-0.4745],[101.0001,-0.4013],[100.8558,-0.3223],[100.79,-0.2057],[100.749,-0.064],[100.8456,-0.0303],[100.8472,0.186],[100.5098,0.4439],[100.3687,0.4113],[100.2654,0.4505],[100.163,0.6484],[100.2068,0.7107],[100.1734,0.7576]]}},{"type":"Feature","properties":{"name":null,"adm0_name":"Indonesia","adm0_a3":"IND","min_zoom":4.6},"geometry":{"type":"LineString","coordinates":[[100.1734,0.7576],[100.2099,0.8664],[100.2096,1.0535],[100.2254,1.146],[100.1477,1.2247],[100.1303,1.3],[100.071,1.3587],[100.1048,1.4152],[100.3503,1.5248],[100.4409,1.5987],[100.4353,1.6666],[100.3756,1.8145],[100.3036,1.8812],[100.3191,2.0457],[100.3126,2.1773],[100.2787,2.3545],[100.3137,2.5546]]}},{"type":"Feature","properties":{"name":null,"adm0_name":"Indonesia","adm0_a3":"IND","min_zoom":4.6},"geometry":{"type":"LineString","coordinates":[[122.1973,1.0277],[122.0457,0.9438],[121.9931,0.9353],[121.8404,0.9704],[121.508,0.8469],[121.3785,0.861],[121.3032,0.8261],[121.2354,0.7246],[121.1604,0.6861],[121.2567,0.5867],[121.3338,0.5756],[121.3334,0.4829]]}},{"type":"Feature","properties":{"name":null,"adm0_name":"Indonesia","adm0_a3":"IND","min_zoom":4.6},"geometry":{"type":"LineString","coordinates":[[103.5247,-0.7393],[103.1001,-0.7722],[102.9173,-0.7634],[102.8044,-0.793],[102.6822,-0.9045],[102.5412,-1.0849],[102.4518,-1.0682],[102.3562,-1.01],[102.2606,-0.8804],[102.1889,-0.8557],[102.0126,-0.8804],[101.9351,-0.9273],[101.8818,-1],[101.7698,-1.0382]]}},{"type":"Feature","properties":{"name":null,"adm0_name":"Indonesia","adm0_a3":"IND","min_zoom":4.6},"geometry":{"type":"LineString","coordinates":[[121.598,-2.9728],[121.7814,-2.9855],[122.058,-3.0926],[122.2072,-3.1115],[122.3489,-3.2464]]}},{"type":"Feature","properties":{"name":null,"adm0_name":"Indonesia","adm0_a3":"IND","min_zoom":4.6},"geometry":{"type":"LineString","coordinates":[[119.8735,-1.9554],[119.8227,-1.8718],[119.8464,-1.7917],[119.8224,-1.729],[119.7247,-1.6125],[119.6925,-1.4613],[119.6417,-1.3937],[119.4945,-1.3293],[119.5265,-1.2236],[119.6018,-1.1507],[119.5721,-1.052],[119.5662,-0.8337]]}},{"type":"Feature","properties":{"name":null,"adm0_name":"Indonesia","adm0_a3":"IND","min_zoom":4.6},"geometry":{"type":"LineString","coordinates":[[106.7629,-6.3014],[106.9239,-6.3815],[106.985,-6.2354],[106.9888,-6.027]]}},{"type":"Feature","properties":{"name":null,"adm0_name":"Indonesia","adm0_a3":"IND","min_zoom":4.6},"geometry":{"type":"LineString","coordinates":[[106.7629,-6.3014],[106.702,-6.2101],[106.6841,-6.1019],[106.731,-6.0589]]}},{"type":"Feature","properties":{"name":null,"adm0_name":"China","adm0_a3":"CHN","min_zoom":4.6},"geometry":{"type":"LineString","coordinates":[[120.9093,31.0117],[120.883,31.14],[121.0347,31.1438],[121.0586,31.2484],[121.1263,31.277],[121.1356,31.3744],[121.1868,31.4575],[121.3409,31.491]]}},{"type":"Feature","properties":{"name":null,"adm0_name":"China","adm0_a3":"CHN","min_zoom":4.6},"geometry":{"type":"LineString","coordinates":[[119.6298,31.1329],[119.3628,31.1924],[119.3168,31.2667],[119.1629,31.2874],[119.0747,31.2388],[118.8161,31.2263],[118.7557,31.2808],[118.751,31.358],[118.8272,31.3975],[118.8809,31.5224],[118.8605,31.6274],[118.6807,31.6468],[118.6844,31.7009],[118.4769,31.7902],[118.4811,31.8587],[118.352,31.9467],[118.3831,32.054],[118.4991,32.1377],[118.5144,32.1998],[118.6504,32.2379],[118.6841,32.3392],[118.6679,32.4532],[118.6118,32.4777],[118.5518,32.5744],[118.7519,32.6125],[118.8913,32.5957],[119.0805,32.4461],[119.1994,32.5937],[119.1904,32.7112],[119.1095,32.8339],[119.0089,32.9095],[118.993,32.962],[118.8574,32.9723],[118.7977,32.8651],[118.7482,32.8385],[118.7202,32.7321],[118.3991,32.7309],[118.2997,32.7774],[118.239,32.9237],[118.2484,33.0134],[118.218,33.1799],[118.0807,33.1496],[117.9964,33.1678],[117.9319,33.2351],[118.1215,33.6113],[118.1767,33.6926],[118.1237,33.766],[117.9255,33.734],[117.7522,33.7244],[117.7456,33.8823],[117.6875,33.8876],[117.6509,33.9825],[117.5724,33.9905],[117.5035,34.0498],[117.3917,34.0313],[117.3213,34.0789],[117.1594,34.0912],[117.0339,34.1555],[116.9695,34.2754],[116.9495,34.3893],[116.8023,34.4001],[116.7695,34.4518],[116.6249,34.485],[116.4281,34.6397],[116.3772,34.6395]]}},{"type":"Feature","properties":{"name":null,"adm0_name":"China","adm0_a3":"CHN","min_zoom":4.6},"geometry":{"type":"LineString","coordinates":[[119.6298,31.1329],[119.7401,31.1765],[119.9319,31.15],[119.9431,31.0866],[120.1286,30.9432],[120.2134,30.9205],[120.3617,30.9388],[120.4469,30.8897],[120.491,30.7637],[120.5779,30.8458],[120.7095,30.8911],[120.6921,30.9766],[120.9093,31.0117]]}},{"type":"Feature","properties":{"name":null,"adm0_name":"China","adm0_a3":"CHN","min_zoom":4.6},"geometry":{"type":"LineString","coordinates":[[120.9093,31.0117],[120.9692,31.0095],[120.981,30.832],[121.1044,30.8343],[121.2561,30.7441],[121.2748,30.6912]]}},{"type":"Feature","properties":{"name":null,"adm0_name":"China","adm0_a3":"CHN","min_zoom":4.6},"geometry":{"type":"LineString","coordinates":[[118.4464,28.2887],[118.4763,28.3323],[118.4579,28.5174],[118.4159,28.604],[118.4255,28.6952],[118.3717,28.7986],[118.3029,28.8358],[118.229,28.9545],[118.0639,29.0506],[118.0008,29.1439],[118.052,29.2753],[118.1324,29.2979],[118.1747,29.4079]]}},{"type":"Feature","properties":{"name":null,"adm0_name":"China","adm0_a3":"CHN","min_zoom":4.6},"geometry":{"type":"LineString","coordinates":[[118.1747,29.4079],[118.3732,29.4528],[118.4696,29.5239],[118.5569,29.6252],[118.6481,29.6583],[118.7237,29.7302],[118.7413,29.8284],[118.8201,29.88],[118.894,29.9826],[118.8527,30.1593],[118.9095,30.2222],[118.8811,30.3244],[118.9347,30.3521],[119.0575,30.3119],[119.2107,30.3137],[119.3629,30.4045],[119.3208,30.5182],[119.2415,30.5508],[119.3506,30.6754],[119.4431,30.6392],[119.5005,30.7694],[119.575,30.8471],[119.6298,31.1329]]}},{"type":"Feature","properties":{"name":null,"adm0_name":"China","adm0_a3":"CHN","min_zoom":4.6},"geometry":{"type":"LineString","coordinates":[[115.8875,24.9168],[115.8885,24.9999],[115.8428,25.1947],[115.908,25.2383],[115.9787,25.3508],[116.0002,25.4972],[116.0445,25.5746],[116.0276,25.6364],[116.1237,25.7642],[116.1352,25.8663],[116.1802,25.9072],[116.3232,25.9551],[116.3973,26.0615],[116.4193,26.1529],[116.399,26.2875],[116.5017,26.407],[116.5945,26.3951],[116.6195,26.4921],[116.5423,26.5628],[116.505,26.6893],[116.5453,26.8679],[116.6697,26.9869],[116.9234,27.021],[117.0401,27.1095],[117.1538,27.2764],[117.1011,27.3467],[117.1247,27.4299],[117.1123,27.5676],[117.2251,27.7235],[117.2871,27.7726],[117.2842,27.857],[117.5444,27.9667],[117.6053,27.8662],[117.7456,27.8133],[117.8234,27.9373],[117.9465,27.9732],[118.0613,27.979],[118.1307,28.0405],[118.3678,28.0997],[118.3489,28.2198],[118.4464,28.2887]]}},{"type":"Feature","properties":{"name":null,"adm0_name":"China","adm0_a3":"CHN","min_zoom":4.6},"geometry":{"type":"LineString","coordinates":[[118.4464,28.2887],[118.4989,28.2624],[118.7352,28.326],[118.797,28.2129],[118.7657,28.1782],[118.7481,27.9732],[118.8198,27.91],[118.8895,27.7222],[118.9227,27.55],[119.0053,27.4801],[119.1858,27.4199],[119.2656,27.4241],[119.3904,27.5126],[119.4673,27.5253],[119.5117,27.6367],[119.6158,27.6656],[119.6866,27.5113],[119.6934,27.411],[119.7701,27.3159],[120.0644,27.3436],[120.1477,27.4002],[120.2489,27.4102],[120.344,27.3796],[120.4058,27.2969],[120.4192,27.2064]]}},{"type":"Feature","properties":{"name":null,"adm0_name":"India","adm0_a3":"IDN","min_zoom":4.6},"geometry":{"type":"LineString","coordinates":[[81.759,17.9089],[81.9236,18.0002],[82.0424,18.0433],[82.1319,18.0388],[82.2401,17.9929],[82.3299,18.044],[82.3528,18.1553],[82.3095,18.1948],[82.3608,18.2916],[82.3682,18.414],[82.4491,18.5221],[82.5027,18.5106],[82.5113,18.4222],[82.5974,18.3252],[82.5867,18.2444],[82.7814,18.3578],[82.7797,18.4167],[82.8784,18.4091],[82.9041,18.3553],[83.0392,18.3904],[83.0365,18.4695],[83.0835,18.5253],[83.0281,18.6409],[83.1265,18.7582],[83.2017,18.7416],[83.3942,18.8694],[83.3268,18.9297],[83.3414,19.0046],[83.4237,18.9643],[83.4901,19.0516],[83.5726,19.0699],[83.6128,19.1298],[83.7064,19.0014],[83.8018,19],[83.8542,18.86],[83.9024,18.8056],[84.0714,18.8179],[84.1531,18.7877],[84.3178,18.8092],[84.4626,18.9463],[84.5252,19.033],[84.6415,19.1005],[84.6945,19.1606],[84.7778,19.1162]]}},{"type":"Feature","properties":{"name":null,"adm0_name":"India","adm0_a3":"IDN","min_zoom":4.6},"geometry":{"type":"LineString","coordinates":[[78.2296,12.7599],[78.2859,12.8434],[78.4158,12.9482],[78.5165,13.0891],[78.5684,13.2748],[78.3809,13.3228],[78.3502,13.3761],[78.3747,13.5796],[78.1841,13.6015],[78.0682,13.6987],[78.0968,13.809],[78.0327,13.8847],[77.9207,13.8305],[77.8788,13.9166],[77.7349,13.8242],[77.5932,13.7671],[77.4995,13.7045],[77.4425,13.702],[77.384,13.8467],[77.2921,13.8484],[77.1522,13.9036],[77.1026,13.8497],[77.1332,13.7848],[77.0323,13.7462],[76.9585,13.7816],[77.0104,13.905],[76.9359,14.0109],[76.9426,14.0611],[76.873,14.1374],[76.9736,14.1561],[76.9953,14.0664],[77.1123,14.0051],[77.2893,14.0107],[77.3324,13.9082],[77.388,13.9629],[77.3279,14.0522],[77.3685,14.1634],[77.4678,14.1924],[77.461,14.2901],[77.3844,14.262],[77.2782,14.2956],[77.2568,14.334],[77.1113,14.3296],[77.0455,14.2317],[76.9082,14.2579],[76.8624,14.3472],[76.9316,14.4576],[76.83,14.4787],[76.7529,14.5656],[76.7619,14.7637],[76.7997,14.7948],[76.8222,14.921],[76.7195,14.9897],[76.7643,15.0941],[76.948,15.0216],[77.0804,15.0367],[77.1281,15.1323],[77.1049,15.3082],[77.0259,15.3515],[76.9997,15.6138],[77.0849,15.6673],[77.0253,15.7813],[77.0341,15.8737],[77.1437,15.9607],[77.2264,15.9764],[77.4465,15.953]]}},{"type":"Feature","properties":{"name":null,"adm0_name":"India","adm0_a3":"IDN","min_zoom":4.6},"geometry":{"type":"LineString","coordinates":[[77.4465,15.953],[77.6412,15.9007],[77.8499,15.8939],[77.888,15.9191],[78.0875,15.833],[78.2353,15.9505],[78.256,16.0057],[78.4,16.0834],[78.4998,16.0938],[78.7341,16.0303],[78.8394,16.0667],[78.8391,16.1248],[79.0217,16.2471],[79.1606,16.2193],[79.2148,16.2445],[79.2334,16.3305],[79.2135,16.4932],[79.2656,16.5696],[79.4063,16.5872],[79.5043,16.6419],[79.7209,16.689],[79.752,16.7237],[79.8823,16.7032],[79.9581,16.6304],[80.043,16.7386],[80.0733,16.8229],[80.0024,16.871],[80.0776,16.9726],[80.2205,17.0333],[80.2806,16.9974],[80.351,16.8621],[80.5061,16.7925],[80.5862,16.9339],[80.4743,16.9366],[80.3843,16.976],[80.5018,17.108],[80.5909,17.1398],[80.6697,17.0799],[80.8295,17.046],[80.8931,17.1556],[80.9905,17.2182],[81.1442,17.2495],[81.2143,17.3236],[81.4083,17.3706],[81.4695,17.4205],[81.5352,17.6377],[81.6286,17.7634],[81.7758,17.8332],[81.759,17.9089]]}},{"type":"Feature","properties":{"name":null,"adm0_name":"Indonesia","adm0_a3":"IND","min_zoom":4.6},"geometry":{"type":"LineString","coordinates":[[115.6775,-1.4259],[115.6801,-1.3609],[115.4266,-1.4345],[115.4043,-1.4744],[115.3383,-1.7654],[115.3584,-1.9039],[115.308,-1.9919],[115.3301,-2.0371],[115.1309,-2.2076],[114.9048,-2.2625],[114.879,-2.3263],[114.9081,-2.4187],[114.8222,-2.562],[114.7854,-2.6888],[114.675,-2.7594],[114.6312,-2.8223],[114.5045,-2.881],[114.4711,-3.004],[114.3107,-3.4339]]}},{"type":"Feature","properties":{"name":null,"adm0_name":"India","adm0_a3":"IDN","min_zoom":4.6},"geometry":{"type":"MultiLineString","coordinates":[[[80.2602,13.4685],[80.0976,13.4638],[79.962,13.4165],[79.9567,13.3658],[79.8163,13.2949],[79.7849,13.224],[79.6968,13.2358],[79.6679,13.2913],[79.5717,13.2841],[79.5442,13.3235],[79.4495,13.3312],[79.4202,13.22],[79.3149,13.132],[79.2508,13.1478],[79.1616,13.0449],[79.0776,13.0356],[78.9442,13.0934],[78.7362,13.061],[78.6447,12.992],[78.5826,12.7782],[78.4191,12.6326],[78.3528,12.6415],[78.2296,12.7599]],[[80.2881,13.5271],[80.2777,13.5125]]]}},{"type":"Feature","properties":{"name":null,"adm0_name":"Indonesia","adm0_a3":"IND","min_zoom":4.6},"geometry":{"type":"LineString","coordinates":[[99.1512,0.2525],[99.3423,0.4736],[99.5845,0.5628],[99.6854,0.5007],[99.8141,0.4682],[99.9082,0.5036],[99.9147,0.5686],[99.8181,0.7087],[99.7942,0.7801],[99.7105,0.8489],[99.8264,0.8682],[100.1734,0.7576]]}},{"type":"Feature","properties":{"name":null,"adm0_name":"Indonesia","adm0_a3":"IND","min_zoom":4.6},"geometry":{"type":"LineString","coordinates":[[98.1013,2.1886],[98.1276,2.327],[98.0626,2.4443],[98.0253,2.5761],[98.0694,2.677],[98.057,2.8121],[97.9228,2.9093],[97.8956,3.0826],[97.9364,3.1406],[97.864,3.2574],[97.9896,3.3304],[97.9068,3.433],[97.9142,3.4838],[97.8438,3.5799],[97.7839,3.7448],[97.8933,3.8482],[97.8902,3.9152],[98.001,3.9801],[98.0627,4.2403],[98.1884,4.2948],[98.2676,4.2879]]}},{"type":"Feature","properties":{"name":null,"adm0_name":"Russia","adm0_a3":"RUS","min_zoom":4.7},"geometry":{"type":"LineString","coordinates":[[163.1369,64.7702],[163.2461,64.7268],[163.1671,64.5594],[163.3446,64.4866],[163.4343,64.3731],[163.2559,64.3207],[163.1666,64.1901],[162.9422,64.1996],[162.7942,64.148],[162.8414,64.0165],[162.9288,63.9504],[162.8877,63.877],[162.7259,63.8365],[162.7549,63.7385],[162.9792,63.621],[162.957,63.4911],[162.8842,63.4364],[162.6946,63.393],[162.7439,63.1815],[162.3799,63.1189],[162.2693,62.935],[162.5475,62.8447],[162.6727,62.7105],[162.8187,62.6971],[162.7088,62.6015],[162.7679,62.5031],[162.7361,62.2974],[162.6643,62.2616],[162.404,62.2528],[162.2654,62.1286],[162.512,62.1034],[162.48,61.9632],[162.3112,61.9342],[162.4677,61.8205],[162.4308,61.7643],[162.5105,61.6584]]}},{"type":"Feature","properties":{"name":null,"adm0_name":"India","adm0_a3":"IDN","min_zoom":4.6},"geometry":{"type":"LineString","coordinates":[[73.1663,20.1149],[73.1609,20.0475],[72.9972,20.0398],[72.9472,20.1274]]}},{"type":"Feature","properties":{"name":null,"adm0_name":"Russia","adm0_a3":"RUS","min_zoom":4.7},"geometry":{"type":"LineString","coordinates":[[144.7451,62.0469],[144.7186,62.0817],[144.9032,62.1602],[144.9935,62.2439],[145.1769,62.2858],[145.1746,62.428],[145.1243,62.4899],[145.4798,62.548],[145.3261,62.7544],[145.366,62.9103],[145.2521,63.1796],[145.3636,63.3308],[145.4446,63.5152],[145.6331,63.6603],[145.5723,63.8361],[146.1087,63.9416],[146.2915,64.061],[146.3765,64.1968],[146.4987,64.2088],[146.9964,64.147],[147.23,64.0563],[147.3072,64.1323],[147.6095,64.1703],[147.6026,64.0466],[147.9551,63.9443],[148.1149,64.0509],[148.2535,64.2553],[148.0007,64.3627],[148.0226,64.431],[148.1613,64.4578],[148.291,64.5494],[148.4363,64.5241],[148.6305,64.4187],[149.2697,64.4457],[149.402,64.4374],[149.5899,64.5251],[149.8164,64.5673],[150.0683,64.5017],[150.0241,64.37],[150.2243,64.2131],[150.6334,64.1706],[150.631,64.3311],[150.9661,64.3317],[151.1234,64.3713],[151.301,64.3608],[151.48,64.4356],[152.0158,64.5037],[152.136,64.4405],[152.1688,64.3553],[152.4138,64.4068],[152.3313,64.5101],[152.7482,64.6859],[152.5022,64.9454],[152.6448,65.0223],[152.6204,65.169],[152.6882,65.2334],[153.0318,65.2747],[153.5213,65.408],[153.4009,65.5043],[153.5313,65.7056],[153.4538,65.7878],[153.5053,65.842],[153.6975,65.8856],[154.0408,65.8686],[154.2496,65.83],[154.3743,65.9209],[154.3594,66.0334],[154.2205,66.0689],[154.3953,66.2046],[154.548,66.2378],[154.8024,66.185],[154.8853,66.1336],[155.17,66.209],[155.3199,66.1419],[155.7522,66.1769],[155.9583,66.0963],[156.3603,66.0668],[156.4882,66.1461],[156.6592,66.1931],[156.7619,66.1046],[156.9731,66.0325],[156.9266,65.9654],[157.1244,65.9152],[157.3732,65.9256],[157.3822,66],[157.7176,66.112],[158.1241,66.1558],[158.4849,66.1175],[158.3927,66.2546],[158.529,66.3594]]}},{"type":"Feature","properties":{"name":null,"adm0_name":"Russia","adm0_a3":"RUS","min_zoom":4.7},"geometry":{"type":"LineString","coordinates":[[158.529,66.3594],[158.7759,66.2838],[159.1664,66.234],[159.2029,66.1639],[159.0524,66.048],[158.9337,65.9026],[158.9217,65.743],[159.3766,65.6577],[159.8342,65.5285],[159.9971,65.5233],[160.17,65.4505],[160.1738,65.3761],[160.4183,65.2515],[160.5366,65.162],[160.6876,65.1491],[161.0099,65.1698],[161.2811,65.1407],[161.4174,65.0687],[161.6448,65.0131],[161.7845,64.8381],[162.2929,64.7424],[162.6077,64.7342],[162.7357,64.6612],[162.9969,64.6487],[163.1173,64.6933],[163.1369,64.7702]]}},{"type":"Feature","properties":{"name":null,"adm0_name":"China","adm0_a3":"CHN","min_zoom":4.6},"geometry":{"type":"LineString","coordinates":[[117.3568,40.257],[117.2505,40.3378],[117.2379,40.4502],[117.1841,40.4973],[117.2431,40.5702],[117.4118,40.5974],[117.4285,40.669],[117.3035,40.6618],[117.1992,40.69],[117.058,40.6772],[116.9104,40.7492],[116.6758,40.9401],[116.6527,41.031],[116.4382,40.8997],[116.4589,40.7916],[116.2914,40.7399],[116.2073,40.7504],[116.1304,40.658],[115.9947,40.596],[115.8745,40.6102],[115.7282,40.5396],[115.9452,40.2937],[115.8198,40.1519],[115.5776,40.0963],[115.4271,39.9626],[115.4964,39.9236],[115.5109,39.8385],[115.4373,39.7493],[115.4634,39.6432],[115.6185,39.6037],[115.7559,39.509],[115.9454,39.5754],[116.0006,39.5576],[116.2104,39.5719],[116.2498,39.5058],[116.3866,39.4421],[116.4283,39.5214],[116.6044,39.6112],[116.7934,39.6023]]}},{"type":"Feature","properties":{"name":null,"adm0_name":"China","adm0_a3":"CHN","min_zoom":4.6},"geometry":{"type":"MultiLineString","coordinates":[[[116.7934,39.6023],[116.8756,39.6865]],[[117.2391,40.0926],[117.3106,40.1105],[117.372,40.2006],[117.3568,40.257]]]}},{"type":"Feature","properties":{"name":null,"adm0_name":"China","adm0_a3":"CHN","min_zoom":4.6},"geometry":{"type":"LineString","coordinates":[[113.721,36.3559],[113.6308,36.4381],[113.5351,36.4834],[113.5474,36.5485],[113.4587,36.6358],[113.4539,36.7366],[113.6078,36.7691],[113.6792,36.8716],[113.776,36.8906],[113.7543,37.1149],[113.8577,37.2089],[113.8867,37.2961],[114.0531,37.5006],[114.0963,37.5995],[114.1004,37.6982],[114.0264,37.7508],[113.9871,37.839],[113.8915,37.9495],[113.7907,38.1529],[113.5579,38.2434],[113.518,38.3776],[113.5345,38.5373],[113.609,38.6445],[113.669,38.6603],[113.8251,38.8103],[113.7602,38.9092],[113.8533,39.0723],[114.0127,39.1188],[114.0891,39.0744],[114.2163,39.069],[114.394,39.1693],[114.4203,39.3],[114.5409,39.5312],[114.4021,39.6585],[114.3828,39.8611],[114.2332,39.8764],[114.086,39.9169],[113.9359,40.0157],[113.996,40.1318],[114.0854,40.185],[114.4503,40.2938],[114.4337,40.3605],[114.2858,40.3786],[114.2576,40.55],[114.1517,40.6736],[114.1541,40.7426]]}},{"type":"Feature","properties":{"name":null,"adm0_name":"China","adm0_a3":"CHN","min_zoom":4.6},"geometry":{"type":"LineString","coordinates":[[118.0096,39.2186],[118.0079,39.3427],[117.8971,39.3987],[117.8928,39.5646],[117.6309,39.5759],[117.6225,39.6664],[117.5331,39.7504],[117.5013,39.9887],[117.7656,39.9641],[117.7497,40.0635],[117.4511,40.2267],[117.3568,40.257]]}},{"type":"Feature","properties":{"name":null,"adm0_name":"China","adm0_a3":"CHN","min_zoom":4.6},"geometry":{"type":"LineString","coordinates":[[115.4603,36.1579],[115.4489,36.2492],[115.3433,36.3521],[115.2757,36.4742],[115.3416,36.5998],[115.4778,36.7536],[115.6264,36.7936],[115.773,36.9457],[115.8518,37.0572],[115.9072,37.2065],[115.975,37.3217],[116.115,37.3681],[116.2556,37.3873],[116.2199,37.4624],[116.3501,37.6209],[116.4106,37.4846],[116.6087,37.6394],[116.7439,37.7993],[116.8395,37.8337],[117.4206,37.8467],[117.5687,38.0489],[117.6873,38.0727],[117.7798,38.1644],[117.8372,38.2709]]}},{"type":"Feature","properties":{"name":null,"adm0_name":"China","adm0_a3":"CHN","min_zoom":4.6},"geometry":{"type":"LineString","coordinates":[[115.4603,36.1579],[115.3497,36.0822],[115.2452,36.1614],[115.1061,36.1846],[115.0338,36.1009],[114.9307,36.0566],[114.8932,36.1196],[114.7072,36.1528],[114.5484,36.139],[114.3431,36.2447],[114.1563,36.2467],[114.0631,36.2771],[113.9893,36.359],[113.8083,36.3394],[113.721,36.3559]]}},{"type":"Feature","properties":{"name":null,"adm0_name":"China","adm0_a3":"CHN","min_zoom":4.6},"geometry":{"type":"LineString","coordinates":[[116.3772,34.6395],[116.2669,34.5767],[116.1513,34.5667]]}},{"type":"Feature","properties":{"name":null,"adm0_name":"China","adm0_a3":"CHN","min_zoom":4.6},"geometry":{"type":"LineString","coordinates":[[116.1513,34.5667],[116.0437,34.6002],[115.8164,34.5714],[115.7068,34.6003],[115.6464,34.5687],[115.5417,34.5775],[115.4358,34.6757],[115.4293,34.7797],[115.3176,34.8428],[115.216,34.8357],[115.1745,34.9442],[114.9978,35.0078],[114.8342,35.0162],[114.8643,35.1887],[114.9417,35.2188],[115.0684,35.3801],[115.2265,35.4162],[115.345,35.4963],[115.3951,35.6158],[115.5042,35.7228],[115.655,35.7463],[115.7613,35.8492],[115.8738,35.8655],[115.8635,35.925],[115.9657,35.9859],[116.0337,35.9658],[116.0773,36.1031],[115.9269,36.022],[115.8287,36.031],[115.7387,35.9686],[115.5303,35.9112],[115.4682,35.9129],[115.4164,35.8238],[115.3176,35.7915],[115.3339,35.9311],[115.424,35.9946],[115.4603,36.1579]]}},{"type":"Feature","properties":{"name":null,"adm0_name":"India","adm0_a3":"IDN","min_zoom":4.6},"geometry":{"type":"LineString","coordinates":[[81.394,17.8067],[81.4442,17.8797],[81.5425,18.2625],[81.6438,18.2924],[81.7406,18.3579],[81.7924,18.4384],[81.9133,18.5449],[81.9037,18.6219],[81.969,18.6857],[82.1389,18.7473],[82.1691,18.8787],[82.2245,18.9219],[82.225,19.0152],[82.1454,19.2442],[82.1687,19.3866],[82.029,19.5179],[82.0291,19.7765],[81.8242,19.9133],[81.8678,20.0467],[81.9396,20.1047],[82.0461,20.0179],[82.0962,20.0506],[82.2284,19.9587],[82.2903,19.8361],[82.3814,19.8859],[82.6823,19.8227],[82.695,20.0005],[82.6112,19.9881],[82.4156,20.067],[82.4337,20.159],[82.4219,20.428],[82.3402,20.5563],[82.3667,20.6571],[82.342,20.8608],[82.4535,20.8469],[82.5621,20.9545],[82.6682,21.1555],[82.9646,21.1785],[83.0782,21.1146],[83.1983,21.1726],[83.2794,21.3588],[83.361,21.3368],[83.3812,21.3995],[83.3277,21.4992],[83.3519,21.5773],[83.444,21.7186],[83.4732,21.8072],[83.5571,21.8349],[83.5706,21.9231],[83.5153,21.9639],[83.5463,22.1016],[83.6054,22.196],[83.7331,22.2623],[83.8414,22.3486],[83.9458,22.3712],[83.9965,22.4405],[83.9702,22.5393]]}},{"type":"Feature","properties":{"name":null,"adm0_name":"India","adm0_a3":"IDN","min_zoom":4.6},"geometry":{"type":"LineString","coordinates":[[83.9702,22.5393],[84.067,22.4996],[84.1478,22.3868],[84.311,22.324],[84.4208,22.331],[84.5301,22.423],[84.7337,22.4273],[84.8009,22.4502],[84.9083,22.422],[85.0655,22.5032],[85.1004,22.394],[85.0878,22.2802],[84.9852,22.1128],[85.1092,22.1085],[85.232,22.0353],[85.3241,22.1267],[85.4252,22.1645],[85.5507,22.1076],[85.6791,22.0759],[85.7922,22.1291],[85.7847,22.0119],[85.8343,21.9861],[85.9162,22.0221],[85.9741,22.1046],[85.9646,22.2449],[85.9865,22.3936],[85.9388,22.5005],[86.0398,22.5567],[86.1025,22.5001],[86.268,22.4224],[86.366,22.3301],[86.4866,22.3369],[86.6865,22.218]]}},{"type":"Feature","properties":{"name":null,"adm0_name":"China","adm0_a3":"CHN","min_zoom":4.6},"geometry":{"type":"LineString","coordinates":[[116.3772,34.6395],[116.4202,34.8343],[116.47,34.8983],[116.6319,34.9379],[116.8276,34.9583],[116.9414,34.8796],[116.9933,34.774],[117.0606,34.7095],[117.1818,34.4501],[117.2355,34.4613],[117.2739,34.5637],[117.337,34.5886],[117.469,34.4753],[117.5907,34.4716],[117.6532,34.5261],[117.7733,34.5265],[117.7901,34.6512],[117.9147,34.677],[118.0504,34.6515],[118.1654,34.3992],[118.391,34.4437],[118.4227,34.5785],[118.4772,34.6892],[118.5964,34.7075],[118.6807,34.6839],[118.7594,34.7486],[118.7767,34.8336],[118.8423,34.9346],[118.8668,35.0363],[119.0763,35.0498],[119.1756,35.1059],[119.2962,35.0705]]}},{"type":"Feature","properties":{"name":null,"adm0_name":"India","adm0_a3":"IDN","min_zoom":4.6},"geometry":{"type":"LineString","coordinates":[[81.759,17.9089],[81.5784,17.797],[81.394,17.8067]]}},{"type":"Feature","properties":{"name":null,"adm0_name":"South Africa","adm0_a3":"ZAF","min_zoom":4.6},"geometry":{"type":"LineString","coordinates":[[25.0135,-28.0682],[25.0534,-28.0582],[25.1291,-27.9291],[25.225,-27.8776],[25.2406,-27.8229],[25.4214,-27.7104],[25.581,-27.6548],[25.6404,-27.6732],[25.7987,-27.5807],[25.8744,-27.6209],[25.9998,-27.6392],[26.2286,-27.4892],[26.2496,-27.426],[26.4501,-27.3529],[26.4859,-27.2538],[26.4111,-27.1768],[26.4897,-27.1386],[26.6449,-26.9993],[26.9142,-26.8899],[27.0439,-26.9288],[27.178,-26.9244],[27.3075,-26.8624],[27.4076,-26.8944],[27.4803,-26.874],[27.5194,-26.7807],[27.5825,-26.7376]]}},{"type":"Feature","properties":{"name":null,"adm0_name":"South Africa","adm0_a3":"ZAF","min_zoom":4.6},"geometry":{"type":"LineString","coordinates":[[27.5825,-26.7376],[27.6435,-26.7641],[27.8823,-26.7243],[27.9697,-26.6713],[28.044,-26.818],[28.2558,-26.8936]]}},{"type":"Feature","properties":{"name":null,"adm0_name":"South Africa","adm0_a3":"ZAF","min_zoom":4.6},"geometry":{"type":"LineString","coordinates":[[30.196,-31.0779],[30.1258,-30.9344],[30.0636,-30.859],[29.9742,-30.8318],[29.7939,-30.7088],[29.6024,-30.6883],[29.4761,-30.6202],[29.3202,-30.6553],[29.2203,-30.6179],[29.163,-30.5548],[29.2003,-30.4364],[29.2964,-30.3742],[29.2977,-30.3178],[29.175,-30.2856],[29.1016,-30.1738],[29.1156,-30.0781],[29.0158,-29.9786]]}},{"type":"Feature","properties":{"name":null,"adm0_name":"South Africa","adm0_a3":"ZAF","min_zoom":4.6},"geometry":{"type":"LineString","coordinates":[[27.3777,-30.3123],[27.2978,-30.4882],[27.1319,-30.5017],[27.0104,-30.5329],[26.9218,-30.6553],[26.7808,-30.6428],[26.7027,-30.6751],[26.5346,-30.6511],[26.4416,-30.5596],[26.3114,-30.5815],[26.2047,-30.5255],[26.0599,-30.5138],[25.7254,-30.6806],[25.6345,-30.6565],[25.6112,-30.6063],[25.4675,-30.6131]]}},{"type":"Feature","properties":{"name":null,"adm0_name":"South Africa","adm0_a3":"ZAF","min_zoom":4.6},"geometry":{"type":"LineString","coordinates":[[28.859,-28.773],[28.973,-28.5748],[29.1889,-28.5355],[29.2348,-28.4396],[29.4073,-28.3569],[29.4884,-28.2682],[29.5889,-28.2502],[29.6753,-28.121],[29.6241,-28.0481],[29.7219,-27.811],[29.6826,-27.668],[29.7664,-27.6053],[29.7162,-27.5177],[29.7712,-27.4523]]}},{"type":"Feature","properties":{"name":null,"adm0_name":"South Africa","adm0_a3":"ZAF","min_zoom":4.6},"geometry":{"type":"LineString","coordinates":[[29.7712,-27.4523],[29.9292,-27.3644],[30.1334,-27.3792],[30.281,-27.302],[30.4225,-27.2752],[30.4438,-27.3088],[30.5749,-27.3108],[30.6619,-27.2767],[30.8333,-27.3342],[30.9016,-27.3112],[30.9801,-27.3547],[31.1511,-27.324],[31.2703,-27.2362]]}},{"type":"Feature","properties":{"name":null,"adm0_name":"India","adm0_a3":"IDN","min_zoom":4.6},"geometry":{"type":"LineString","coordinates":[[93.3121,24.0325],[93.2486,24.057],[93.1057,24.0449],[92.9955,24.0953],[93.0184,24.3991]]}},{"type":"Feature","properties":{"name":null,"adm0_name":"India","adm0_a3":"IDN","min_zoom":4.6},"geometry":{"type":"LineString","coordinates":[[92.2463,23.6826],[92.2707,23.8291],[92.3186,23.8505],[92.3254,24.1883],[92.2985,24.2377]]}},{"type":"Feature","properties":{"name":null,"adm0_name":"China","adm0_a3":"CHN","min_zoom":4.6},"geometry":{"type":"LineString","coordinates":[[119.8502,39.9863],[119.738,40.0995],[119.7426,40.2052],[119.6347,40.2091],[119.5801,40.3734],[119.5999,40.4769],[119.5637,40.5401],[119.2936,40.5307],[119.1898,40.6201],[119.191,40.7004],[119.0679,40.6513],[118.8547,40.8206],[118.9648,41.0747],[119.0478,41.0944],[119.1635,41.1764],[119.231,41.2734]]}},{"type":"Feature","properties":{"name":null,"adm0_name":"India","adm0_a3":"IDN","min_zoom":4.6},"geometry":{"type":"LineString","coordinates":[[94.6548,25.4448],[94.5528,25.4903],[94.5647,25.6842],[94.3253,25.512],[94.2094,25.4955],[94.0267,25.5538],[93.8032,25.5436],[93.8086,25.4461],[93.6791,25.3283],[93.6055,25.2058],[93.4492,25.3021]]}},{"type":"Feature","properties":{"name":null,"adm0_name":"China","adm0_a3":"CHN","min_zoom":4.6},"geometry":{"type":"LineString","coordinates":[[125.7041,40.8592],[125.5764,40.9126],[125.6917,41.0041],[125.7664,41.1395],[125.7377,41.2452],[125.6508,41.2863],[125.4699,41.5746],[125.4495,41.6799],[125.3063,41.6804],[125.3282,41.7474],[125.2863,41.8259],[125.2954,41.9572],[125.4582,42.1054],[125.4805,42.1514],[125.284,42.2345],[125.2695,42.309],[125.1794,42.3333],[125.2087,42.4058],[125.102,42.4939],[125.0958,42.5767],[125.0189,42.6469],[124.9421,42.8037],[124.8603,42.8877],[124.8884,43.0867],[124.7657,43.1056],[124.6732,42.999],[124.5196,42.8717],[124.3759,42.9856],[124.4189,43.0819],[124.2958,43.1566],[124.2819,43.226],[124.0064,43.3101],[123.8065,43.4542],[123.7487,43.4723],[123.6963,43.3535]]}},{"type":"Feature","properties":{"name":null,"adm0_name":"Russia","adm0_a3":"RUS","min_zoom":4.7},"geometry":{"type":"LineString","coordinates":[[144.7451,62.0469],[144.9676,62.0568],[145.1558,61.9676],[145.2717,61.9915],[145.5136,61.9641],[145.7432,62.0582],[145.8913,62.0254],[146.2189,61.9029],[146.3607,61.8202],[146.5049,61.6616],[146.5834,61.6355],[146.6129,61.4426],[146.7676,61.4033],[146.6833,61.3126],[146.7473,61.2229],[146.7473,61.1149],[146.678,61.0812],[146.7012,60.9589],[146.546,60.958],[146.4644,60.7087],[146.3201,60.6587],[146.0689,60.7388],[145.6202,60.5573],[145.51,60.4637],[145.6299,60.3916],[145.5708,60.3351],[145.793,60.1982],[146.1002,60.2241],[146.3742,60.2712],[146.4521,60.1424],[146.6801,60.0955],[146.6571,59.9822],[146.7868,59.901],[146.9893,59.9478],[147.1409,59.8486],[147.1586,59.6475],[147.0753,59.4109],[146.8866,59.3647]]}},{"type":"Feature","properties":{"name":null,"adm0_name":"Russia","adm0_a3":"RUS","min_zoom":4.7},"geometry":{"type":"LineString","coordinates":[[139.012,47.3959],[138.8562,47.4663],[138.7547,47.4383],[138.6287,47.4514],[138.5948,47.5478],[138.6182,47.6286],[138.5166,47.6685],[138.6099,47.7259],[138.7071,47.7352],[138.8256,47.8609],[138.5814,48.0307],[138.7224,48.1361],[138.7099,48.1833],[138.5585,48.1808],[138.4798,48.3026],[138.4888,48.4017],[138.3056,48.4446],[138.179,48.3792],[138.1453,48.3158],[137.9949,48.2971],[137.8433,48.2091],[137.5787,48.2285],[137.4489,48.2016],[137.3146,48.0842],[137.4169,47.978],[137.5966,47.9104],[137.6005,47.7842],[137.7869,47.6965],[137.8964,47.7243],[138.0483,47.6683],[138.0868,47.5166],[138.0058,47.4546],[137.7547,47.3293],[137.5977,47.3003],[137.4524,47.1984],[137.3282,47.2139],[137.0937,47.2966],[137.0127,47.2361],[136.9343,47.0571],[136.9742,47.0117],[136.8353,46.9438],[136.7279,46.8415],[136.5772,46.7775],[136.4511,46.8102],[136.384,46.7692],[136.2637,46.765],[136.062,46.8499],[135.9415,46.7898],[135.8501,46.8109],[135.7459,46.9486],[135.526,46.9535],[135.4196,46.9109],[135.363,46.9496],[135.433,47.0192],[135.2051,47.153],[135.0782,47.1926],[135.0151,47.1281],[134.8511,47.1541],[134.6534,47.0918],[134.5487,46.9673],[134.4429,46.9425],[134.4117,46.8664],[134.4646,46.786],[134.412,46.6775],[134.1993,46.6444],[133.9724,46.6368]]}},{"type":"Feature","properties":{"name":null,"adm0_name":"Russia","adm0_a3":"RUS","min_zoom":4.7},"geometry":{"type":"LineString","coordinates":[[131.3957,49.2436],[131.4627,49.2058],[131.6119,49.2881],[131.7671,49.3099],[131.9655,49.3053],[132.0681,49.4659],[132.1198,49.4855],[132.3977,49.393],[132.3823,49.2953],[132.6386,49.2898],[132.7318,49.3152],[132.8154,49.2347],[133.0325,49.2189],[133.2012,49.1408],[133.3087,48.826],[133.7701,48.7592],[133.8239,48.6833],[133.9347,48.6398],[134.105,48.6327],[134.269,48.7157],[134.3918,48.743],[134.4825,48.6594],[134.7456,48.5691],[134.8619,48.6251],[134.9866,48.5948],[134.9774,48.5068],[134.8839,48.4243],[134.7692,48.3737],[134.598,48.4164],[134.3232,48.371]]}},{"type":"Feature","properties":{"name":null,"adm0_name":"Russia","adm0_a3":"RUS","min_zoom":4.7},"geometry":{"type":"LineString","coordinates":[[130.923,55.6786],[130.9317,55.7489],[130.8617,55.8889],[130.9242,55.9418],[130.9636,56.1286],[131.0926,56.2059],[131.0877,56.3452],[131.1844,56.4679],[131.3938,56.4791],[131.5025,56.5499],[131.6698,56.5496],[131.6758,56.6484],[131.7972,56.7174],[131.7511,56.8429],[131.4448,57.0358],[131.4743,57.0792],[131.1793,57.1373],[131.1833,57.2355],[131.5086,57.2511],[131.5986,57.2958],[131.5652,57.3646],[131.6173,57.4526],[131.7294,57.5003],[131.6931,57.5605],[131.9747,57.5858],[132.0348,57.6909],[131.888,57.8086],[131.7568,57.8531],[131.806,57.9055],[131.6104,57.9954],[131.4769,58.1675],[131.7048,58.1739],[132.0393,58.0196],[132.0172,58.1904],[132.196,58.2484],[132.2068,58.35],[132.1286,58.4894],[132.3719,58.5239],[132.5642,58.6399],[132.5993,58.891],[132.8079,58.8802],[132.8707,58.9869],[132.8617,59.0645],[133.1258,59.2044],[133.3842,59.2402],[133.5433,59.2939],[133.6252,59.2321],[133.7666,59.2227],[134.0465,59.256],[134.2186,59.2087],[134.5547,59.181],[134.7249,59.2113],[134.7517,59.1526],[135.2091,59.1223],[135.2602,59.2201],[135.4217,59.3869],[135.6189,59.4955],[135.791,59.5343],[136.0534,59.438],[136.7587,59.3546],[136.8359,59.398],[137.1825,59.4456],[137.349,59.5486],[137.4555,59.5511],[137.4583,59.6473],[137.6157,59.7398],[137.8334,59.7608],[138.0444,59.7406],[138.1737,59.6798],[138.253,59.7125],[138.1737,59.8367],[138.2626,59.9383],[138.2005,60.2313],[138.3152,60.3181],[138.3266,60.4063],[138.2428,60.4927],[138.4044,60.6114],[138.4289,60.7023],[138.2843,60.7816],[138.1856,60.895],[138.2053,60.9518],[138.3458,61.0001],[138.3833,61.0995],[138.703,61.1931],[138.6508,61.2819],[138.719,61.3371],[138.9407,61.3211],[139.1201,61.4494],[139.2473,61.433],[139.4346,61.4911],[139.5482,61.4817],[139.6672,61.6409],[139.9189,61.8019],[139.9883,61.972],[140.114,61.9705],[140.2564,62.0383],[140.2996,62.1194],[140.2944,62.2742],[140.4039,62.4217],[140.6352,62.4253],[140.7047,62.5727],[140.8811,62.4987],[141.0551,62.482],[141.0673,62.4174],[141.3021,62.4312],[141.5448,62.1786],[141.8376,62.0412],[142.008,62.0269],[142.1869,62.081],[142.2904,61.9633],[142.4375,61.8697],[142.6532,61.9616],[142.8256,61.9493],[142.9278,61.9008],[143.0845,62.0184],[143.1265,62.1011],[143.3623,62.0241],[143.6199,62.0162],[143.5709,61.9479],[143.9541,61.9568],[143.927,61.7663],[144.002,61.7265],[144.245,61.7601],[144.5403,61.8559],[144.5855,61.9775],[144.7451,62.0469]]}},{"type":"Feature","properties":{"name":null,"adm0_name":"Russia","adm0_a3":"RUS","min_zoom":4.7},"geometry":{"type":"LineString","coordinates":[[75.1052,58.581],[74.6708,58.3544],[74.6136,58.2943],[74.4839,58.2691],[74.2063,58.1336],[73.0874,58.1463],[72.8612,58.0105],[72.4755,58.0284],[72.1491,58.0262],[71.9889,58.1227],[71.2692,58.0764],[71.2209,58.1658],[71.245,58.3409],[71.3016,58.3851],[71.1203,58.4534],[71.0835,58.5185],[70.8646,58.5346],[70.4361,57.9338],[70.4298,57.7848],[70.565,57.7053],[70.5799,57.5836],[70.6752,57.5113],[70.4362,57.4093],[70.4908,57.3038],[70.6338,57.2646],[70.7285,57.1936],[70.8001,57.3191],[71.0798,57.3444],[71.144,57.2523],[71.3712,57.0638],[71.6523,56.9226],[71.6733,56.8378],[71.5567,56.7322],[71.3997,56.7253],[71.357,56.6711],[71.1689,56.6757],[71.029,56.5265],[70.8554,56.4559],[70.9275,56.347],[70.7703,56.2959],[70.8499,56.2363],[70.8279,56.1596],[70.909,56.1118],[70.8467,55.9634],[70.5858,55.8379],[70.5493,55.6755],[70.7471,55.5903],[70.6755,55.505],[70.5436,55.4865],[70.471,55.418],[70.4686,55.2855]]}},{"type":"Feature","properties":{"name":null,"adm0_name":"Russia","adm0_a3":"RUS","min_zoom":4.7},"geometry":{"type":"LineString","coordinates":[[63.3286,54.1631],[63.25,54.2471],[63.1284,54.3059],[63.1302,54.4478],[63.2379,54.4779],[63.2955,54.5636],[63.1921,54.6864],[62.9033,54.6942],[62.7106,54.6258],[62.4243,54.7234],[62.3791,54.6721],[62.1472,54.6444],[62.0248,54.7165],[62.1234,54.8151],[61.9799,54.9338],[61.9891,55.0352],[62.2442,55.0794],[62.1649,55.2421],[62.0492,55.3106],[62.2343,55.3409],[62.3039,55.4033],[62.5793,55.5175],[62.5159,55.5636],[62.5168,55.7378],[62.3429,55.9051],[62.3052,55.9787],[62.1324,56.0654],[62.0718,56.1335]]}},{"type":"Feature","properties":{"name":null,"adm0_name":"Russia","adm0_a3":"RUS","min_zoom":4.7},"geometry":{"type":"LineString","coordinates":[[65.9345,58.6144],[66.252,58.6141],[66.3802,58.5891],[66.7407,58.6696],[66.7858,58.7204],[66.7737,58.9297],[66.9511,58.9732],[67.0709,58.9249],[67.2637,59.0204],[67.5645,59.0929],[67.7422,59.2119],[68.1954,59.2415],[68.3581,59.2829],[68.5434,59.5509],[68.844,59.6213],[69.2952,59.7829],[69.0777,59.8932],[69.1333,59.9446],[69.3061,59.9889],[69.5013,59.9892],[69.6156,59.9049],[70.1549,59.9],[70.2477,59.8398],[70.3985,59.8175],[70.7976,59.863],[71.0172,59.8226],[71.1934,59.9051],[71.2965,59.7991],[71.777,59.6477],[71.8822,59.5726],[71.9998,59.5658],[72.3552,59.3397],[72.4372,59.3034],[72.4536,59.2151],[72.6569,59.107],[72.8633,59.1574],[72.9756,59.099],[72.9669,59.0001],[73.0946,58.9462],[73.0321,58.8631],[73.4441,58.8176],[73.6206,58.8536],[73.7558,58.8094],[73.9995,58.7996],[74.1001,58.7394],[74.7431,58.7481],[74.8991,58.6964],[74.9809,58.7185],[75.1595,58.6502]]}},{"type":"Feature","properties":{"name":null,"adm0_name":"Russia","adm0_a3":"RUS","min_zoom":4.7},"geometry":{"type":"LineString","coordinates":[[75.1595,58.6502],[75.1052,58.581]]}},{"type":"Feature","properties":{"name":null,"adm0_name":"Russia","adm0_a3":"RUS","min_zoom":4.7},"geometry":{"type":"LineString","coordinates":[[68.7725,55.3305],[68.5906,55.4244],[68.4868,55.4012],[68.317,55.5552],[68.1739,55.596],[68.1895,55.7002],[67.9121,55.6648],[67.8246,55.7207],[67.5909,55.7108],[67.4467,55.735],[67.2987,55.8967],[66.9885,55.9888],[66.8016,55.967],[66.7605,56.0455],[66.4635,55.9505],[66.2981,56.0581],[66.1856,56.068],[66.0279,55.9903],[65.8609,56.0646],[65.7076,56.1954],[65.6671,56.2735],[65.1169,56.3254],[65.0879,56.4483],[64.9672,56.5008],[65.016,56.6494],[64.9954,56.7683]]}},{"type":"Feature","properties":{"name":null,"adm0_name":"Russia","adm0_a3":"RUS","min_zoom":4.7},"geometry":{"type":"LineString","coordinates":[[64.9954,56.7683],[65.1403,56.7701],[65.2273,56.8604],[65.1014,56.892],[64.9937,57.0415],[64.9918,57.2213],[64.9175,57.2963],[64.8417,57.4461],[64.9367,57.5486],[64.8393,57.6407],[65.4279,57.8339],[65.5396,57.7795],[65.7023,57.9013],[66.1966,58.0325],[66.0019,58.2975],[65.9345,58.6144]]}},{"type":"Feature","properties":{"name":null,"adm0_name":"China","adm0_a3":"CHN","min_zoom":4.6},"geometry":{"type":"LineString","coordinates":[[111.9966,24.7357],[111.9325,24.6983],[111.9333,24.6014],[112.0055,24.5531],[111.9909,24.4659],[112.0473,24.3815],[111.9759,24.2768],[111.8693,24.2318],[111.8991,23.9909],[111.8079,23.9092],[111.7933,23.8492],[111.6575,23.8417],[111.6137,23.7599],[111.6012,23.658],[111.471,23.6132],[111.4693,23.5579],[111.3912,23.4313],[111.3628,23.273],[111.37,23.1391],[111.411,23.0526],[111.3512,22.9082],[111.2772,22.8185],[111.1815,22.7485],[111.066,22.7406],[111.0238,22.6387],[110.7546,22.5802],[110.697,22.3687],[110.7746,22.2837],[110.6708,22.2676],[110.6424,22.1835],[110.4667,22.151],[110.4141,22.1983],[110.3336,22.1905],[110.3555,22.1008],[110.3559,21.889],[110.2161,21.8745],[110.1424,21.8974],[109.9672,21.8667],[109.9173,21.6872],[109.7598,21.5595]]}},{"type":"Feature","properties":{"name":null,"adm0_name":"Indonesia","adm0_a3":"IND","min_zoom":4.6},"geometry":{"type":"LineString","coordinates":[[134.8735,-4.2546],[135.2651,-3.76],[134.2583,-3.3995],[134.2546,-3.3077],[134.3321,-3.1899],[134.4507,-3.0779],[134.4454,-3.0239],[134.67,-2.8377]]}},{"type":"Feature","properties":{"name":null,"adm0_name":"China","adm0_a3":"CHN","min_zoom":4.6},"geometry":{"type":"LineString","coordinates":[[104.5399,24.7418],[104.7293,24.6314],[104.8519,24.7058],[104.8767,24.755],[105.0125,24.7975],[105.1001,24.9543],[105.2059,25.0039],[105.2894,24.9332],[105.3807,24.9571],[105.4444,24.9236],[105.5086,24.8175],[105.6753,24.7897],[105.7877,24.7157],[105.9165,24.7287],[106.0012,24.6485],[106.1762,24.7822],[106.1987,24.8768],[106.1557,24.9604],[106.3066,24.9815],[106.5871,25.1044],[106.6668,25.1735],[106.886,25.197],[106.9093,25.2484],[106.9955,25.2554],[107.0146,25.3534],[106.9746,25.4404],[107.0219,25.498],[107.2442,25.5586],[107.3979,25.3873],[107.4241,25.3031],[107.4989,25.2141],[107.6416,25.2675],[107.776,25.153],[107.8619,25.146],[107.9666,25.209],[108.0678,25.2131],[108.1292,25.2688],[108.1318,25.3864],[108.2934,25.5387],[108.4048,25.5149],[108.5679,25.4159],[108.6946,25.602],[108.7678,25.5989],[108.7741,25.5219],[108.9412,25.5488],[109.0244,25.595],[109.0442,25.7091],[108.9527,25.6914],[108.9533,25.7757],[109.0854,25.8054],[109.1486,25.7507],[109.3004,25.7431],[109.3991,25.9985],[109.4567,26.0389]]}},{"type":"Feature","properties":{"name":null,"adm0_name":"China","adm0_a3":"CHN","min_zoom":4.6},"geometry":{"type":"LineString","coordinates":[[109.4567,26.0389],[109.6032,26.0527],[109.6723,25.9853],[109.6766,25.8891],[109.772,25.9082],[109.7813,26.0238],[109.8384,26.045],[109.9117,26.1812],[110.062,26.1499],[110.0336,26.0365],[110.1382,26.0517],[110.247,25.9782],[110.3417,26.1127],[110.4846,26.1716],[110.5365,26.2249],[110.5771,26.3508],[110.6886,26.3323],[110.724,26.2743],[110.8789,26.2752],[110.9355,26.3825],[111.1233,26.306],[111.2519,26.2797],[111.2567,26.2101],[111.2021,25.9303],[111.2562,25.869],[111.4083,25.9079],[111.4113,25.8026],[111.3237,25.7298],[111.305,25.6392],[111.3158,25.5032],[111.2538,25.3991],[111.1642,25.3649],[111.1138,25.2386],[110.9932,25.1508],[110.9546,25.0253],[111.0063,24.9355],[111.079,24.9442],[111.1258,25.0445],[111.2744,25.1477],[111.4269,25.1062],[111.4619,25.0195],[111.4297,24.9434],[111.4736,24.7929],[111.4282,24.681],[111.5169,24.6427],[111.6158,24.707],[111.6671,24.7797],[111.797,24.7604],[111.926,24.7749],[111.9966,24.7357]]}},{"type":"Feature","properties":{"name":null,"adm0_name":"South Africa","adm0_a3":"ZAF","min_zoom":4.6},"geometry":{"type":"LineString","coordinates":[[28.2937,-25.3171],[28.2309,-25.2258],[28.1275,-25.2002],[28.1244,-25.1098],[28.222,-25.0776],[28.0982,-25.0094],[27.9658,-24.9851],[27.9062,-25.0033],[27.6676,-24.9708],[27.5872,-24.9968],[27.5457,-25.0928],[27.4879,-25.0557],[27.3665,-25.059],[27.2894,-25.0067],[27.1825,-24.9909],[27.0554,-24.8497],[27.023,-24.724],[26.9443,-24.7895],[26.768,-24.8662],[26.6264,-24.8274],[26.4554,-24.8123],[26.4104,-24.7415],[26.3972,-24.6136]]}},{"type":"Feature","properties":{"name":null,"adm0_name":"South Africa","adm0_a3":"ZAF","min_zoom":4.6},"geometry":{"type":"LineString","coordinates":[[28.2937,-25.3171],[28.2352,-25.3534],[28.1044,-25.3724],[28.0042,-25.3607],[27.9493,-25.4103],[28.0333,-25.4716],[27.9638,-25.5926],[27.9428,-25.8068],[27.8756,-25.853],[27.7276,-25.8784],[27.6407,-25.8037],[27.4593,-25.8853],[27.4452,-26.0071],[27.3946,-26.1229],[27.2905,-26.146],[27.3244,-26.2865],[27.1913,-26.3819],[27.2298,-26.5035],[27.2434,-26.64],[27.3348,-26.6157],[27.5686,-26.65],[27.5825,-26.7376]]}},{"type":"Feature","properties":{"name":null,"adm0_name":"South Africa","adm0_a3":"ZAF","min_zoom":4.6},"geometry":{"type":"LineString","coordinates":[[31.8565,-23.963],[31.78,-23.9653],[31.7123,-24.05],[31.4456,-24.0227],[31.4126,-24.0541],[31.2485,-24.1007],[31.203,-24.0353],[31.1109,-24.0973],[31.0511,-24.1902],[31.0592,-24.3213],[31.1949,-24.311],[31.1626,-24.3787],[31.2595,-24.5081],[31.2207,-24.5566],[30.9752,-24.5816],[30.7651,-24.4647],[30.7345,-24.5823],[30.6731,-24.6176],[30.7199,-24.7042],[30.6585,-24.8186],[30.4921,-24.9476],[30.421,-24.8509],[30.35,-24.8772],[30.1836,-24.8553],[30.1852,-25.0223],[30.1238,-25.1232],[30.0349,-25.072],[30.0075,-25.1495],[30.0042,-25.3322],[29.8863,-25.3439],[29.77,-25.395],[29.6714,-25.3702],[29.5277,-25.411],[29.3532,-25.4037],[29.2676,-25.3745],[29.211,-25.4081],[29.1658,-25.3045],[29.0995,-25.3176],[29.0381,-25.2694],[29.043,-25.1422],[28.9687,-25.072],[28.8976,-24.9564],[28.7316,-24.9428],[28.6116,-25.0018],[28.6294,-25.0515],[28.4588,-25.1173],[28.3545,-25.1886],[28.392,-25.2237],[28.6057,-25.1579]]}},{"type":"Feature","properties":{"name":null,"adm0_name":"South Africa","adm0_a3":"ZAF","min_zoom":4.6},"geometry":{"type":"LineString","coordinates":[[28.6057,-25.1579],[28.6631,-25.2475],[28.5271,-25.2697],[28.4332,-25.3221],[28.2937,-25.3171]]}},{"type":"Feature","properties":{"name":null,"adm0_name":"South Africa","adm0_a3":"ZAF","min_zoom":4.6},"geometry":{"type":"LineString","coordinates":[[28.2558,-26.8936],[28.3858,-26.9329],[28.4264,-26.9826],[28.6413,-27.0099],[28.6518,-26.9557],[28.8227,-27.0391],[28.9586,-26.995],[29.0574,-27.0303],[29.1256,-27.1539],[29.1777,-27.1381],[29.4423,-27.2532],[29.4846,-27.3422],[29.6153,-27.5018],[29.7712,-27.4523]]}},{"type":"Feature","properties":{"name":null,"adm0_name":"South Africa","adm0_a3":"ZAF","min_zoom":4.6},"geometry":{"type":"LineString","coordinates":[[23.6355,-33.9797],[23.6868,-33.872],[23.5442,-33.7963],[23.3665,-33.7807],[23.4373,-33.712],[23.6182,-33.644],[23.5634,-33.496],[23.4374,-33.4326],[23.2616,-33.3989],[23.0295,-33.39],[22.7495,-33.4016],[22.7452,-33.3279],[22.9157,-33.0956],[22.9162,-33.0141],[23.0007,-32.8892],[23.195,-32.808],[23.3269,-32.8077],[23.3704,-32.7682],[23.2782,-32.6675],[23.2371,-32.5053],[23.2425,-32.4245],[23.3254,-32.3546],[23.6016,-32.3247],[23.6737,-32.2393],[23.7571,-32.1959],[23.8854,-32.228],[24.0288,-32.1746],[24.0901,-32.1248],[24.1223,-32.0031],[24.1816,-31.9516],[24.1298,-31.8575],[24.147,-31.7899]]}},{"type":"Feature","properties":{"name":null,"adm0_name":"Russia","adm0_a3":"RUS","min_zoom":4.7},"geometry":{"type":"LineString","coordinates":[[42.4892,51.6077],[42.4904,51.6928],[42.6433,51.804],[42.6941,51.9661],[42.806,52.0122],[42.7513,52.0778],[42.7515,52.1738],[42.9965,52.3647],[43.0796,52.4027]]}},{"type":"Feature","properties":{"name":null,"adm0_name":"Russia","adm0_a3":"RUS","min_zoom":4.7},"geometry":{"type":"LineString","coordinates":[[43.0796,52.4027],[43.193,52.4623],[43.3527,52.3925],[43.5321,52.4263],[43.747,52.4334],[44.044,52.3495],[44.3467,52.3161],[44.4219,52.4158],[44.5391,52.4321],[44.5003,52.5212],[44.8725,52.434],[44.9096,52.3775],[45.0719,52.3769],[45.1399,52.4205],[45.2643,52.3923],[45.4315,52.4005],[45.528,52.4808],[45.6444,52.5186],[45.717,52.4708],[45.9806,52.4072],[45.9715,52.4856],[46.1468,52.5914],[46.2763,52.6186],[46.2888,52.6719],[46.5162,52.695],[46.713,52.6279],[46.8307,52.6163]]}},{"type":"Feature","properties":{"name":null,"adm0_name":"Russia","adm0_a3":"RUS","min_zoom":4.7},"geometry":{"type":"LineString","coordinates":[[53.4705,54.0457],[53.5983,53.8833],[53.6558,53.7524],[53.878,53.658],[54.1084,53.4166],[54.2472,53.3753],[54.3024,53.4105],[54.5196,53.3598],[54.559,53.2697],[54.6641,53.2355],[54.8016,53.2708],[54.9266,53.2195],[54.955,53.1105],[55.1618,52.8232],[55.2639,52.8625],[55.4067,52.8371],[55.4116,52.6576],[55.5449,52.5417],[55.5456,52.3849],[55.7776,52.3436],[55.8891,52.3991],[55.9192,52.4988],[56.0776,52.6036],[56.3652,52.5231],[56.4446,52.4196],[56.4514,52.3088],[56.1939,52.189],[56.2172,52.1323],[56.4954,52.1615],[56.6275,52.1178],[56.6848,52.0453],[56.6076,51.8295],[56.7482,51.7734],[56.7146,51.721],[56.7801,51.5922],[56.8897,51.6248],[56.8758,51.699],[56.9992,51.7284],[57.0355,51.6597],[57.2067,51.5751],[57.3744,51.6386],[57.4316,51.7258],[57.6209,51.759],[57.6526,51.8633],[57.784,51.8262],[57.8819,51.846],[57.9813,51.7862],[58.0917,51.7946],[58.2359,51.7384],[58.4937,51.7621],[58.5764,51.7931],[58.6389,52.0164],[58.6942,52.0488],[58.6061,52.1805],[58.6905,52.2653],[58.857,52.2632],[58.828,52.4327]]}},{"type":"Feature","properties":{"name":null,"adm0_name":"Russia","adm0_a3":"RUS","min_zoom":4.7},"geometry":{"type":"LineString","coordinates":[[47.4466,50.3685],[47.2774,50.3717],[47.184,50.5119],[47.0077,50.4802],[46.8777,50.5239],[46.8305,50.6325],[46.7076,50.6909],[46.5834,50.7007],[46.4832,50.6168],[46.4608,50.5469],[46.2946,50.5674],[46.2548,50.5289],[46.0653,50.5437],[46.0684,50.6523],[45.8895,50.7586],[45.8107,50.7736],[45.6782,50.7295],[45.6676,50.5936],[45.4951,50.6126],[45.2411,50.5863],[45.1913,50.6974],[45.2926,50.7811],[45.3081,50.8768],[45.215,50.9421],[45.2018,51.0396],[45.0425,51.1263],[44.6596,51.1726],[44.2103,51.1935],[44.1818,51.1166],[44.0045,51.0873],[43.8644,51.113],[43.6823,51.113],[43.6422,51.0661],[43.3298,51.0177],[43.1416,51.122],[42.8729,51.2313]]}},{"type":"Feature","properties":{"name":null,"adm0_name":"Russia","adm0_a3":"RUS","min_zoom":4.7},"geometry":{"type":"LineString","coordinates":[[50.7959,51.729],[51.4152,52.1027],[51.4526,52.2193],[51.4129,52.35],[51.5627,52.4473],[51.4714,52.5691],[51.5452,52.6814],[51.7323,52.6684],[51.7717,52.7832],[51.7151,52.8403],[51.8621,52.9261],[52.0609,52.9997],[52.069,53.1539],[52.1284,53.1739],[52.1431,53.2969],[52.1926,53.3752],[52.0792,53.5012],[52.2535,53.6543],[52.4125,53.9274],[52.3779,53.9659],[52.4764,54.0771],[52.3393,54.1742],[52.2715,54.3266],[52.5057,54.3225],[52.5385,54.3773]]}},{"type":"Feature","properties":{"name":null,"adm0_name":"Russia","adm0_a3":"RUS","min_zoom":4.7},"geometry":{"type":"LineString","coordinates":[[52.5385,54.3773],[52.7711,54.347],[53.0009,54.271],[52.9512,54.1958],[53.1414,54.0762],[53.2585,54.0714],[53.3845,53.9738],[53.4705,54.0457]]}},{"type":"Feature","properties":{"name":null,"adm0_name":"Russia","adm0_a3":"RUS","min_zoom":4.7},"geometry":{"type":"LineString","coordinates":[[59.0263,56.1694],[59.1346,56.206],[59.1221,56.3172],[59.1944,56.3518],[59.3492,56.3179],[59.7013,56.3061],[59.7887,56.2326],[59.9208,56.2647],[60.2396,56.2092],[60.3148,56.2382],[60.5848,56.2135],[60.7508,56.2373],[60.909,56.1881],[61.1503,56.217],[61.0842,56.3257],[61.1501,56.3758],[61.2673,56.3314],[61.3849,56.367],[61.5371,56.2974],[61.642,56.3194],[61.8161,56.2394],[61.8635,56.1807],[62.0718,56.1335]]}},{"type":"Feature","properties":{"name":null,"adm0_name":"Russia","adm0_a3":"RUS","min_zoom":4.7},"geometry":{"type":"LineString","coordinates":[[85.0794,54.4694],[85.16,54.4872],[85.4348,54.2115],[85.577,54.2318],[85.8108,54.1262],[85.9438,54.0399],[86.1175,54.0002],[86.2323,53.8865],[86.2917,53.8762],[86.4056,53.7509],[86.4548,53.614],[86.5688,53.538],[86.7234,53.4841],[86.9335,53.4531],[86.9835,53.4074],[86.7052,53.1963],[86.9433,53.0795],[87.077,53.0752],[87.0261,52.921],[86.9445,52.8624],[87.0736,52.7168],[87.1751,52.706],[87.1732,52.6116]]}},{"type":"Feature","properties":{"name":null,"adm0_name":"Russia","adm0_a3":"RUS","min_zoom":4.7},"geometry":{"type":"LineString","coordinates":[[60.0644,51.9751],[59.9137,52.1004],[59.9755,52.1818],[60.1396,52.2673],[60.1486,52.4205],[59.9456,52.4283],[59.7813,52.4918],[59.5086,52.4354],[59.3975,52.4952],[59.2486,52.4868],[59.175,52.2774],[58.828,52.4327]]}},{"type":"Feature","properties":{"name":null,"adm0_name":"Russia","adm0_a3":"RUS","min_zoom":4.7},"geometry":{"type":"LineString","coordinates":[[58.828,52.4327],[58.7766,52.5255],[58.8123,52.5867],[58.7237,52.6451],[58.7776,52.7037],[58.7488,52.8354],[58.9004,53.0659],[58.8914,53.1884],[58.829,53.1997],[58.8651,53.3199],[58.8685,53.5018],[58.8209,53.5956],[58.9068,53.6658],[58.8728,53.7585],[58.9062,53.8616],[59.0141,53.9582],[59.162,53.9929],[59.2626,54.1396],[59.344,54.1851],[59.5442,54.1961],[59.6939,54.1291],[59.8005,54.242],[59.6667,54.3397],[59.7463,54.4471],[59.6795,54.4981],[59.8597,54.603],[59.9746,54.8014],[59.9029,54.8667],[59.806,54.8464],[59.6138,54.8667],[59.4041,54.7026],[59.2278,54.6112],[59.0614,54.6319],[58.8247,54.5722],[58.6138,54.4703],[58.3637,54.5475],[58.2063,54.5151],[57.9714,54.3928],[57.7429,54.5006],[57.7417,54.5831],[57.5941,54.6287],[57.497,54.7006],[57.3861,54.7198],[57.1651,54.819],[57.243,54.9571],[57.1369,55.0921],[57.2339,55.1503],[57.2636,55.2619],[57.518,55.334],[57.6749,55.3001],[58.0302,55.2748],[58.144,55.209],[57.9649,55.1586],[58.0893,55.0201],[58.1475,55.1174],[58.2879,55.1707],[58.364,55.0844],[58.6195,54.9497],[58.8157,55.0249],[58.6736,55.1885],[58.7968,55.2028],[58.872,55.3233],[58.9805,55.3033],[59.1592,55.3316],[59.2013,55.4501],[59.5649,55.4996],[59.4466,55.632],[59.2548,55.6141],[59.2959,55.7805],[59.165,55.7899],[59.2285,55.9106],[59.1784,55.99],[59.269,56.0479],[59.1879,56.1273],[59.0263,56.1694]]}},{"type":"Feature","properties":{"name":null,"adm0_name":"Russia","adm0_a3":"RUS","min_zoom":4.7},"geometry":{"type":"LineString","coordinates":[[84.4104,56.0441],[84.5286,56.0419],[84.5665,55.9614],[84.5063,55.8682],[84.6056,55.8407],[84.5656,55.7088],[84.7093,55.6618],[84.771,55.5398],[84.731,55.3912],[84.8755,55.3885],[84.8226,55.2462],[84.9158,55.1653],[84.8826,54.9853],[85.0761,54.8683],[84.9545,54.7445],[85.0433,54.6623],[84.9483,54.6041],[85.0794,54.4694]]}},{"type":"Feature","properties":{"name":null,"adm0_name":"Russia","adm0_a3":"RUS","min_zoom":4.7},"geometry":{"type":"LineString","coordinates":[[85.0794,54.4694],[84.6933,54.3374],[84.5319,54.1697],[84.2656,54.2157],[84.0027,54.1445],[83.5551,54.1229],[83.4923,54.0856],[83.4989,53.9908],[83.385,53.9494],[83.2949,54.083],[83.1832,54.0622],[82.733,53.7869],[82.4855,53.4686],[82.2557,53.591],[82.2135,53.6625],[82.1038,53.6622],[81.9678,53.7187],[81.8457,53.7098],[81.7556,53.7779],[81.7324,53.8537],[81.8384,53.8953],[81.8546,53.9686],[81.5817,54.0167],[81.4736,54.0717],[81.2473,54.101],[81.1119,54.1517],[81.1037,54.2126],[80.994,54.2648],[80.9248,54.3961],[80.8017,54.3302],[80.6554,54.2043],[80.525,54.1698],[80.2971,54.0701],[80.1285,54.0751],[80.0435,54.0011],[79.8665,53.9325],[79.8624,53.8577],[79.7211,53.8405],[79.5715,53.7327],[79.4419,53.693],[79.3043,53.7163],[79.2452,53.68],[79.0278,53.6609],[78.8857,53.6821],[78.6026,53.6161],[78.6269,53.5294],[78.3766,53.4881],[78.2599,53.4955],[78.2045,53.6119],[77.9253,53.5648],[77.93,53.4398],[77.7847,53.3274]]}},{"type":"Feature","properties":{"name":null,"adm0_name":"Russia","adm0_a3":"RUS","min_zoom":4.7},"geometry":{"type":"LineString","coordinates":[[76.1087,57.2503],[76.1958,56.9694],[76.2488,56.9125],[76.2842,56.7262],[76.009,56.5484],[76.1083,56.3284],[76.3095,56.2236],[76.3052,56.1831],[76.0062,56.1785],[75.9393,56.1294],[75.7759,56.1441],[75.696,56.0682],[75.5662,56.0542],[75.3176,55.8958],[75.3424,55.764],[75.1344,55.6994],[75.2273,55.6524],[75.1784,55.5691],[75.311,55.5002],[75.191,55.4624],[75.0975,55.3818],[75.2677,55.2497],[75.2548,55.1369],[75.3943,55.0374],[75.3633,54.9081],[75.5304,54.8909],[75.6404,54.812],[75.691,54.7129],[75.7656,54.7059],[75.8304,54.6015],[75.697,54.5439],[75.6825,54.482],[75.6912,54.1131]]}},{"type":"Feature","properties":{"name":null,"adm0_name":"Russia","adm0_a3":"RUS","min_zoom":4.7},"geometry":{"type":"LineString","coordinates":[[76.1087,57.2503],[76.8022,57.21],[76.9185,57.1879],[78.4443,57.1613],[78.4476,57.1219],[79.5898,56.9286],[80.2486,56.4547],[80.3103,56.4386],[81.1223,56.5326],[81.2146,56.5076],[81.4256,56.3733],[81.5574,56.2583],[81.9444,56.3395],[82.146,56.3346],[82.3424,56.3556],[82.4265,56.3943],[82.8285,56.4405],[82.8565,56.5326],[82.9959,56.5079],[83.096,56.5493],[83.2517,56.4556],[83.1539,56.3819],[83.1375,56.2757],[83.2144,56.2121],[83.1276,56.1317],[83.3535,55.9691],[83.4066,55.8935],[83.2933,55.851],[83.2232,55.737],[83.3161,55.6922],[83.4029,55.7352],[83.5682,55.6927],[83.7827,55.8821],[83.9095,55.9132],[83.9511,56.0049],[84.1968,56.0548],[84.329,55.9875],[84.4104,56.0441]]}},{"type":"Feature","properties":{"name":null,"adm0_name":"Russia","adm0_a3":"RUS","min_zoom":4.7},"geometry":{"type":"LineString","coordinates":[[62.0718,56.1335],[62.0827,56.291],[62.2526,56.3627],[62.333,56.4692],[62.5422,56.5777],[62.5902,56.5236],[63.0011,56.598],[63.0978,56.5689],[63.3585,56.5634],[63.4477,56.6097],[63.7665,56.508],[64.1733,56.4684],[64.2375,56.5194],[64.2193,56.6008],[64.3566,56.6529],[64.337,56.7527],[64.484,56.7602],[64.5421,56.8084],[64.8258,56.8411],[64.9954,56.7683]]}},{"type":"Feature","properties":{"name":null,"adm0_name":"Russia","adm0_a3":"RUS","min_zoom":4.7},"geometry":{"type":"LineString","coordinates":[[75.1052,58.581],[75.3029,58.4869],[75.3043,58.4511],[75.0801,58.3535],[75.2219,58.2221],[75.0929,58.1101],[75.5428,57.9409],[75.5805,57.675],[75.7271,57.5989],[75.8586,57.3991],[75.9925,57.3849],[76.1087,57.2503]]}},{"type":"Feature","properties":{"name":null,"adm0_name":"China","adm0_a3":"CHN","min_zoom":4.6},"geometry":{"type":"LineString","coordinates":[[113.9275,25.4481],[114.0121,25.4351],[114.026,25.2677],[114.115,25.3084],[114.2788,25.2918],[114.3844,25.3353],[114.4292,25.386],[114.5693,25.4069],[114.5805,25.3601],[114.7069,25.2896],[114.6831,25.1635],[114.7293,25.1189],[114.5482,25.0545],[114.4135,24.9797],[114.3836,24.8847],[114.3016,24.7586],[114.1923,24.6953],[114.2894,24.5956],[114.4249,24.4996],[114.4981,24.5558],[114.6419,24.5853],[114.7116,24.5545],[114.7405,24.6252],[114.8627,24.5878],[114.9446,24.67],[115.047,24.7067],[115.1391,24.6842],[115.2397,24.7461],[115.4206,24.7846],[115.5411,24.6855],[115.5992,24.6091],[115.7058,24.5457],[115.7992,24.5727],[115.7491,24.7477],[115.7873,24.8609],[115.8875,24.9168]]}},{"type":"Feature","properties":{"name":null,"adm0_name":"China","adm0_a3":"CHN","min_zoom":4.6},"geometry":{"type":"LineString","coordinates":[[115.8875,24.9168],[116.0357,24.8936],[116.1147,24.8461],[116.3721,24.8413],[116.5296,24.6154],[116.6038,24.6558],[116.7453,24.6709],[116.7486,24.5515],[116.8824,24.394],[116.9677,24.1851],[116.9248,24.0776],[117.0365,23.7383],[117.1746,23.6163]]}},{"type":"Feature","properties":{"name":null,"adm0_name":"India","adm0_a3":"IDN","min_zoom":4.6},"geometry":{"type":"LineString","coordinates":[[78.2001,26.8236],[78.1012,26.7951],[78.0794,26.6829],[78.0128,26.6956],[77.9028,26.664],[77.8315,26.5758],[77.7151,26.506],[77.6168,26.483],[77.4313,26.3737],[77.3234,26.352],[77.2097,26.242],[77.1247,26.2379],[77.0825,26.1853],[76.908,26.0986],[76.727,25.9163],[76.6518,25.9227],[76.546,25.8483],[76.4784,25.7198],[76.5514,25.4601],[76.6523,25.3792],[76.7802,25.332],[76.9135,25.3093],[77.0806,25.3532],[77.2016,25.3556],[77.2555,25.4335],[77.3586,25.4071],[77.363,25.2621],[77.3989,25.2122],[77.3413,25.114],[77.1874,25.1275],[76.9994,25.0877],[76.861,25.0338],[76.8832,24.897],[76.7806,24.8371],[76.8481,24.7597],[76.9668,24.7375],[77.0374,24.6703],[77.0352,24.5384],[76.9429,24.5002],[76.8805,24.5619],[76.8062,24.5558],[76.8146,24.3601],[76.8916,24.2409],[76.8703,24.1817],[76.7666,24.1603],[76.5725,24.2732],[76.5427,24.2152],[76.4561,24.265],[76.2303,24.2779],[76.1327,24.3294],[76.1166,24.134],[75.999,24.0511],[75.9979,23.9839],[75.8994,23.9183],[75.7765,23.8831],[75.6998,23.7932],[75.5971,23.8179],[75.5782,23.8757],[75.4903,23.9399],[75.5389,24.0414],[75.6218,23.9952],[75.73,24.0007],[75.805,24.1191],[75.7478,24.19],[75.7948,24.2516],[75.7344,24.424],[75.7922,24.4942],[75.8749,24.5143],[75.8694,24.5994],[75.7588,24.7774],[75.649,24.7383],[75.448,24.7031],[75.2037,24.725],[75.172,24.7625],[75.3179,24.9552],[75.2351,25.0402],[75.1333,25.04],[75.0844,24.8889],[74.9814,24.863],[74.8759,24.9194],[74.8153,24.9165],[74.8378,24.7971],[74.9743,24.7857],[74.9654,24.694],[74.8697,24.6656],[74.8065,24.7358],[74.7119,24.5239],[74.8468,24.4355],[74.7664,24.3587],[74.7593,24.2567],[74.87,24.2361],[74.8931,24.1345],[74.9682,24.0328],[74.9083,23.8967],[74.9066,23.7913],[74.939,23.6874],[74.823,23.5001],[74.6482,23.4306],[74.5695,23.3679],[74.5364,23.2509],[74.6584,23.2265],[74.7159,23.1792],[74.6119,23.1127],[74.4761,23.0624],[74.3235,23.0361]]}},{"type":"Feature","properties":{"name":null,"adm0_name":"China","adm0_a3":"CHN","min_zoom":4.6},"geometry":{"type":"LineString","coordinates":[[111.9966,24.7357],[112.0664,24.7966],[112.1448,24.7936],[112.1648,24.912],[112.121,24.9493],[112.1827,25.1526],[112.214,25.2004],[112.4584,25.1643],[112.6633,25.1131],[112.7141,24.9995],[112.8078,24.9428],[112.9889,24.9639],[112.9588,25.0561],[112.9691,25.1806],[112.8891,25.2415],[112.9174,25.3249],[113.0898,25.4142],[113.2175,25.5056],[113.4216,25.3838],[113.5234,25.3856],[113.5825,25.3259],[113.7139,25.3609],[113.8281,25.3567],[113.9275,25.4481]]}},{"type":"Feature","properties":{"name":null,"adm0_name":"India","adm0_a3":"IDN","min_zoom":4.6},"geometry":{"type":"LineString","coordinates":[[74.5165,29.9472],[74.547,29.8608],[74.4665,29.7989],[74.5063,29.7368],[74.6027,29.7264],[74.5748,29.5897],[74.6021,29.4704],[74.5371,29.4414],[74.6128,29.3328],[74.7586,29.3643],[74.8214,29.4029],[74.9072,29.3785],[74.9696,29.2843],[75.1066,29.2382],[75.2497,29.2564],[75.3284,29.2962],[75.3915,29.2527],[75.3929,29.106],[75.4521,29.0239],[75.515,28.9965],[75.486,28.9268],[75.5936,28.6427],[75.6986,28.5206],[75.8871,28.4038],[76.0262,28.2622],[76.0325,28.1878],[75.9619,28.1395],[75.9928,28.0507],[75.9315,27.9181],[75.9999,27.8427],[76.215,27.8415],[76.1801,27.9096],[76.1633,28.0579],[76.2667,28.0775],[76.368,28.1564],[76.4535,28.1628],[76.5531,27.9712],[76.658,28.017],[76.6468,28.0855],[76.8566,28.229],[76.9406,28.123],[76.9209,28.0335],[76.9406,27.8521],[76.9009,27.7344],[76.973,27.6793],[77.0408,27.8073],[77.2807,27.8094]]}},{"type":"Feature","properties":{"name":null,"adm0_name":"India","adm0_a3":"IDN","min_zoom":4.6},"geometry":{"type":"LineString","coordinates":[[77.2807,27.8094],[77.3456,27.5419],[77.4598,27.3851],[77.6061,27.3236],[77.6573,27.2027],[77.5914,27.1307],[77.5134,27.1092],[77.6285,26.9732],[77.4608,26.9042],[77.5105,26.8333],[77.7046,26.9298],[77.9766,26.9044],[78.1069,26.9473],[78.2231,26.9371],[78.2001,26.8236]]}},{"type":"Feature","properties":{"name":null,"adm0_name":"India","adm0_a3":"IDN","min_zoom":4.6},"geometry":{"type":"LineString","coordinates":[[76.8146,30.7891],[76.7038,30.7814],[76.7756,30.6774],[76.8273,30.6807]]}},{"type":"Feature","properties":{"name":null,"adm0_name":"India","adm0_a3":"IDN","min_zoom":4.6},"geometry":{"type":"LineString","coordinates":[[74.5165,29.9472],[73.9159,29.9799],[73.8985,30.0349],[73.9697,30.1374],[73.9332,30.2218]]}},{"type":"Feature","properties":{"name":null,"adm0_name":"India","adm0_a3":"IDN","min_zoom":4.6},"geometry":{"type":"LineString","coordinates":[[75.8474,32.5167],[75.9117,32.4314],[75.6927,32.2723],[75.6229,32.2585],[75.6394,32.1468],[75.6016,32.0689],[75.7065,32.0498],[75.8797,31.9724],[75.9643,31.8488],[75.9233,31.8063],[76.0705,31.5642],[76.1585,31.3386],[76.2754,31.3104],[76.3736,31.4192],[76.4335,31.3178],[76.5611,31.2767],[76.6452,30.9993],[76.7682,30.9076]]}},{"type":"Feature","properties":{"name":null,"adm0_name":"India","adm0_a3":"IDN","min_zoom":4.6},"geometry":{"type":"MultiLineString","coordinates":[[[76.7682,30.9076],[76.8328,30.8423],[76.8146,30.7891]],[[76.8273,30.6807],[76.8866,30.6338],[76.9049,30.3841],[76.7529,30.4305],[76.7143,30.3371],[76.6056,30.2744],[76.6248,30.1428],[76.5314,30.084],[76.4296,30.1404],[76.2667,30.1137],[76.1781,29.9547],[76.2256,29.8691],[75.9569,29.7386],[75.8867,29.7492],[75.786,29.831],[75.7177,29.778],[75.6044,29.7647],[75.4458,29.8062],[75.3116,29.6562],[75.2953,29.5749],[75.2346,29.5618],[75.1721,29.6882],[75.2382,29.7488],[75.1879,29.8347],[75.1052,29.8214],[75.0728,29.8911],[74.9957,29.873],[74.9035,29.9548],[74.8234,29.985],[74.7107,29.9684],[74.6507,29.9141],[74.5165,29.9472]]]}},{"type":"Feature","properties":{"name":null,"adm0_name":"Russia","adm0_a3":"RUS","min_zoom":4.7},"geometry":{"type":"LineString","coordinates":[[45.3006,48.0977],[45.1369,48.1118],[44.9626,48.2087],[44.9332,48.1355],[44.766,48.0588],[44.6623,48.0893],[44.5467,48.0631],[44.5402,48.1969],[44.3059,48.2551],[44.3141,48.0941],[44.4477,48.0497],[44.4669,47.9902],[44.3891,47.8683],[44.0825,47.909],[44.0323,47.8161],[43.9515,47.7561],[43.8221,47.7497],[43.7052,47.6831],[43.6336,47.5704],[43.7315,47.4766]]}},{"type":"Feature","properties":{"name":null,"adm0_name":"South Africa","adm0_a3":"ZAF","min_zoom":4.6},"geometry":{"type":"LineString","coordinates":[[28.2558,-26.8936],[28.3038,-26.8294],[28.4081,-26.7589],[28.4016,-26.6594],[28.5064,-26.6129],[28.5293,-26.5655],[28.644,-26.5077],[28.7667,-26.5163],[28.7958,-26.4267],[28.8637,-26.4006],[28.8071,-26.308],[28.7183,-26.3384],[28.5325,-26.2211],[28.501,-26.08],[28.581,-26.0586],[28.6343,-25.973],[28.778,-26.0122],[28.8701,-26.0049],[28.8815,-25.8957],[28.9412,-25.8698],[28.976,-25.6737],[28.9202,-25.5518],[28.8039,-25.5416],[28.8588,-25.6319],[28.7635,-25.7062],[28.6698,-25.6639],[28.6278,-25.527],[28.6294,-25.3329],[28.7829,-25.2278],[28.7518,-25.1149],[28.6057,-25.1579]]}},{"type":"Feature","properties":{"name":null,"adm0_name":"Russia","adm0_a3":"RUS","min_zoom":4.7},"geometry":{"type":"LineString","coordinates":[[47.5284,45.5457],[47.47,45.6348],[47.354,45.6845],[47.2961,45.6463],[46.9222,45.5777],[46.9062,45.6368],[47.0402,45.9657],[47.17,46.0784],[47.089,46.1182],[46.8455,46.0755],[46.8563,46.2442],[46.5044,46.2738],[46.5311,46.3377],[46.6636,46.429],[46.9397,46.4316],[46.9301,46.5556],[47.022,46.6352],[47.1495,46.6683],[47.2135,46.7423],[47.1259,46.8507],[46.9879,46.8633],[46.912,46.9796],[46.8009,47.0036],[46.7258,47.0895],[46.5113,47.4064],[46.5265,47.4348],[46.7882,47.5566],[46.6845,47.628],[46.4494,47.4781],[46.2971,47.437],[46.1163,47.5024],[45.8433,47.7193],[45.707,47.9084],[45.741,48.0001],[45.6768,48.0323],[45.5469,47.9971],[45.4049,48.0917],[45.3006,48.0977]]}},{"type":"Feature","properties":{"name":null,"adm0_name":"Russia","adm0_a3":"RUS","min_zoom":4.7},"geometry":{"type":"LineString","coordinates":[[45.3006,48.0977],[45.1495,48.2383],[44.9874,48.2682],[45.0415,48.3946],[45.1717,48.439],[45.3749,48.4641],[45.3011,48.558],[45.6087,48.5928],[45.7595,48.6658],[45.9483,48.8359],[46.0575,48.8689],[46.298,48.84],[46.6435,48.6591]]}},{"type":"Feature","properties":{"name":null,"adm0_name":"Russia","adm0_a3":"RUS","min_zoom":4.7},"geometry":{"type":"LineString","coordinates":[[46.8307,52.6163],[46.9173,52.6367],[47.0619,52.5702],[47.4354,52.5698],[47.5308,52.6105],[47.7308,52.5867],[47.7775,52.6803],[47.9173,52.6748],[47.9978,52.7544],[48.2522,52.8101],[48.437,52.7804]]}},{"type":"Feature","properties":{"name":null,"adm0_name":"Russia","adm0_a3":"RUS","min_zoom":4.7},"geometry":{"type":"LineString","coordinates":[[48.437,52.7804],[48.3512,52.6694],[48.5239,52.6818],[48.6997,52.6392],[48.7301,52.568],[48.9361,52.4752],[49.1592,52.4858],[49.3437,52.4687],[49.4777,52.3314],[49.6278,52.3664],[49.8123,52.1931],[49.9769,52.1836],[50.2215,52.1299],[50.2359,52.0351],[50.5174,51.9914],[50.7315,51.914],[50.7162,51.8407],[50.7939,51.7292]]}},{"type":"Feature","properties":{"name":null,"adm0_name":"India","adm0_a3":"IDN","min_zoom":4.6},"geometry":{"type":"LineString","coordinates":[[93.4492,25.3021],[93.3943,25.235],[93.1892,24.8108],[93.124,24.8098],[93.0871,24.707],[93.0457,24.4445],[93.0184,24.3991]]}},{"type":"Feature","properties":{"name":null,"adm0_name":"India","adm0_a3":"IDN","min_zoom":4.6},"geometry":{"type":"LineString","coordinates":[[93.0184,24.3991],[92.8287,24.3773],[92.7463,24.4711],[92.7012,24.3619],[92.6309,24.2951],[92.6245,24.2385],[92.4895,24.1325],[92.4162,24.2395],[92.2985,24.2377]]}},{"type":"Feature","properties":{"name":null,"adm0_name":"Russia","adm0_a3":"RUS","min_zoom":4.7},"geometry":{"type":"LineString","coordinates":[[29.6971,59.95],[29.6796,59.8689],[29.85,59.8276],[30.1134,59.6631],[30.2594,59.6099],[30.5025,59.6307],[30.5556,59.6859],[30.7477,59.7257],[30.7562,59.7775],[30.5117,59.8624],[30.5273,59.9703],[30.3737,60.0362],[30.3904,60.1227],[30.1791,60.148],[29.633,60.266],[29.4179,60.1689]]}},{"type":"Feature","properties":{"name":null,"adm0_name":"India","adm0_a3":"IDN","min_zoom":4.6},"geometry":{"type":"LineString","coordinates":[[95.1764,27.0332],[95.0312,26.9335],[94.9171,26.9512],[94.7989,26.8144],[94.6905,26.741],[94.4866,26.6767],[94.3582,26.4984],[94.2072,26.4837],[94.1774,26.3724],[94.0077,26.1844],[93.9734,26.0404],[93.9892,25.9462],[93.9042,25.8568],[93.7521,25.9591],[93.7089,25.8701],[93.5808,25.7631],[93.5243,25.6893],[93.3359,25.538],[93.4585,25.3807],[93.4492,25.3021]]}},{"type":"Feature","properties":{"name":null,"adm0_name":"Russia","adm0_a3":"RUS","min_zoom":4.7},"geometry":{"type":"LineString","coordinates":[[35.6039,61.1883],[35.686,61.1209],[35.4893,60.9595],[35.4399,60.8616],[35.2809,60.85],[35.1541,60.7873],[35.2586,60.5853],[35.2311,60.3412],[35.1474,60.2688],[35.1571,60.067],[35.2379,59.9855],[35.4037,59.9743],[35.3825,59.8754],[35.4236,59.7011],[35.4971,59.6474],[35.4958,59.5535],[35.3237,59.5067],[35.4485,59.4277],[35.3012,59.301],[35.1347,59.2544],[34.9005,59.2379],[34.7299,59.1032]]}},{"type":"Feature","properties":{"name":null,"adm0_name":"Russia","adm0_a3":"RUS","min_zoom":4.7},"geometry":{"type":"LineString","coordinates":[[34.7299,59.1032],[34.5677,59.1081],[34.2475,59.1976],[34.0998,59.1447],[33.855,59.1984],[33.7161,59.3021],[33.5203,59.373],[33.3682,59.3797],[33.2457,59.3263],[32.9548,59.4218],[32.7323,59.2675],[32.7063,59.1419],[32.584,59.1805],[32.2915,59.2072],[32.1241,59.3943],[31.8821,59.3755],[31.8267,59.3145],[31.5631,59.3684],[31.4525,59.092],[31.2579,58.9808],[31.1598,59.0725],[30.9814,59.0596],[30.962,58.9752],[30.728,58.8286],[30.6874,58.7458],[30.4125,58.7109],[30.2798,58.7543],[30.1006,58.7296],[30.0882,58.6405],[30.1672,58.5331],[29.975,58.4447]]}},{"type":"Feature","properties":{"name":null,"adm0_name":"Russia","adm0_a3":"RUS","min_zoom":4.7},"geometry":{"type":"LineString","coordinates":[[37.7729,61.5221],[37.2783,61.5005],[36.9964,61.5944],[36.8734,61.5449],[36.5776,61.5295],[36.4668,61.4066],[35.6039,61.1883]]}},{"type":"Feature","properties":{"name":null,"adm0_name":"Russia","adm0_a3":"RUS","min_zoom":4.7},"geometry":{"type":"LineString","coordinates":[[35.6039,61.1883],[35.3922,61.1617],[35.258,61.2542],[34.8222,61.2783],[34.7405,61.32],[34.5439,61.2701],[34.4573,61.1678],[34.2161,61.2419],[33.5349,61.2208],[33.4515,61.1337],[33.585,61.0713],[33.6963,61.1217],[33.8671,61.0705],[33.7523,60.9437],[33.4064,60.9893],[33.4226,60.936],[33.2534,60.8988],[33.078,60.7379],[32.91,60.7244],[32.7034,60.6457],[29.8695,61.1763],[29.5764,61.1707],[29.4913,61.2392],[29.2771,61.3046]]}},{"type":"Feature","properties":{"name":null,"adm0_name":"Russia","adm0_a3":"RUS","min_zoom":4.7},"geometry":{"type":"MultiLineString","coordinates":[[[33.0502,66.5763],[32.5936,66.5823],[32.531,66.489],[32.3627,66.4667],[32.3287,66.3592],[31.9015,66.3564],[31.7847,66.5029],[31.6524,66.5371],[31.5553,66.6552],[31.0733,66.6841],[29.3618,66.6265]],[[33.1844,66.5737],[33.0459,66.5762]]]}},{"type":"Feature","properties":{"name":null,"adm0_name":"Russia","adm0_a3":"RUS","min_zoom":4.7},"geometry":{"type":"LineString","coordinates":[[36.5234,63.9714],[36.5547,63.764],[36.375,63.645],[35.9446,63.6197],[35.8823,63.5734],[36.058,63.4601],[36.2198,63.4165],[36.262,63.2355],[36.3202,63.1613],[36.2589,63.0318],[36.5005,62.826],[36.7595,62.7177],[37.0808,62.6561],[37.3523,62.6838],[37.5049,62.6453],[37.5875,62.4727],[37.5726,62.3606],[37.4299,62.2372],[37.7188,62.2034],[37.8077,61.9976],[37.9266,61.9683],[37.8573,61.6977],[37.762,61.6482],[37.7729,61.5221]]}},{"type":"Feature","properties":{"name":null,"adm0_name":"China","adm0_a3":"CHN","min_zoom":4.6},"geometry":{"type":"LineString","coordinates":[[105.297,27.7217],[105.1974,27.3986],[105.0826,27.4125],[104.8709,27.3098],[104.7834,27.3322],[104.5942,27.3138],[104.4437,27.3472],[104.3444,27.4412],[104.1743,27.2715],[103.9811,27.3995],[103.9113,27.3904],[103.8593,27.3154],[103.6954,27.1517],[103.5964,27.0761],[103.7009,27.0524],[103.7783,26.9559],[103.7783,26.88],[103.7173,26.799],[103.7751,26.7317],[103.7578,26.6294],[103.8292,26.5471],[104.0204,26.5142],[104.1534,26.6512],[104.2181,26.6266],[104.3585,26.6478],[104.4299,26.7125],[104.4662,26.6135],[104.5594,26.5847],[104.6265,26.4977],[104.6755,26.3793],[104.5452,26.2704],[104.505,26.1474],[104.499,26.0308],[104.3929,25.9479],[104.4206,25.8569],[104.3062,25.6648],[104.4224,25.5793],[104.4327,25.5068],[104.5535,25.4845],[104.5658,25.3812],[104.6689,25.2968],[104.7197,25.2109],[104.689,25.1013],[104.707,25.0173],[104.5456,24.8134],[104.5399,24.7418]]}},{"type":"Feature","properties":{"name":null,"adm0_name":"China","adm0_a3":"CHN","min_zoom":4.6},"geometry":{"type":"LineString","coordinates":[[104.5399,24.7418],[104.4946,24.6982],[104.5019,24.5782],[104.5992,24.4025],[104.667,24.3398],[104.7287,24.3642],[104.7527,24.4683],[104.9611,24.4164],[105.0608,24.4307],[105.1762,24.3099],[105.1699,24.1674],[105.253,24.0855],[105.3203,24.1181],[105.4472,24.0376],[105.5321,24.1263],[105.6083,24.1403],[105.6409,24.0825],[105.788,24.0207],[105.8722,24.0247],[105.9708,24.0877],[106.1574,23.9737],[106.1938,23.8694],[106.1341,23.7967],[106.1522,23.7504],[106.1281,23.5407],[105.983,23.469],[105.848,23.5194],[105.7017,23.3593],[105.6289,23.3473],[105.6188,23.2847],[105.5121,23.1523]]}},{"type":"Feature","properties":{"name":null,"adm0_name":"Russia","adm0_a3":"RUS","min_zoom":4.7},"geometry":{"type":"LineString","coordinates":[[45.706,44.9758],[45.8537,45.0005],[46.4337,44.9366],[46.6035,44.8853],[46.8881,44.7519]]}},{"type":"Feature","properties":{"name":null,"adm0_name":"China","adm0_a3":"CHN","min_zoom":4.6},"geometry":{"type":"LineString","coordinates":[[99.1088,29.2238],[99.1211,28.9647],[99.0993,28.856],[99.1177,28.7087],[99.1695,28.6025],[99.1626,28.4382],[99.2747,28.2773],[99.3815,28.1845],[99.4164,28.2548],[99.3886,28.3343],[99.3931,28.5428],[99.5029,28.5794],[99.5344,28.6808],[99.6287,28.8146],[99.7047,28.8446],[99.7323,28.745],[99.8284,28.6726],[99.8456,28.6038],[99.9339,28.5694],[100.001,28.4562],[100.1431,28.3416],[100.162,28.2363],[100.0469,28.1871],[100.0588,28.0661],[100.2021,27.8988],[100.2959,27.8526],[100.3492,27.7467],[100.4095,27.829],[100.5326,27.8163],[100.6254,27.8973],[100.6609,27.8751],[100.8721,27.562],[100.8669,27.4947],[100.9408,27.4347],[100.9917,27.3308],[101.0038,27.1975],[101.1728,27.1911],[101.1415,27.0449],[101.3424,26.871],[101.3707,26.7746],[101.5029,26.7664],[101.4947,26.7056],[101.4124,26.5697],[101.5442,26.495],[101.6436,26.3495],[101.58,26.3069],[101.5949,26.2087],[101.6766,26.2277],[101.7637,26.1763],[101.7757,26.1065],[101.8495,26.0348],[101.9216,26.0989],[102.1126,26.0844],[102.2521,26.2289],[102.3583,26.2626],[102.4006,26.3118],[102.5681,26.3786],[102.6265,26.3451],[102.6099,26.2602],[102.7203,26.2376],[102.8782,26.3651],[102.9514,26.3451],[103.0033,26.4004],[102.9958,26.4854],[103.0579,26.5572],[102.9753,26.8311],[102.9013,26.9247],[102.8782,27.032],[102.9139,27.1123],[102.8895,27.2915],[102.9774,27.3889],[103.1208,27.4123],[103.2181,27.5669],[103.4148,27.7429],[103.5085,27.8645],[103.5142,27.9714],[103.4346,28.0682],[103.459,28.1348],[103.5718,28.2432],[103.6663,28.2633],[103.7089,28.2159],[103.8803,28.3257],[103.7952,28.5312],[103.8367,28.6049],[104.0568,28.6305],[104.4142,28.6401],[104.44,28.6054],[104.2501,28.5308],[104.2685,28.3338],[104.3765,28.2823],[104.4446,28.0999],[104.3338,28.0467],[104.3754,27.9617],[104.4825,27.891],[104.6048,27.8458],[104.7024,27.883],[104.8974,27.9011],[104.9583,27.9565],[104.9662,28.0478],[105.0557,28.0881],[105.1719,28.0617],[105.2033,28.0015],[105.2824,28.0007],[105.2281,27.8558],[105.297,27.7217]]}},{"type":"Feature","properties":{"name":null,"adm0_name":"Russia","adm0_a3":"RUS","min_zoom":4.7},"geometry":{"type":"LineString","coordinates":[[45.5094,44.0152],[45.7104,43.9551],[45.8029,43.9781],[46.0447,43.9336],[46.0164,43.8764],[46.2203,43.863],[46.2569,43.9483],[46.3493,43.9977],[46.4623,43.962],[46.4516,43.8871],[46.5859,43.8722],[46.585,43.7724],[46.4835,43.6721],[46.4385,43.541],[46.3376,43.4582],[46.3599,43.361],[46.423,43.3147],[46.4033,43.1138],[46.5335,42.9612],[46.4246,42.8766],[46.3358,42.904],[46.1232,42.8431],[46.1695,42.7297],[46.0954,42.7151],[45.9483,42.5751],[45.8211,42.4872],[45.7273,42.4744]]}},{"type":"Feature","properties":{"name":null,"adm0_name":"Russia","adm0_a3":"RUS","min_zoom":4.7},"geometry":{"type":"LineString","coordinates":[[45.5094,44.0152],[45.5063,44.1905],[45.1241,44.2024],[45.1307,44.2683],[45.4045,44.3175],[45.4438,44.4025],[45.3984,44.4444],[45.2374,44.4601],[45.2709,44.5906],[45.4349,44.6175],[45.614,44.766],[45.6211,44.899],[45.706,44.9758]]}},{"type":"Feature","properties":{"name":null,"adm0_name":"Russia","adm0_a3":"RUS","min_zoom":4.7},"geometry":{"type":"LineString","coordinates":[[33.5012,54.0158],[33.6823,54.0264],[33.7802,53.9815],[33.8598,53.8787],[34.0311,53.8617],[34.1992,53.8916],[34.3846,53.7185],[34.4895,53.6665],[34.4882,53.5441],[34.5824,53.4276],[34.6726,53.3901],[35.0174,53.3808],[35.1035,53.3108]]}},{"type":"Feature","properties":{"name":null,"adm0_name":"Russia","adm0_a3":"RUS","min_zoom":4.7},"geometry":{"type":"LineString","coordinates":[[35.1035,53.3108],[35.1223,53.1863],[35.1821,53.1016],[35.3139,53.0657],[35.1565,52.9695],[34.967,52.9703],[34.8049,52.8682],[34.8692,52.7836],[34.9481,52.7834],[35.0915,52.698],[35.0106,52.6142],[34.9896,52.5105],[34.8329,52.424],[34.8968,52.3532]]}},{"type":"Feature","properties":{"name":null,"adm0_name":"Russia","adm0_a3":"RUS","min_zoom":4.7},"geometry":{"type":"LineString","coordinates":[[35.3697,55.2388],[35.2845,55.1121],[35.144,55.0217],[35.0019,54.8867],[34.8658,54.8838],[34.921,54.7716],[34.8173,54.7094],[34.4996,54.632],[34.4158,54.4508],[34.3261,54.4296],[34.1075,54.5503],[33.9268,54.5723],[33.7287,54.5617],[33.6427,54.4855],[33.6167,54.381],[33.6837,54.3213],[33.562,54.1562],[33.5012,54.0158]]}},{"type":"Feature","properties":{"name":null,"adm0_name":"Russia","adm0_a3":"RUS","min_zoom":4.7},"geometry":{"type":"LineString","coordinates":[[33.5012,54.0158],[33.4746,53.9718],[33.2874,53.9539],[33.289,53.8217],[32.899,53.5687],[32.9081,53.4935],[32.7061,53.4199]]}},{"type":"Feature","properties":{"name":null,"adm0_name":"Russia","adm0_a3":"RUS","min_zoom":4.7},"geometry":{"type":"LineString","coordinates":[[31.4674,55.729],[31.5856,55.7466],[31.7549,55.7144],[31.8936,55.7705],[32.0937,55.6741],[32.7218,55.6897],[32.9393,55.6318],[33.1879,55.6525],[33.2255,55.6984],[33.3722,55.7026],[33.5053,55.7552],[33.67,55.8653],[33.66,55.9462],[33.8381,55.9495],[33.9166,56.0731],[34.2007,56.0745],[34.6309,55.9179],[35.0315,55.9844],[35.1741,55.9483]]}},{"type":"Feature","properties":{"name":null,"adm0_name":"Russia","adm0_a3":"RUS","min_zoom":4.7},"geometry":{"type":"LineString","coordinates":[[35.1741,55.9483],[35.3535,55.7794],[35.3161,55.7269],[35.3971,55.6171],[35.3031,55.5712],[35.3012,55.2991],[35.3697,55.2388]]}},{"type":"Feature","properties":{"name":null,"adm0_name":"India","adm0_a3":"IDN","min_zoom":4.6},"geometry":{"type":"LineString","coordinates":[[80.0731,28.8209],[80.0006,28.7373],[79.8445,28.8049],[79.841,28.8553],[79.7433,28.8852],[79.6994,28.8504],[79.5262,28.8784],[79.4437,28.8496],[79.3712,28.9699],[79.2964,28.9716],[79.1706,29.0511],[79.0559,29.1518],[78.9504,29.127],[78.8677,29.2152],[78.7215,29.284],[78.9069,29.3884],[78.6431,29.5376],[78.4787,29.722],[78.3806,29.7616],[78.2283,29.9474],[78.155,29.9254],[78.1891,29.7067],[78.1072,29.6545],[77.9828,29.7188],[77.8315,29.6599],[77.7838,29.7418],[77.747,29.878],[77.7464,29.9773],[77.835,30.1314],[77.9289,30.2443],[77.7506,30.3256],[77.6615,30.3949],[77.5851,30.3829]]}},{"type":"Feature","properties":{"name":null,"adm0_name":"India","adm0_a3":"IDN","min_zoom":4.6},"geometry":{"type":"LineString","coordinates":[[77.5851,30.3829],[77.813,30.5211],[77.7058,30.7915],[77.7891,30.9306],[77.806,31.0505],[77.9411,31.1729],[78.0397,31.1722],[78.2842,31.2903],[78.3687,31.29],[78.501,31.2196],[78.5817,31.2311],[78.7927,31.207],[78.8695,31.122],[78.9458,31.1377]]}},{"type":"Feature","properties":{"name":null,"adm0_name":"India","adm0_a3":"IDN","min_zoom":4.6},"geometry":{"type":"LineString","coordinates":[[87.7837,25.2141],[87.8381,25.2778],[87.768,25.4363],[87.9558,25.5341],[88.0431,25.5471],[88.0464,25.6689],[87.9105,25.7651],[87.8054,25.8737],[87.8314,26.0106],[87.9794,26.1458],[88.0798,26.1928],[88.1805,26.2855],[88.2972,26.3362],[88.2823,26.4284],[88.195,26.5015],[88.0871,26.5391]]}},{"type":"Feature","properties":{"name":null,"adm0_name":"Indonesia","adm0_a3":"IND","min_zoom":4.6},"geometry":{"type":"LineString","coordinates":[[113.7764,0.5586],[113.6467,0.4101],[113.6229,0.3109],[113.5316,0.2614],[113.416,0.2752],[113.3245,0.2452],[113.4532,0.0659],[113.4785,-0.0475],[113.4293,-0.1904],[113.3262,-0.2517],[113.2492,-0.3611],[113.3008,-0.4228],[113.2564,-0.5514],[113.1611,-0.4699],[113.084,-0.5185],[113.0042,-0.5187],[112.7551,-0.6359],[112.578,-0.7045],[112.4973,-0.7021],[112.38,-0.7546],[112.1185,-0.7354],[112.0587,-0.7958],[111.9686,-0.8228],[111.6514,-1.0155],[111.5874,-1.102],[111.5774,-1.1867],[111.4161,-1.2688],[111.3271,-1.3733],[111.2421,-1.4206],[111.134,-1.5304],[111.0116,-1.5261],[110.9203,-1.6132],[111.0174,-1.6603],[111.0252,-1.867],[110.9948,-1.9853],[111.0123,-2.1274],[111.1377,-2.4048],[111.1376,-2.733],[111.0671,-2.7647],[110.8992,-2.9088]]}},{"type":"Feature","properties":{"name":null,"adm0_name":"India","adm0_a3":"IDN","min_zoom":4.6},"geometry":{"type":"LineString","coordinates":[[87.4774,21.6136],[87.4085,21.7861],[87.275,21.814],[87.2315,21.8481],[87.1907,21.9562],[87.113,21.9714],[87.0592,21.9072],[86.9937,21.9725],[86.9874,22.0666],[86.8339,22.1218],[86.6865,22.218]]}},{"type":"Feature","properties":{"name":null,"adm0_name":"India","adm0_a3":"IDN","min_zoom":4.6},"geometry":{"type":"LineString","coordinates":[[86.6865,22.218],[86.7803,22.2867],[86.7899,22.4156],[86.7181,22.4694],[86.7494,22.5448],[86.6114,22.6043],[86.5869,22.6807],[86.3991,22.785],[86.4148,22.9435],[86.4505,23.0042],[86.1425,23.0283],[86.0202,23.1526],[85.8884,23.1631],[85.8298,23.2608],[85.8948,23.4165],[85.8289,23.4831],[85.9964,23.5115],[86.0564,23.6025],[86.1345,23.5589],[86.1215,23.5009],[86.2143,23.4492],[86.3365,23.5084],[86.3484,23.5679],[86.4585,23.6386],[86.6461,23.6969],[86.7998,23.7255],[86.8097,23.8181],[86.8772,23.9131],[87.0797,23.8152],[87.1663,23.8102],[87.2412,23.8508],[87.3016,24.0569],[87.3381,24.0018],[87.4887,24.0469],[87.4869,24.1241],[87.5721,24.1176],[87.6616,24.1862],[87.6315,24.2694],[87.7206,24.3178],[87.8005,24.5008],[87.7908,24.5625],[87.8773,24.5887],[87.8954,24.6703],[87.8533,24.7584],[87.8775,24.9389],[87.8441,25.0415],[87.781,25.0899],[87.7837,25.2141]]}},{"type":"Feature","properties":{"name":null,"adm0_name":"India","adm0_a3":"IDN","min_zoom":4.6},"geometry":{"type":"LineString","coordinates":[[89.6578,26.1872],[89.7273,26.2062],[89.7815,26.3087],[89.8289,26.3279],[89.8885,26.5329],[89.8587,26.7221]]}},{"type":"Feature","properties":{"name":null,"adm0_name":"India","adm0_a3":"IDN","min_zoom":4.6},"geometry":{"type":"LineString","coordinates":[[88.7562,27.1488],[88.6645,27.1734],[88.518,27.1762],[88.4477,27.1145],[88.3574,27.0851],[88.2331,27.1371],[88.1182,27.1385],[88.0009,27.248]]}},{"type":"Feature","properties":{"name":null,"adm0_name":"India","adm0_a3":"IDN","min_zoom":4.6},"geometry":{"type":"LineString","coordinates":[[92.2985,24.2377],[92.2202,24.2643],[92.2578,24.396],[92.2217,24.5004],[92.1391,24.5453]]}},{"type":"Feature","properties":{"name":null,"adm0_name":"India","adm0_a3":"IDN","min_zoom":4.6},"geometry":{"type":"LineString","coordinates":[[92.3849,25.0048],[92.5649,25.1524],[92.8055,25.2277],[92.7896,25.3489],[92.5883,25.4988],[92.5934,25.5867],[92.3824,25.7643],[92.1673,25.6895],[92.1655,25.8092],[92.2147,25.9195],[92.184,25.993],[92.2615,26.0554],[92.1641,26.0884],[91.9225,26.0382],[91.8253,26.0893],[91.7519,26.0481],[91.7182,25.9677],[91.5823,26.0269],[91.4747,25.8962],[91.3606,25.8433],[91.251,25.7376],[91.2081,25.7362],[91.1789,25.8696],[91.0968,25.8399],[90.9745,25.9436],[90.7529,25.9621],[90.6443,25.9315],[90.6177,25.9698],[90.4845,26.0119],[90.1356,25.9598],[89.9742,25.8016],[89.9423,25.6915],[90.0021,25.5868],[89.8973,25.5414],[89.8755,25.4604],[89.8089,25.4407]]}},{"type":"Feature","properties":{"name":null,"adm0_name":"Russia","adm0_a3":"RUS","min_zoom":4.7},"geometry":{"type":"LineString","coordinates":[[98.9396,52.1053],[98.9324,52.1919],[98.809,52.1964],[98.7995,52.2742],[98.6464,52.309],[98.6344,52.4128],[98.8056,52.514],[98.8046,52.6109],[98.9371,52.6727],[98.9378,52.7975],[98.8563,52.8466],[98.9287,52.9185],[99.2203,52.8652],[99.2498,52.9538]]}},{"type":"Feature","properties":{"name":null,"adm0_name":"Russia","adm0_a3":"RUS","min_zoom":4.7},"geometry":{"type":"LineString","coordinates":[[99.2498,52.9538],[99.3665,53.0538],[99.379,53.1128],[99.536,53.1054],[99.6902,53.132],[99.8052,53.1902],[99.8782,53.2994],[100.0798,53.3003],[100.2605,53.3748],[100.401,53.2342],[100.3627,53.1368],[100.6064,52.9436],[100.8268,52.8565],[100.8525,52.8107],[101.0309,52.7691],[101.3202,52.6414],[101.4362,52.6312],[101.4756,52.5711],[101.6876,52.4606],[101.743,52.4024],[101.9104,52.3171],[101.9632,52.2224],[102.0457,52.2122],[102.188,52.2758],[102.3204,52.2313],[102.3948,52.259],[102.5421,52.2276],[102.5735,52.1491],[102.6729,52.0984],[102.777,51.9846],[102.945,51.9066],[103.0647,51.8827],[103.2216,51.7883],[103.1814,51.6208],[103.335,51.4342],[103.5763,51.4792],[103.6897,51.4602],[103.8187,51.3878],[103.8137,51.1319],[104.0981,51.2182],[104.2124,51.2811],[104.4942,51.309],[104.6094,51.2683],[104.67,51.3992],[104.6287,51.4434],[104.6499,51.6224],[104.8995,51.6687],[105.1231,51.7311],[105.4612,51.8633],[105.7515,52.031],[105.9916,52.2209],[106.1983,52.4402],[108.041,53.1927],[108.0608,53.2051],[108.4235,53.7832],[109.0073,54.4249],[109.0221,54.4936],[108.6709,54.5469],[108.6404,54.6011],[108.7161,54.7851],[108.6903,55.0623],[108.7822,55.1695],[108.7727,55.2373],[108.6513,55.3132],[108.6222,55.4559],[108.7714,55.6233],[108.8541,55.8663],[108.96,55.9413],[109.18,55.913],[109.105,56.0217],[108.9912,56.0397],[108.9289,56.1482],[108.799,56.2574],[108.5712,56.2936],[108.557,56.3457],[108.7186,56.4994],[108.699,56.5829],[108.9296,56.5882],[109.1431,56.6761],[109.3137,56.6717],[109.4102,56.7349],[109.6653,56.6943],[109.7804,56.7111],[109.8869,56.8909],[109.989,56.969],[110.248,56.9248],[110.3991,56.9212],[110.5319,56.8467],[110.6621,56.8334],[110.7525,56.8741],[110.8831,56.8341],[110.9981,56.8577],[111.1337,56.8147],[111.3632,56.8948],[111.3367,56.95],[111.4625,57.1025],[111.6202,57.095],[111.6281,57.0163],[111.8543,56.9133],[111.9161,56.9455],[112.1096,56.9444],[112.2349,56.8777],[112.4439,56.863],[112.6621,56.9597],[112.762,56.7525],[112.8855,56.6967],[113.3558,56.6264],[113.5468,56.6716],[113.803,56.6024],[113.8697,56.5326],[114.0102,56.5453],[114.1272,56.676],[114.2893,56.692],[114.4985,56.6709],[114.7953,56.7097],[114.8507,56.8367],[115.0504,56.9907],[115.0859,57.1186],[115.4499,57.097],[115.6978,57.1367],[115.8522,57.2401],[116.1557,57.2285],[116.1703,57.1414],[116.0476,57.0822],[115.8048,57.0313],[115.7108,56.9635]]}},{"type":"Feature","properties":{"name":null,"adm0_name":"Russia","adm0_a3":"RUS","min_zoom":4.7},"geometry":{"type":"LineString","coordinates":[[43.7315,47.4766],[43.7992,47.3706],[43.8023,47.2825],[43.9392,47.2689],[43.9533,47.3649],[44.1096,47.4137],[44.1168,47.5335],[44.2284,47.5746],[44.334,47.4752],[44.3276,47.1108],[44.2624,46.9001],[43.9304,46.7227],[43.8171,46.5887],[43.9277,46.521],[43.9184,46.416],[43.7859,46.4075],[43.646,46.2157],[43.5594,46.1689],[43.3556,46.1724],[43.0802,46.3598],[42.9118,46.435],[42.7872,46.3894],[42.5968,46.4109],[42.4093,46.5249],[42.1809,46.5779],[42.0343,46.5433],[42.0996,46.4071],[42.2019,46.3145],[41.995,46.3013],[41.915,46.1846],[41.8401,46.1529],[41.726,46.2136],[41.6558,46.1053],[41.7126,45.996]]}},{"type":"Feature","properties":{"name":null,"adm0_name":"Russia","adm0_a3":"RUS","min_zoom":4.7},"geometry":{"type":"LineString","coordinates":[[41.7126,45.996],[41.6585,45.9761],[41.4201,45.9948],[41.3754,45.9468],[41.1624,45.9536]]}},{"type":"Feature","properties":{"name":null,"adm0_name":"Russia","adm0_a3":"RUS","min_zoom":4.7},"geometry":{"type":"LineString","coordinates":[[41.3621,50.2263],[41.2884,50.1795],[41.3415,50.0753],[41.1785,50.0157],[41.0564,49.9162],[41.0293,49.7942],[40.8848,49.6903],[40.6123,49.6475],[40.411,49.5968],[40.1696,49.6241],[40.0809,49.5763]]}},{"type":"Feature","properties":{"name":null,"adm0_name":"Russia","adm0_a3":"RUS","min_zoom":4.7},"geometry":{"type":"LineString","coordinates":[[41.3621,50.2263],[41.4924,50.0836],[41.595,50.0454],[41.6167,49.9622],[41.8761,49.9004],[42.1151,49.7503],[42.1784,49.6684],[42.072,49.5018],[42.0535,49.4023],[42.0923,49.2887],[42.0366,49.2674],[42.0952,49.1406],[42.3438,49.1521],[42.4106,49.0473],[42.6443,48.9769],[42.7397,48.7863],[42.6511,48.7046],[42.7011,48.6244],[42.6337,48.5516],[42.4416,48.5048],[42.2765,48.498],[42.1652,48.464],[42.0741,48.3919],[42.1465,48.2872],[42.051,48.23],[42.0964,48.1541],[42.0298,48.0285],[42.2825,48.0157],[42.3429,48.0448],[42.4919,48.0136],[42.7285,47.8541],[42.785,47.7311],[42.9553,47.5103],[43.0543,47.5728],[43.2625,47.4502],[43.482,47.4837],[43.7315,47.4766]]}},{"type":"Feature","properties":{"name":null,"adm0_name":"Russia","adm0_a3":"RUS","min_zoom":4.7},"geometry":{"type":"LineString","coordinates":[[42.4892,51.6077],[42.7341,51.479],[42.8609,51.3814],[42.8729,51.2313]]}},{"type":"Feature","properties":{"name":null,"adm0_name":"Russia","adm0_a3":"RUS","min_zoom":4.7},"geometry":{"type":"LineString","coordinates":[[42.8729,51.2313],[42.7155,51.2394],[42.573,51.1685],[42.2548,51.1325],[42.0673,51.16],[41.977,51.2033],[41.8549,51.1886],[41.737,51.0257],[41.4443,50.9174],[41.3698,50.8308],[41.1675,50.7805],[41.3144,50.7246],[41.4001,50.625],[41.5258,50.5987],[41.4235,50.4816],[41.5086,50.3921],[41.3621,50.2263]]}},{"type":"Feature","properties":{"name":null,"adm0_name":"Russia","adm0_a3":"RUS","min_zoom":4.7},"geometry":{"type":"LineString","coordinates":[[38.2988,51.961],[38.5288,52.0238],[38.6976,52.0978],[38.762,52.0524],[38.8799,52.0925],[38.9944,52.0007],[39.1823,52.0982],[39.4471,52.0822],[39.4966,51.9727],[39.8341,51.9202],[39.913,51.9798],[40.0876,51.985],[40.2946,51.9564],[40.5038,51.9535]]}},{"type":"Feature","properties":{"name":null,"adm0_name":"Russia","adm0_a3":"RUS","min_zoom":4.7},"geometry":{"type":"LineString","coordinates":[[40.5038,51.9535],[40.7346,51.9404],[40.9377,51.8902],[40.8919,51.7426],[41.0661,51.7102],[41.2683,51.735],[41.3113,51.7938],[41.5565,51.7667],[41.9522,51.6564],[42.2477,51.6945],[42.2737,51.6004],[42.4034,51.6329],[42.4892,51.6077]]}},{"type":"Feature","properties":{"name":null,"adm0_name":"Russia","adm0_a3":"RUS","min_zoom":4.7},"geometry":{"type":"LineString","coordinates":[[38.2915,51.2925],[38.0273,51.3662],[38.0465,51.4197],[37.8286,51.4205],[37.6667,51.3657],[37.5386,51.3943],[37.3791,51.3854],[37.2491,51.331],[37.1442,51.3429],[37.054,51.2469],[36.9302,51.181],[36.8558,51.1858],[36.6175,51.0798],[36.3136,51.1033],[35.9763,51.1575],[35.9996,51.0577],[35.8769,51.0124],[35.817,50.9447],[35.5464,50.9057],[35.5124,50.9471],[35.3133,50.9592]]}},{"type":"Feature","properties":{"name":null,"adm0_name":"Russia","adm0_a3":"RUS","min_zoom":4.7},"geometry":{"type":"LineString","coordinates":[[38.2915,51.2925],[38.446,51.2574],[38.501,51.1889],[38.3956,51.1568],[38.3969,51.0765],[38.5162,51.0618],[38.6184,50.9984],[38.7376,51.0737],[38.8458,51.0365],[38.8736,50.9113],[38.7367,50.9014],[38.7245,50.7901],[38.9662,50.6465],[39.0724,50.6361],[39.0977,50.5061],[38.9904,50.4327],[39.0848,50.3487],[39.099,50.1728],[39.2336,50.0562],[39.1746,49.8559]]}},{"type":"Feature","properties":{"name":null,"adm0_name":"Russia","adm0_a3":"RUS","min_zoom":4.7},"geometry":{"type":"LineString","coordinates":[[37.7471,52.0169],[37.8208,51.9122],[37.997,51.879],[38.1015,51.927],[38.1921,51.9122],[38.2988,51.961]]}},{"type":"Feature","properties":{"name":null,"adm0_name":"Russia","adm0_a3":"RUS","min_zoom":4.7},"geometry":{"type":"LineString","coordinates":[[38.2988,51.961],[38.4098,51.9202],[38.4098,51.6878],[38.2195,51.7078],[38.2073,51.629],[38.2764,51.5264],[38.3234,51.3408],[38.2915,51.2925]]}},{"type":"Feature","properties":{"name":null,"adm0_name":"Russia","adm0_a3":"RUS","min_zoom":4.7},"geometry":{"type":"LineString","coordinates":[[34.8968,52.3532],[34.9172,52.3218],[34.8046,52.1851],[34.7151,52.2163],[34.6723,52.0655],[34.5307,52.0704],[34.4065,52.0127],[34.3715,51.7988]]}},{"type":"Feature","properties":{"name":null,"adm0_name":"Russia","adm0_a3":"RUS","min_zoom":4.7},"geometry":{"type":"LineString","coordinates":[[34.8968,52.3532],[35.1237,52.3346],[35.2413,52.3896],[35.3963,52.414],[35.5717,52.3874],[35.637,52.3323],[35.8926,52.2745],[36.0009,52.3134],[36.1458,52.3187],[36.357,52.3658],[36.5523,52.2153],[36.7294,52.1762],[36.8202,52.1203],[37.1583,52.072],[37.3535,51.9362],[37.4807,52.0095],[37.6518,51.9711],[37.7471,52.0169]]}},{"type":"Feature","properties":{"name":null,"adm0_name":"Russia","adm0_a3":"RUS","min_zoom":4.7},"geometry":{"type":"LineString","coordinates":[[130.923,55.6786],[131.0868,55.6181],[131.3006,55.6176],[131.5986,55.6518],[131.8037,55.6143],[131.9623,55.6578],[132.126,55.6448],[132.2397,55.704],[132.5384,55.6756],[132.6629,55.5607],[132.6435,55.4906],[132.9079,55.3591],[132.7326,55.3487],[132.5808,55.1959],[132.3548,55.1914],[132.3668,55.0564],[132.0867,55.0499],[131.9708,54.998],[131.9945,54.9094],[131.6123,54.7808],[131.5325,54.7224],[131.3993,54.7191],[131.1995,54.6128],[131.2202,54.5267],[131.1141,54.3233],[130.9439,54.3232],[130.7737,54.2879],[130.5069,54.1198],[130.4835,53.9934],[130.4104,53.9476],[130.4465,53.8824],[130.6351,53.8868],[130.8401,53.8284],[130.9211,53.7678],[131.0967,53.8129],[131.4208,53.7513],[131.444,53.6272],[131.4982,53.5549],[131.4835,53.4756],[131.5323,53.3194],[131.4653,53.2129],[131.8002,53.2412],[131.8942,53.128],[131.9905,53.1339],[132.1116,53.223],[132.3985,53.2442],[132.594,53.2297],[132.8933,53.2346],[132.9512,53.2885],[133.1534,53.2912],[133.2097,53.4211],[133.5733,53.546],[133.7092,53.4768],[134.0106,53.4332],[134.2146,53.4718],[134.2226,53.5149],[134.4514,53.5378],[134.5552,53.6209],[134.748,53.5393],[134.7614,53.4752],[134.9238,53.4166],[134.897,53.3154],[134.9564,53.2539],[134.8594,53.1844],[134.8121,53.0656],[134.6589,52.9391],[134.6313,52.8006],[134.7059,52.7662],[134.7824,52.6471],[134.6586,52.5751],[134.6626,52.4709],[134.6057,52.4176],[134.2239,52.4888],[134.056,52.5002],[134.0031,52.5392],[133.6587,52.5716],[133.3694,52.683],[133.2795,52.6639],[133.2384,52.5669],[133.2462,52.4556],[133.4204,52.2514],[133.3217,52.1983],[132.907,52.1586],[132.5898,52.0815],[132.5251,51.963],[132.4037,51.9634],[132.4235,51.8599],[132.2787,51.793],[132.2157,51.8168],[131.9592,51.7367],[131.8639,51.7546],[131.7278,51.6811],[131.4309,51.6883],[131.395,51.607],[131.4838,51.4761],[131.4884,51.3446],[131.2898,51.3639],[131.1691,51.2487],[131.0649,51.2457],[130.9187,51.0243],[130.8156,51.0195],[130.7718,50.9425],[130.8407,50.8809],[130.6885,50.7456],[130.6451,50.6573],[130.954,50.65],[131.0111,50.5681],[130.8655,50.4565],[130.9889,50.3818],[131.1341,50.4193],[131.158,50.3454],[131.2898,50.3661],[131.3253,50.2688],[131.4415,50.1862],[131.2952,49.9898],[131.4451,49.9641],[131.4994,49.9008],[131.4691,49.73],[131.3843,49.6593],[131.4999,49.6113],[131.494,49.4114],[131.3957,49.2436]]}},{"type":"Feature","properties":{"name":null,"adm0_name":"Russia","adm0_a3":"RUS","min_zoom":4.7},"geometry":{"type":"LineString","coordinates":[[131.3957,49.2436],[131.1824,49.2499],[131.0067,49.051],[130.9827,48.9722],[130.829,48.9834],[130.554,48.86]]}},{"type":"Feature","properties":{"name":null,"adm0_name":"Russia","adm0_a3":"RUS","min_zoom":4.7},"geometry":{"type":"LineString","coordinates":[[119.8984,56.8894],[120.0308,56.899],[120.3028,57.0041],[120.6555,57.0321],[121.0191,57.0312],[121.0532,56.9896],[121.4069,56.9755],[121.5115,56.9223],[121.6021,56.8127],[121.6083,56.7412],[122.1596,56.7384],[122.2828,56.6507],[122.4667,56.6019],[122.5892,56.4896],[122.7814,56.4978],[122.9185,56.5507],[123.1323,56.4574],[123.4527,56.4063],[123.9154,56.3773],[124.0605,56.2313],[124.2056,56.1651],[124.243,56.0809],[124.3604,56.0567],[124.448,55.9046],[124.6352,55.9018],[124.9577,55.8262],[125.2477,55.8796],[125.4373,55.8374],[125.5463,55.7358],[125.7576,55.7964],[126.0391,55.7278],[126.0473,55.5888],[126.2338,55.5906],[126.4342,55.555],[126.5507,55.6334],[126.8427,55.6059],[126.9535,55.6872],[127.1876,55.6908],[127.3296,55.6557],[127.4869,55.555],[127.5726,55.5799],[127.6746,55.6832],[127.7939,55.6292],[128.2902,55.648],[128.5016,55.5156],[128.6635,55.5208],[128.7721,55.4691],[128.9749,55.4663],[129.0888,55.5334],[129.047,55.6542],[129.4437,55.6998],[129.653,55.745],[129.8923,55.7344],[129.9947,55.6931],[130.7415,55.7191],[130.923,55.6786]]}},{"type":"Feature","properties":{"name":null,"adm0_name":"China","adm0_a3":"CHN","min_zoom":4.7},"geometry":{"type":"LineString","coordinates":[[131.2528,43.4692],[131.1495,43.4361],[130.9946,43.5077],[130.9166,43.4505],[130.5887,43.6277],[130.4141,43.6692],[130.3328,43.9278],[130.2802,43.9644],[130.1036,43.8454],[130.0332,43.8556],[130.0001,43.9836],[129.9129,44.0216],[129.8021,43.9655],[129.7524,43.8742],[129.5349,43.8703],[129.2492,43.7862],[129.2157,43.7383],[129.2289,43.6084],[129.0149,43.5397],[128.8829,43.5562],[128.7645,43.7091],[128.7474,43.8022],[128.6315,43.9122],[128.5288,44.0801],[128.4459,44.1539],[128.4507,44.3155],[128.4188,44.4501],[128.3587,44.5017],[128.2069,44.4405],[128.1553,44.353],[128.043,44.3407],[128.0521,44.1258],[127.8496,44.0559],[127.7444,44.0856],[127.7147,44.1615],[127.6098,44.2201],[127.6176,44.2722],[127.4928,44.4109],[127.5593,44.5738],[127.3752,44.6488],[127.2331,44.616],[127.1473,44.6547],[127.045,44.5982],[127.0323,44.7306],[126.9783,44.8261],[127.0766,44.934],[126.9527,45.1342],[126.789,45.1493],[126.5593,45.2467],[126.421,45.2285],[126.1505,45.1412],[125.8407,45.2348],[125.7049,45.3597],[125.6987,45.5109],[125.5212,45.471],[125.4325,45.4773],[125.3074,45.417],[125.1035,45.3953],[125.0277,45.4984],[124.8725,45.4486],[124.6119,45.4479],[124.5631,45.4153],[124.3956,45.4515],[124.3323,45.5473],[124.2236,45.6355],[124.141,45.6322],[124.0178,45.7817],[124.062,45.8717],[123.9794,45.9781],[124.0341,46.0185],[123.9194,46.2723],[123.3561,46.2352],[123.2583,46.2651],[123.1617,46.2201]]}},{"type":"Feature","properties":{"name":null,"adm0_name":"Russia","adm0_a3":"RUS","min_zoom":4.7},"geometry":{"type":"LineString","coordinates":[[119.8984,56.8894],[119.6695,56.7707],[119.7868,56.6999],[119.8087,56.6122],[119.9604,56.4931],[120.2566,56.4592],[120.2757,56.3862],[120.5326,56.2846],[120.5268,56.2317],[120.3438,56.2197],[120.0616,56.1382],[120.0553,56.0781],[120.2597,55.9164],[120.4664,55.8715],[120.532,55.9143],[120.986,56.0201],[121.2169,56.0132],[121.2762,55.8668],[121.3465,55.8135],[121.3067,55.7425],[121.3634,55.5074],[121.4391,55.4811],[121.6337,55.5348],[121.6935,55.6001],[121.8832,55.6057],[121.9836,55.4764],[121.9393,55.2141],[121.9503,55.0075],[121.6666,54.8215],[121.6591,54.7277],[121.8259,54.7839],[121.9219,54.7329],[121.8949,54.646],[121.9355,54.5663],[122.1274,54.4678],[122.1147,54.4067],[121.9018,54.3691],[121.8659,54.4195],[121.7313,54.4256],[121.6548,54.3555],[121.7526,54.2717],[121.7535,54.1516],[121.6412,54.1129],[121.6431,54.0121],[121.7829,53.9725],[121.9194,53.8314],[121.947,53.6047],[122.0179,53.5205],[122.0251,53.4298]]}},{"type":"Feature","properties":{"name":null,"adm0_name":"Russia","adm0_a3":"RUS","min_zoom":4.7},"geometry":{"type":"LineString","coordinates":[[115.7108,56.9635],[115.8602,56.9324],[115.9574,56.865],[116.122,56.8127],[116.3616,56.8473],[116.6291,56.7485],[116.815,56.7262],[117.0122,56.8065],[117.1406,56.8085],[117.1795,56.866],[117.5708,56.8512],[117.5758,56.9347],[117.6725,56.9775],[117.6766,57.0658],[117.6009,57.1497],[117.7234,57.1871],[117.7943,57.2874],[117.5971,57.3212],[117.427,57.2637],[117.3567,57.3371],[117.3207,57.4567],[117.2571,57.509],[117.2823,57.6172],[117.1404,57.6684],[117.1727,57.7365],[117.1283,57.8416],[117.313,57.847],[117.3681,57.9342],[117.3746,58.0609],[117.4377,58.1518],[117.5878,58.1843],[117.4709,58.304],[117.6838,58.398],[118.1421,58.3859],[118.3174,58.3525],[118.4051,58.2615],[118.6304,58.1752],[118.7841,58.2128],[119.1081,58.2227]]}},{"type":"Feature","properties":{"name":null,"adm0_name":"Russia","adm0_a3":"RUS","min_zoom":4.7},"geometry":{"type":"LineString","coordinates":[[119.1081,58.2227],[119.1544,58.1464],[119.1355,58.0071],[119.047,57.7276],[119.1651,57.6687],[119.1411,57.5389],[119.4101,57.6147],[119.4872,57.5915],[119.41,57.4972],[119.4424,57.3712],[119.5456,57.3398],[119.6828,57.1574],[119.6221,57.101],[119.6453,57.0023],[119.7716,56.983],[119.8984,56.8894]]}},{"type":"Feature","properties":{"name":null,"adm0_name":"Russia","adm0_a3":"RUS","min_zoom":4.7},"geometry":{"type":"LineString","coordinates":[[90.4766,52.1834],[90.5818,52.1118],[90.7436,52.0634],[90.8394,51.9124],[91.1005,51.9427],[91.1804,51.8901],[91.5431,51.9009],[91.6165,51.869],[91.8942,51.8528],[91.9867,51.7936],[92.4295,51.8019],[92.5054,51.7814],[92.6728,51.8398],[92.8443,51.8324],[92.9012,51.8951],[93.0746,51.9453],[93.3604,52.1294],[93.678,52.2238],[93.7676,52.3714],[93.7739,52.4462],[93.9893,52.5854],[94.1391,52.761],[94.1413,52.8318],[94.2901,52.9],[94.5123,52.9108],[94.6037,53.0553],[94.6042,53.1758],[94.6901,53.2244],[94.5945,53.3157],[94.7399,53.3827],[94.9756,53.405],[95.0411,53.3759],[95.2604,53.4564],[95.3809,53.3719],[95.6218,53.4486],[95.7676,53.5195],[96.0483,53.4537],[96.186,53.5154],[96.2415,53.6135],[96.4179,53.5432],[96.6423,53.5481],[96.6841,53.6385]]}},{"type":"Feature","properties":{"name":null,"adm0_name":"Russia","adm0_a3":"RUS","min_zoom":4.7},"geometry":{"type":"LineString","coordinates":[[96.6841,53.6385],[96.7428,53.711],[96.8749,53.7291],[97.1352,53.613],[97.3284,53.5964],[97.4478,53.4615],[97.5858,53.4381],[97.6988,53.3789],[97.9715,53.3516],[98.0308,53.2526],[98.2795,53.2257],[98.3032,53.1037],[98.6152,53.1075],[98.6979,53.1548],[99.0557,53.1038],[98.9893,53.0345],[99.2498,52.9538]]}},{"type":"Feature","properties":{"name":null,"adm0_name":"Russia","adm0_a3":"RUS","min_zoom":4.7},"geometry":{"type":"LineString","coordinates":[[115.7108,56.9635],[115.589,56.902],[115.5713,56.7319],[115.4341,56.6898],[115.4905,56.6199],[115.6879,56.5954],[115.6726,56.5399],[115.8005,56.4661],[115.6838,56.4245],[115.688,56.3267],[115.7736,56.2057],[115.7649,56.0857],[115.8893,55.9652],[115.8444,55.8568],[115.8448,55.7048],[115.8922,55.6415],[115.8952,55.5254],[116.0716,55.4149],[116.1777,55.3906],[116.376,55.4087],[116.4582,55.3404],[116.4759,55.2532],[116.7159,55.1446],[116.7739,55.148],[116.8927,54.9767],[116.9275,54.8259],[116.8836,54.7375],[116.7741,54.6903],[116.7773,54.6266],[116.6732,54.5478],[116.4579,54.5168],[116.1905,54.5385],[115.9338,54.5038],[115.6294,54.4423],[115.5261,54.4036],[115.4911,54.3287],[115.2691,54.2567],[115.1645,54.1617],[115.0233,54.0984],[114.9665,54.0234],[114.8601,53.9805],[114.5883,53.9266],[114.5007,53.8449],[114.3775,53.8437],[114.3261,53.79],[113.9835,53.7437],[113.9265,53.6813],[113.7927,53.6297],[113.8776,53.562],[113.8425,53.3818],[113.9359,53.3582],[113.9776,53.2398],[114.2008,53.1871],[114.1321,53.0996],[114.3251,53.0677],[114.233,52.9605],[114.2351,52.8215],[114.0878,52.6946],[113.9653,52.6332],[113.7442,52.5736],[113.5725,52.4535],[113.2361,52.4688],[112.9499,52.3433],[112.6805,52.3314],[112.5448,52.347],[112.4054,52.2084],[112.1845,52.2881],[112.0618,52.2772],[111.7964,52.0899],[111.7237,52.0057],[111.586,51.9217],[111.4537,51.8778],[111.125,51.8179],[110.8447,51.66],[110.8624,51.595],[110.677,51.5045],[110.4225,51.5233],[110.3892,51.577],[110.0492,51.6161],[109.6287,51.4491],[109.2472,51.366],[109.0471,51.5004],[108.942,51.4405],[108.7571,51.4489],[108.6491,51.5006],[108.5318,51.4228],[108.3845,51.2375],[108.5547,51.1571],[108.484,51.0567],[108.3527,51.0554],[108.3085,51.011],[108.2497,50.8435],[108.067,50.7535],[108.1873,50.6576],[108.4722,50.5899],[108.5536,50.4651],[108.3152,50.4027],[108.2135,50.4108],[108.1317,50.3182],[107.9902,50.3348],[107.9263,50.2148],[107.7697,50.1472],[107.7955,50.0257],[107.7446,49.9674]]}},{"type":"Feature","properties":{"name":null,"adm0_name":"Russia","adm0_a3":"RUS","min_zoom":4.7},"geometry":{"type":"LineString","coordinates":[[88.7357,51.5594],[89.0325,51.6001],[89.2327,51.6448],[89.2231,51.5599],[89.4209,51.6054],[89.5806,51.553],[89.7304,51.5822],[89.9429,51.7502],[90.1046,51.7677],[90.0275,51.9844],[90.1189,52.0438],[90.1237,52.1286],[90.3594,52.1918],[90.4766,52.1834]]}},{"type":"Feature","properties":{"name":null,"adm0_name":"China","adm0_a3":"CHN","min_zoom":4.6},"geometry":{"type":"LineString","coordinates":[[89.6778,36.082],[89.2236,36.2636],[88.9583,36.2873],[88.8281,36.3737],[88.7117,36.3684],[88.5224,36.4143],[88.4592,36.4489],[88.0001,36.4284],[87.9245,36.3826],[87.5709,36.3338],[87.3456,36.3741],[87.1938,36.304],[87.0008,36.2741],[86.787,36.2603],[86.7139,36.2315],[86.4594,36.2194],[86.3995,36.17],[86.2123,36.1159],[86.0874,35.8756],[85.9299,35.7617],[85.7169,35.7593],[85.6198,35.6754],[85.3893,35.7567],[85.2603,35.7304],[85.1498,35.7498],[84.9236,35.6893],[84.7776,35.6005],[84.5634,35.5595],[84.2147,35.389],[84.1332,35.3775],[83.9844,35.416],[83.8707,35.3745],[83.5648,35.3607],[83.4526,35.3936],[83.2461,35.4212],[83.0987,35.4128],[82.9718,35.4904],[82.9784,35.6008],[82.9359,35.6741],[82.7846,35.6845],[82.7104,35.6502],[82.4282,35.6898],[82.3189,35.6337],[82.2892,35.545],[82.086,35.448],[82.0022,35.3194],[81.7114,35.2457],[81.5451,35.2518],[81.4618,35.3102],[81.3573,35.3324],[81.2102,35.3169],[81.0609,35.3886],[80.9789,35.2934],[80.8585,35.3471],[80.7661,35.3434],[80.6561,35.3843],[80.486,35.4042],[80.3235,35.5066]]}},{"type":"Feature","properties":{"name":null,"adm0_name":"China","adm0_a3":"CHN","min_zoom":4.6},"geometry":{"type":"LineString","coordinates":[[89.6778,36.082],[89.5147,36.0533],[89.4351,35.9878],[89.4846,35.8802],[89.5814,35.8398],[89.7888,35.8269],[89.7889,35.7755],[89.7151,35.6423],[89.6903,35.5086],[89.7301,35.4437],[89.4843,35.3422],[89.4548,35.2128],[89.5717,35.0733],[89.5836,34.9409],[89.7877,34.9264],[89.8252,34.8461],[89.7239,34.7396],[89.7911,34.5541],[89.7957,34.4084],[89.8403,34.3833],[89.7866,34.1985],[89.6367,34.0934],[89.7419,33.9095],[89.8772,33.8227],[89.9751,33.6306],[90.1406,33.5782],[90.2032,33.5001],[90.2057,33.4015],[90.3232,33.2887],[90.4363,33.2822],[90.6603,33.1559],[90.8041,33.1405],[90.9499,33.2394],[91.1279,33.2543],[91.1892,33.337],[91.3616,33.337],[91.3765,33.2713],[91.5427,33.0803],[91.7203,32.9825],[91.8131,32.9683],[91.9768,32.8486],[92.0861,32.8856],[92.1961,32.8686],[92.2214,32.745],[92.4658,32.7694],[92.65,32.7404],[92.7273,32.7606],[92.85,32.7289],[93.0059,32.7346],[93.0313,32.6635],[93.2185,32.6598],[93.3453,32.5777],[93.4426,32.5633],[93.5104,32.5161],[93.5972,32.5646],[93.7342,32.5725],[93.8774,32.4954],[94.1108,32.4782],[94.1783,32.5223],[94.3169,32.5408],[94.5822,32.6722],[94.7218,32.5929],[94.7552,32.5355],[94.8522,32.5001],[94.9389,32.4282],[94.9513,32.3372],[95.0618,32.2612],[95.2591,32.2441],[95.3821,32.1701],[95.4253,32.0948],[95.3543,31.9544],[95.4068,31.8107],[95.4971,31.7417],[95.5927,31.7616],[95.725,31.7464],[95.7738,31.698],[95.8489,31.7143],[96.0942,31.7005],[96.1673,31.548],[96.2146,31.6068],[96.2129,31.7351],[96.1478,31.7799],[96.1826,31.8712],[96.2782,31.9091],[96.4832,31.7535],[96.6642,31.7211],[96.7374,31.6798],[96.7954,31.7155],[96.7529,31.8387],[96.7864,31.9101],[96.7541,31.9738],[96.9146,31.9901],[97.0181,32.0229],[97.1241,32.0093],[97.2549,32.0758],[97.2544,32.204],[97.3598,32.2605],[97.3932,32.385],[97.3263,32.4236],[97.3609,32.5002],[97.5623,32.4843],[97.6309,32.4441],[97.7157,32.5442]]}},{"type":"Feature","properties":{"name":null,"adm0_name":"China","adm0_a3":"CHN","min_zoom":4.6},"geometry":{"type":"LineString","coordinates":[[96.3663,42.7229],[96.0909,42.5869],[96.0438,42.4999],[96.0178,42.1387],[96.0358,41.9953],[95.8639,41.855],[95.7719,41.8297],[95.492,41.856],[95.0583,41.7886],[94.5809,41.5852],[94.011,41.104],[93.7599,40.8233],[93.6691,40.6834],[93.5775,40.588],[93.2863,40.4693],[93.0368,40.4899],[92.9259,40.4229],[92.9195,40.1181],[92.7774,39.9055],[92.7724,39.8105],[92.948,39.4525],[92.936,39.1529]]}},{"type":"Feature","properties":{"name":null,"adm0_name":"China","adm0_a3":"CHN","min_zoom":4.6},"geometry":{"type":"LineString","coordinates":[[92.936,39.1529],[92.3331,39.0499],[92.1227,38.9406],[91.8806,38.8755],[91.6286,38.8257],[91.4916,38.8173],[91.2944,38.7451],[91.0125,38.6987],[90.6535,38.6741],[90.636,38.6243],[90.4782,38.5325],[90.3125,38.4658],[90.1509,38.4328],[90.1935,38.3257],[90.4393,37.9961],[90.4101,37.847],[90.4365,37.7786],[90.8345,37.6078],[90.9572,37.5194],[91.0737,37.4879],[91.1517,37.3233],[91.235,37.1954],[91.3163,37.119],[91.2876,37.0135],[91.1914,37.0015],[91.055,36.9451],[90.8911,36.9395],[90.8078,36.9106],[90.7124,36.8215],[90.6881,36.6985],[90.7105,36.6362],[90.8053,36.5585],[91.0067,36.5035],[91.061,36.3135],[91.1358,36.1406],[91.1113,36.0739],[90.915,36.0133],[90.8294,36.0104],[90.6227,36.1111],[90.2925,36.1155],[90.1657,36.1292],[90.0138,36.2528],[89.972,36.1049],[89.8668,36.0656],[89.6778,36.082]]}},{"type":"Feature","properties":{"name":null,"adm0_name":"India","adm0_a3":"IDN","min_zoom":4.6},"geometry":{"type":"LineString","coordinates":[[76.7398,33.1974],[76.6466,33.3521],[76.488,33.5022],[76.2461,33.5741],[76.2358,33.7288],[76.1664,33.8732],[76.0244,33.9821],[75.8796,33.9637],[75.7417,34.0664],[75.6634,34.1992],[75.5846,34.2101],[75.4695,34.2801],[75.3745,34.371],[75.3475,34.5727]]}},{"type":"Feature","properties":{"name":null,"adm0_name":"India","adm0_a3":"IDN","min_zoom":4.6},"geometry":{"type":"LineString","coordinates":[[78.381,32.528],[78.2704,32.5042],[78.3041,32.5962],[78.3747,32.6488],[78.3666,32.7652],[78.2539,32.6979],[78.1146,32.6677],[78.0089,32.6103],[77.9385,32.6953],[77.9289,32.7624],[77.8579,32.873],[77.7211,33.0126],[77.539,32.9184],[77.3487,32.8672],[77.1358,32.9268],[76.9561,33.0251],[76.7398,33.1974]]}},{"type":"Feature","properties":{"name":null,"adm0_name":"Indonesia","adm0_a3":"IND","min_zoom":4.6},"geometry":{"type":"LineString","coordinates":[[113.7764,0.5586],[113.9177,0.7364],[113.9481,0.8622],[113.8626,0.9023],[113.8645,0.9764],[114.018,1.0786],[114.1921,1.2144],[114.2106,1.4629]]}},{"type":"Feature","properties":{"name":null,"adm0_name":"Indonesia","adm0_a3":"IND","min_zoom":4.6},"geometry":{"type":"LineString","coordinates":[[116.5729,-2.363],[116.3905,-2.3144],[116.0427,-2.2882],[115.9945,-2.271],[115.874,-2.3507],[115.8141,-2.1836],[115.8288,-2.0472],[115.7489,-2.0007],[115.7412,-1.7842],[115.689,-1.6355],[115.6069,-1.4667],[115.6775,-1.4259]]}},{"type":"Feature","properties":{"name":null,"adm0_name":"Indonesia","adm0_a3":"IND","min_zoom":4.6},"geometry":{"type":"LineString","coordinates":[[115.6775,-1.4259],[115.7202,-1.4263],[115.802,-1.2944],[115.8051,-1.0853],[115.7397,-1.1038],[115.6287,-0.978],[115.5178,-0.9378],[115.46,-0.886],[115.4152,-0.7739],[115.3813,-0.582],[115.3299,-0.511],[115.2742,-0.311],[115.2772,-0.2201],[115.3474,0.0023],[115.2754,0.0314],[115.1874,0.0052],[115.0858,-0.1175],[115.0026,-0.1777],[114.9673,-0.0975],[115.0177,0.0577],[114.9531,0.2842],[114.9679,0.3642],[115.076,0.533],[115.0572,0.6369],[114.9765,0.7352],[114.7354,0.6726],[114.6631,0.6213],[114.3775,0.5886],[114.1839,0.6505],[114.0363,0.647],[113.9699,0.6036],[113.7764,0.5586]]}},{"type":"Feature","properties":{"name":null,"adm0_name":"India","adm0_a3":"IDN","min_zoom":4.6},"geometry":{"type":"MultiLineString","coordinates":[[[74.1288,21.9518],[74.061,21.9403],[73.9176,21.8669],[73.8094,21.8365],[73.8286,21.6509],[73.7516,21.611],[73.8208,21.5083],[73.9959,21.5553],[74.1916,21.5455],[74.2915,21.5139],[74.1087,21.4516],[74.0535,21.4657],[73.9602,21.3944],[73.9186,21.2916],[73.8001,21.2809],[73.7774,21.2166],[73.6952,21.1226],[73.8683,20.9748],[73.9029,20.8839],[73.909,20.7757],[73.811,20.6769],[73.7923,20.6062],[73.6998,20.5624],[73.4758,20.6787],[73.4042,20.6699],[73.4587,20.538],[73.3607,20.3694],[73.3941,20.2704],[73.3638,20.1783],[73.2718,20.1934],[73.2433,20.1386],[73.1663,20.1149]],[[72.9472,20.1274],[72.7081,20.0726]]]}},{"type":"Feature","properties":{"name":null,"adm0_name":"India","adm0_a3":"IDN","min_zoom":4.6},"geometry":{"type":"MultiLineString","coordinates":[[[73.1663,20.1149],[73.0418,20.1577],[73.0468,20.2213],[73.1122,20.2549],[73.0499,20.3303],[72.8967,20.2215],[72.9472,20.1274]],[[72.8181,20.3788],[72.8749,20.4043],[72.847,20.4683]],[[71.006,20.7366],[70.9827,20.747],[70.9666,20.7291]]]}},{"type":"Feature","properties":{"name":null,"adm0_name":"India","adm0_a3":"IDN","min_zoom":4.6},"geometry":{"type":"LineString","coordinates":[[71.0566,24.6928],[71.2515,24.6368],[71.3784,24.6467],[71.5458,24.6881],[71.6519,24.658],[71.7509,24.6781],[71.9479,24.6626],[72.0509,24.7084],[72.0994,24.6566],[72.2617,24.6082],[72.2752,24.5684],[72.5009,24.4961],[72.5557,24.5067],[72.6676,24.4609],[72.747,24.3807],[72.8974,24.3606],[72.9587,24.3901],[72.9997,24.4933],[73.095,24.5036],[73.1372,24.3359],[73.0793,24.2043],[73.2456,24.0155],[73.3541,24.1047],[73.4239,23.9409],[73.364,23.8891],[73.3617,23.7842],[73.5108,23.6845],[73.6206,23.5826],[73.6188,23.4519],[73.7107,23.415],[73.8119,23.4346],[73.9045,23.3334],[73.9595,23.3588],[74.1058,23.2477],[74.109,23.1911],[74.2333,23.1559],[74.3235,23.0361]]}},{"type":"Feature","properties":{"name":null,"adm0_name":"India","adm0_a3":"IDN","min_zoom":4.6},"geometry":{"type":"LineString","coordinates":[[74.3235,23.0361],[74.365,22.875],[74.4266,22.8716],[74.4581,22.8041],[74.3764,22.651],[74.2727,22.6097],[74.1612,22.5167],[74.0631,22.5209],[74.0257,22.4796],[74.113,22.4107],[74.2215,22.4094],[74.2243,22.3492],[74.0564,22.2942],[74.0715,22.1978],[74.1419,22.0628],[74.1288,21.9518]]}},{"type":"Feature","properties":{"name":null,"adm0_name":"China","adm0_a3":"CHN","min_zoom":4.7},"geometry":{"type":"LineString","coordinates":[[121.4133,53.3173],[121.6072,53.2407],[121.8002,53.0236],[121.6915,52.9083],[121.5027,52.7747],[121.1739,52.595],[121.4909,52.4447],[121.6923,52.3885],[121.8313,52.2694],[122.0179,52.2831],[122.1737,52.4796],[122.3386,52.4537],[122.4918,52.2948],[122.7307,52.2489],[122.7751,52.2],[122.6377,52.095],[122.7542,51.8475],[122.7145,51.7017],[122.8355,51.5678],[122.8389,51.5106],[122.9562,51.3861],[123.0881,51.3125],[123.2717,51.2667],[123.4383,51.2731],[123.5696,51.2039],[123.7888,51.2328],[123.8663,51.3134],[124.0044,51.3017],[124.1621,51.3284],[124.3508,51.2786],[124.5019,51.3606],[124.6662,51.3353],[124.8206,51.3659],[125.0606,51.5344],[125.1275,51.6157],[125.3333,51.5827],[125.4866,51.5074],[125.5769,51.3893],[125.7195,51.2537],[125.8434,51.2062],[125.8707,51.1448],[125.9844,51.1042],[126.0563,50.9803],[126.001,50.9018],[125.824,50.7668],[125.8094,50.5622],[125.5308,50.393],[125.4184,50.1946],[125.2644,50.1057],[125.2952,50.0145],[125.1885,49.9419],[125.2348,49.848],[125.2196,49.6681],[125.1306,49.6366],[125.2357,49.5544],[125.2674,49.4385],[125.2229,49.22],[125.1581,49.1511],[124.8639,49.1754],[124.8216,49.0609],[124.6218,48.742],[124.6162,48.6676],[124.5381,48.5717],[124.5207,48.369],[124.5622,48.2362],[124.5205,48.1287],[124.4256,48.1744],[124.3272,48.3322],[124.3008,48.4919],[124.2341,48.5308],[124.0779,48.4483],[123.7269,48.1911],[123.5776,48.0543],[123.2933,47.9457],[123.2068,47.8138],[123.0954,47.7549],[122.7973,47.6436],[122.5654,47.5312],[122.4947,47.4102],[122.4052,47.3317],[122.574,47.1311],[122.7973,47.0337],[122.9962,46.8403],[123.1868,46.7616],[123.3305,46.8326],[123.38,46.8981],[123.4894,46.8173],[123.6087,46.7746],[123.5361,46.692],[123.3973,46.5978],[123.2915,46.5864],[123.0942,46.622],[123.0197,46.6123],[122.9889,46.4066],[123.1617,46.2201]]}},{"type":"Feature","properties":{"name":null,"adm0_name":"South Africa","adm0_a3":"ZAF","min_zoom":4.6},"geometry":{"type":"LineString","coordinates":[[25.4675,-30.6131],[25.483,-30.7558],[25.522,-30.8019],[25.5066,-30.9344],[25.4455,-31.0952],[25.3501,-31.2277],[25.2151,-31.2016],[24.968,-31.2839],[24.7652,-31.3891],[24.5587,-31.4018],[24.5126,-31.553],[24.4996,-31.7048],[24.3346,-31.7193],[24.1543,-31.758],[24.147,-31.7899]]}},{"type":"Feature","properties":{"name":null,"adm0_name":"South Africa","adm0_a3":"ZAF","min_zoom":4.6},"geometry":{"type":"LineString","coordinates":[[24.147,-31.7899],[23.9631,-31.7268],[23.8632,-31.7998],[23.8088,-31.7276],[23.6989,-31.6674],[23.4009,-31.6813],[23.2927,-31.7509],[23.1806,-31.89],[23.0698,-31.9765],[23.0265,-31.8865],[22.943,-31.8564],[22.7564,-31.8339],[22.6055,-31.7766],[22.4774,-31.653],[22.2915,-31.5702],[22.1444,-31.8542],[22.0888,-31.8931],[22.1012,-32.0574],[21.9714,-32.1958],[21.8527,-32.243],[21.7158,-32.2124],[21.5534,-32.2415],[21.4231,-32.3485],[21.3052,-32.3767],[21.1922,-32.4591],[21.1178,-32.6072],[20.8651,-32.6769],[20.8234,-32.7162],[20.7841,-32.8615],[20.7051,-32.9181],[20.5458,-32.9022],[20.4212,-32.9369],[20.2093,-32.7643],[20.1232,-32.5965],[20.0823,-32.4117],[20.2128,-32.2836],[20.1392,-32.1896],[19.9246,-32.3574],[19.8013,-32.3728],[19.7039,-32.4377],[19.6098,-32.4575],[19.5336,-32.6376],[19.4729,-32.5835],[19.4875,-32.4655],[19.4251,-32.31],[19.4926,-32.232],[19.4707,-32.0782],[19.3192,-32.0223],[19.2108,-31.9135],[19.0286,-31.8932],[19.0718,-31.7481],[19.0667,-31.5772],[19.0167,-31.4948],[18.9969,-31.2899],[18.9373,-31.1971],[18.905,-31.0095],[18.9283,-30.9422],[18.9387,-30.724],[18.8426,-30.6951],[18.7352,-30.577],[18.5608,-30.4707],[18.4643,-30.5263],[18.4106,-30.4999],[18.3363,-30.6544],[18.2472,-30.7828],[18.1569,-30.8217],[18.024,-30.7751],[17.8915,-30.9343],[17.7671,-31.1558]]}},{"type":"Feature","properties":{"name":null,"adm0_name":"South Africa","adm0_a3":"ZAF","min_zoom":4.6},"geometry":{"type":"LineString","coordinates":[[22.6209,-26.1115],[22.7052,-26.1297],[22.702,-26.41],[22.8151,-26.4477],[22.8507,-26.3985],[22.9153,-26.1551],[22.9864,-26.1609],[23.0575,-26.1],[23.0995,-25.9868],[23.3741,-26.0158],[23.3515,-26.0797],[23.2287,-26.0594],[23.2222,-26.1203],[23.303,-26.1435],[23.2222,-26.2682],[23.2836,-26.3435],[23.2707,-26.4795],[23.4581,-26.5286],[23.5809,-26.6153],[23.4937,-26.7366],[23.8458,-26.8865],[23.9266,-26.8664],[23.988,-26.9125],[24.0235,-27.0161],[23.9622,-27.0996],[23.8943,-27.2577],[24.0849,-27.3589],[24.0362,-27.4747],[24.0434,-27.5852],[24.1156,-27.6283],[24.1124,-27.7427],[24.4075,-27.6844],[24.4452,-27.7828],[24.3626,-27.8989],[24.4471,-27.9772],[24.4384,-28.0376],[24.5197,-28.0996],[24.6113,-28.0001],[24.6212,-27.9043],[24.6913,-27.8264],[24.6713,-27.6717],[24.7958,-27.6111],[24.8149,-27.6872],[24.972,-27.6855],[25.0267,-27.7077],[24.842,-27.906],[24.9324,-28.0966],[25.0135,-28.0682]]}},{"type":"Feature","properties":{"name":null,"adm0_name":"South Africa","adm0_a3":"ZAF","min_zoom":4.6},"geometry":{"type":"LineString","coordinates":[[25.0135,-28.0682],[25.0099,-28.1151],[24.916,-28.3174],[24.8451,-28.5194],[24.8743,-28.6499],[24.6551,-29.0693],[24.3408,-29.649],[24.4091,-29.7645],[24.6575,-29.8956],[24.6704,-29.9501],[24.7845,-29.9882],[24.9069,-30.2012],[25.0293,-30.2831],[25.0435,-30.3302],[25.1849,-30.4557],[25.4675,-30.6131]]}},{"type":"Feature","properties":{"name":null,"adm0_name":"India","adm0_a3":"IDN","min_zoom":4.6},"geometry":{"type":"LineString","coordinates":[[95.2465,26.6546],[95.2353,26.7906],[95.2022,26.8667],[95.2254,26.9742],[95.1764,27.0332]]}},{"type":"Feature","properties":{"name":null,"adm0_name":"India","adm0_a3":"IDN","min_zoom":4.6},"geometry":{"type":"LineString","coordinates":[[95.1764,27.0332],[95.2612,27.0489],[95.4238,27.1413],[95.4934,27.25],[95.5459,27.2739],[95.6438,27.2303],[95.7996,27.2859],[95.9037,27.2761],[96.0072,27.3651],[95.9783,27.4497],[95.8796,27.4626],[95.8868,27.557],[95.8043,27.6194],[95.7759,27.7173],[95.9007,27.8654],[95.9641,27.9933],[95.7168,27.9902],[95.5436,27.9021],[95.4084,27.8708],[95.3132,27.8958],[94.9593,27.7734]]}},{"type":"Feature","properties":{"name":null,"adm0_name":"India","adm0_a3":"IDN","min_zoom":4.6},"geometry":{"type":"LineString","coordinates":[[76.7398,33.1974],[76.6259,33.1893],[76.5586,33.2315],[76.3967,33.1977],[76.2943,33.1479],[76.2159,33.0511],[76.1008,33.0131],[75.9724,32.911],[75.8264,32.9381],[75.8049,32.8986],[75.9093,32.7727],[75.9226,32.6173],[75.8474,32.5167]]}},{"type":"Feature","properties":{"name":null,"adm0_name":"India","adm0_a3":"IDN","min_zoom":4.6},"geometry":{"type":"LineString","coordinates":[[75.8474,32.5167],[75.743,32.4644],[75.6826,32.3998],[75.612,32.3955],[75.5024,32.3006],[75.3904,32.3355],[75.2984,32.3324]]}},{"type":"Feature","properties":{"name":null,"adm0_name":"China","adm0_a3":"CHN","min_zoom":4.6},"geometry":{"type":"LineString","coordinates":[[97.7157,32.5442],[98.0142,32.4645],[98.0806,32.4047],[98.2058,32.3556],[98.2202,32.2522],[98.3096,32.1287],[98.453,31.9841],[98.4208,31.8782],[98.4455,31.8036],[98.5587,31.6771],[98.5922,31.5988],[98.885,31.3541],[98.7678,31.2304],[98.6827,31.3159],[98.6114,31.2562],[98.6203,31.1879],[98.803,30.991],[98.7751,30.9022],[98.9543,30.7479],[98.9054,30.6638],[98.9328,30.4907],[98.9607,30.46],[98.9868,30.1444],[99.0341,30.0553],[99.0563,29.9153],[99.0055,29.8201],[98.9868,29.6509],[99.042,29.5625],[99.0625,29.3083],[99.1088,29.2238]]}},{"type":"Feature","properties":{"name":null,"adm0_name":"China","adm0_a3":"CHN","min_zoom":4.6},"geometry":{"type":"LineString","coordinates":[[99.1088,29.2238],[98.9902,29.202],[99.0063,29.0732],[98.9324,28.9863],[98.9089,28.9124],[98.9456,28.842],[98.8735,28.8118],[98.8204,28.886],[98.785,29.0002],[98.6648,28.9742],[98.6387,28.8787],[98.6781,28.7571],[98.5892,28.6703],[98.6404,28.4241],[98.5758,28.3175],[98.4899,28.2481],[98.41,28.2506],[98.2998,28.3548],[98.2302,28.2029],[98.0994,28.14]]}},{"type":"Feature","properties":{"name":null,"adm0_name":"Russia","adm0_a3":"RUS","min_zoom":4.7},"geometry":{"type":"LineString","coordinates":[[88.7357,51.5594],[88.9554,51.4384],[88.9458,51.2283],[89.0322,51.1843],[89.0524,51.0646],[89.3836,50.8576],[89.6737,50.579],[89.7797,50.5669],[89.8692,50.4851],[89.8436,50.4299],[89.508,50.3624],[89.3903,50.3193],[89.3364,50.2096],[89.5014,50.2068],[89.5526,50.0523],[89.6439,49.9031]]}},{"type":"Feature","properties":{"name":null,"adm0_name":"Russia","adm0_a3":"RUS","min_zoom":4.7},"geometry":{"type":"LineString","coordinates":[[27.6698,58.9819],[27.8732,59.0144],[28.131,58.9901],[28.2718,58.8565],[28.5517,58.8651],[28.7566,58.827],[28.9465,58.8198],[28.9748,58.7799],[29.2315,58.7062],[29.4491,58.5945],[29.5387,58.4799],[29.7858,58.4403],[29.975,58.4447]]}},{"type":"Feature","properties":{"name":null,"adm0_name":"Russia","adm0_a3":"RUS","min_zoom":4.7},"geometry":{"type":"LineString","coordinates":[[87.1732,52.6116],[87.334,52.5975],[87.3703,52.5183],[87.5789,52.4873],[87.6355,52.4498],[87.9238,52.5476],[88.201,52.4159],[88.4132,52.4551],[88.4183,52.3507],[88.3631,52.2987],[88.3648,52.168]]}},{"type":"Feature","properties":{"name":null,"adm0_name":"Russia","adm0_a3":"RUS","min_zoom":4.7},"geometry":{"type":"LineString","coordinates":[[88.3648,52.168],[88.1215,52.0983],[87.8391,51.8106],[88.0864,51.7136],[87.9674,51.5976],[87.8615,51.5494],[88.1057,51.4322],[88.1316,51.3859],[88.3637,51.3198],[88.5077,51.3164],[88.6654,51.4236],[88.6593,51.5349],[88.7357,51.5594]]}},{"type":"Feature","properties":{"name":null,"adm0_name":"China","adm0_a3":"CHN","min_zoom":4.6},"geometry":{"type":"LineString","coordinates":[[101.7775,33.53],[101.6134,33.5119],[101.5769,33.6305],[101.4956,33.7046],[101.3996,33.6451],[101.1603,33.6641],[101.1655,33.756],[101.1295,33.8506],[101.009,33.8815],[100.948,33.9298],[100.7917,34.1549],[100.8155,34.2946],[100.9353,34.3863],[101.0358,34.3389],[101.256,34.3005],[101.3237,34.2595],[101.6117,34.1912],[101.6472,34.136],[101.7804,34.0675],[101.8625,34.1414],[102.012,34.1776],[102.0765,34.267],[102.2123,34.3515],[102.1503,34.4951],[102.0134,34.536],[101.9319,34.5911],[101.9139,34.6614],[101.7934,34.6319],[101.7551,34.7037],[101.9232,34.7873],[101.9128,34.8448],[102.0094,34.9421],[102.2671,35.0559],[102.3756,35.2037],[102.3177,35.275],[102.2893,35.4069],[102.4264,35.4353],[102.535,35.5356],[102.7022,35.524],[102.7213,35.6191],[102.6799,35.7568],[102.7003,35.8395],[102.8375,35.8608],[102.976,35.8333],[102.9995,35.9907],[102.9333,36.0861],[103.0404,36.2165],[102.8945,36.3094],[102.8186,36.3261],[102.7697,36.4976],[102.6982,36.6089],[102.6108,36.6572],[102.6152,36.7288],[102.6747,36.8016],[102.4601,36.9557],[102.4958,37.0891],[102.5506,37.1638],[102.4266,37.2781],[102.2455,37.3809],[102.142,37.4067],[102.0327,37.4789],[102.0672,37.5483],[101.9959,37.6145],[101.9371,37.7307],[101.7656,37.525],[101.6465,37.6119],[101.2929,37.7989],[101.0498,37.9637],[100.6357,38.1054],[100.5543,38.2521],[100.4974,38.2894],[100.3578,38.307],[100.1408,38.4858],[100.0831,38.3945],[100.1555,38.3028],[100.079,38.2784],[99.7999,38.3657],[99.5572,38.5154],[99.4963,38.6011],[99.0993,38.8896],[99.0948,38.9578],[98.9621,38.9818],[98.9019,39.0356],[98.7819,39.0677],[98.6022,38.9476],[98.4446,38.9573],[98.3243,39.0233],[98.2626,38.9317],[98.0686,38.8018],[98.0205,38.8362],[97.6976,38.981],[97.6749,39.005],[97.3626,39.1504],[97.1375,39.2032],[97.0265,39.1962],[96.9625,39.1032],[96.9911,38.9968],[96.9709,38.8642],[96.9812,38.7443],[96.9424,38.6391],[96.9712,38.5673],[96.9455,38.3582],[96.8451,38.3564],[96.5104,38.4701],[96.5026,38.549],[96.3155,38.6269],[96.0548,38.6788],[96.0076,38.7517],[95.8919,38.7837],[95.7882,38.8623],[95.7216,38.8747],[95.5658,39.0152],[95.4609,39.0466],[95.3053,39.1828],[95.0572,39.1475],[94.9124,39.1982],[94.7246,39.2368],[94.6311,39.2954],[94.4793,39.3178],[94.117,39.3219],[93.9089,39.2856],[93.7221,39.3067],[93.502,39.2719],[93.4052,39.217],[93.2756,39.1887],[93.1403,39.1987],[93.0357,39.1521],[92.936,39.1529]]}},{"type":"Feature","properties":{"name":null,"adm0_name":"Russia","adm0_a3":"RUS","min_zoom":4.7},"geometry":{"type":"LineString","coordinates":[[84.0667,50.629],[84.1828,50.6606],[84.5416,50.6911],[84.5998,50.8584],[84.528,50.8814],[84.4713,50.9732],[84.2515,51.0024],[84.018,51.0638],[84.0144,51.1376],[84.1719,51.1438],[84.2695,51.2752],[84.3942,51.266],[84.7052,51.3955],[84.9369,51.4296],[85.0077,51.489],[85.2391,51.4708],[85.3135,51.5693],[85.4277,51.5597],[85.5368,51.7001],[85.6699,51.754],[85.7403,51.8606],[85.8765,51.9194],[85.8342,51.9713],[85.9396,52.075],[86.1496,52.0702],[86.2654,52.0124],[86.4399,52.0229],[86.5052,52.12],[86.7544,52.1087],[86.8145,52.1447],[86.8059,52.2922],[86.6177,52.3717],[86.8407,52.6483],[86.9521,52.6346],[87.1166,52.6678],[87.1732,52.6116]]}},{"type":"Feature","properties":{"name":null,"adm0_name":"China","adm0_a3":"CHN","min_zoom":4.6},"geometry":{"type":"LineString","coordinates":[[107.2855,37.0685],[107.2996,36.9072],[107.5009,36.8908],[107.5489,36.84],[107.6955,36.8251],[107.8865,36.7554],[108.0417,36.5977],[108.3564,36.546],[108.4413,36.4613],[108.6065,36.432],[108.7037,36.359],[108.6499,36.2265],[108.6998,36.1255],[108.6771,36.0052],[108.4931,35.8812],[108.5232,35.776],[108.51,35.7009],[108.6037,35.5479],[108.6172,35.3928],[108.4926,35.2725],[108.2768,35.2628],[108.155,35.2906],[107.9787,35.2235],[107.9229,35.2669],[107.7417,35.3184],[107.6705,35.228],[107.8303,34.9767],[107.71,34.9514],[107.5696,34.9654],[107.4969,34.9258],[107.3208,34.9422],[107.2109,34.8918],[107.0515,35.0381],[106.9148,35.089],[106.5646,35.0796],[106.4912,35.0301],[106.5008,34.9262],[106.5497,34.8626],[106.4915,34.741],[106.3177,34.5833],[106.3684,34.5202],[106.4983,34.5202],[106.6141,34.4587],[106.6736,34.3847],[106.656,34.2542],[106.554,34.2808],[106.5874,34.1375],[106.5137,34.1066],[106.4302,33.9421],[106.4798,33.8682],[106.4547,33.8033],[106.4817,33.7009],[106.5595,33.5986],[106.4955,33.5436],[106.3927,33.6188],[106.1706,33.5622],[106.0735,33.6175],[105.9929,33.6106],[105.9517,33.5532],[105.8324,33.4975],[105.7853,33.4063],[105.718,33.3887],[105.7472,33.294],[105.9127,33.2337],[105.9106,33.0317],[105.8865,32.978],[105.6393,32.8855],[105.4986,32.9074]]}},{"type":"Feature","properties":{"name":null,"adm0_name":"China","adm0_a3":"CHN","min_zoom":4.6},"geometry":{"type":"LineString","coordinates":[[105.4986,32.9074],[105.4309,32.9115],[105.3864,32.8234],[105.4352,32.7736],[105.27,32.6417],[105.1468,32.6083],[105.0318,32.6387],[104.8983,32.6118],[104.841,32.6398],[104.6454,32.6579],[104.5584,32.6883],[104.4057,32.8094],[104.2889,32.8479],[104.3213,32.9527],[104.3776,32.9588],[104.4059,33.0633],[104.3282,33.1404],[104.2806,33.2721],[104.2929,33.3636],[104.1747,33.4902],[104.1563,33.624],[104.093,33.6685],[103.9151,33.6833],[103.7451,33.676],[103.6594,33.7105],[103.5228,33.7141],[103.5586,33.8069],[103.3507,33.7557],[103.272,33.7652],[103.1842,33.8221],[103.1932,33.8838],[103.1421,33.9615],[103.1524,34.1085],[103.1201,34.1686],[103.0006,34.214],[102.9306,34.2956],[102.7818,34.2742],[102.5978,34.1655],[102.6176,34.0835],[102.4406,34.0597],[102.372,33.976],[102.3194,33.9874],[102.1712,33.9418],[102.3431,33.7252],[102.356,33.6094],[102.4818,33.5401],[102.4818,33.465],[102.2788,33.3778],[102.131,33.2847],[102.0994,33.2222],[102.0042,33.2188],[101.8637,33.1226],[101.8322,33.2692],[101.9232,33.4064],[101.884,33.5463],[101.7775,33.53]]}},{"type":"Feature","properties":{"name":null,"adm0_name":"China","adm0_a3":"CHN","min_zoom":4.6},"geometry":{"type":"LineString","coordinates":[[104.3585,37.4012],[104.2625,37.3903],[104.1085,37.4618],[103.8637,37.6264],[103.6787,37.775],[103.4382,37.8424],[103.3875,37.9991],[103.3881,38.102],[103.5217,38.1398],[103.4712,38.4359],[103.7943,38.5908],[103.9795,38.759],[104.0426,38.8741],[104.1716,38.9595],[104.2248,39.0907],[104.06,39.3078],[104.024,39.4411],[103.7493,39.4249],[103.4638,39.3572],[103.284,39.293],[102.9654,39.1194],[102.8306,39.1302],[102.5935,39.1779],[102.3931,39.2372],[101.8255,39.0644],[102.0228,38.8927],[102.0204,38.8569],[101.8311,38.6898],[101.5802,38.6882],[101.414,38.7492],[101.3198,38.7582],[101.3279,38.8257],[101.2478,38.87],[101.18,39.0206],[101.0485,39.0008],[100.8886,39.1052],[100.852,39.1675],[100.8332,39.3801],[100.7895,39.4079],[100.5435,39.4089],[100.455,39.4956],[100.3068,39.5498],[100.2866,39.6273],[100.1889,39.6949],[100.0435,39.7277],[99.6861,39.876],[99.4309,39.8788],[99.5325,40.0008],[99.627,40.0692],[99.8994,40.2048],[100.0142,40.4025],[100.14,40.5181],[100.2038,40.617],[100.176,40.7351],[100.0755,40.859],[100.0112,40.8963],[99.6645,40.9013],[99.496,40.8429],[99.1574,40.8363],[98.8257,40.7266],[98.6458,40.5676],[98.5152,40.5335],[98.2348,40.5417],[98.3265,40.8557],[98.2939,40.9166],[98.2038,40.9512],[97.9505,41.1198],[97.7085,41.3494],[97.6476,41.4555],[97.6796,41.5023],[97.8469,41.6193],[97.1907,42.7871]]}},{"type":"Feature","properties":{"name":null,"adm0_name":"China","adm0_a3":"CHN","min_zoom":4.6},"geometry":{"type":"LineString","coordinates":[[104.3585,37.4012],[104.4645,37.4402],[104.6895,37.4119],[104.7224,37.3393],[104.6214,37.2493],[104.7089,37.215],[104.7647,37.2505],[104.8554,37.2182],[104.9224,37.0968],[105.1802,36.9721],[105.3217,36.7807],[105.2205,36.693],[105.2687,36.5502],[105.3928,36.3844],[105.4459,36.2546],[105.4374,36.1067],[105.3515,36.0576],[105.3181,35.9332],[105.4318,35.7564],[105.687,35.6605],[105.8294,35.4936],[105.9361,35.5248],[106.0651,35.4877],[106.1124,35.4247],[106.2107,35.3952],[106.3134,35.2736],[106.3778,35.2607],[106.4649,35.3324],[106.4951,35.5531],[106.4293,35.6994],[106.4696,35.7274],[106.7671,35.7066],[106.9134,35.7888],[106.8432,35.8822],[106.9148,35.9071],[106.9448,36.0769],[106.8137,36.2116],[106.7449,36.2066],[106.6039,36.2778],[106.4966,36.2684],[106.4954,36.4367],[106.44,36.5148],[106.494,36.5598],[106.5024,36.7065],[106.6022,36.7258],[106.649,36.8342],[106.5748,36.9313],[106.6339,36.9979],[106.6441,37.1817],[106.7907,37.1897],[106.9329,37.1072],[107.1878,37.1171],[107.2855,37.0685]]}},{"type":"Feature","properties":{"name":null,"adm0_name":"China","adm0_a3":"CHN","min_zoom":4.6},"geometry":{"type":"LineString","coordinates":[[111.11,39.3852],[111.041,39.423],[111.1371,39.565],[111.0131,39.5649],[110.8457,39.4652],[110.6849,39.2644],[110.6034,39.2672],[110.4942,39.3743],[110.3381,39.3181],[110.2252,39.4241],[110.1092,39.4284],[110.1769,39.2852],[109.9633,39.1813],[109.8206,39.0545],[109.6743,39.0112],[109.6353,38.9058],[109.538,38.7852],[109.4239,38.7691],[109.3132,38.6205],[109.16,38.5421],[108.9864,38.3352],[108.9535,38.1991],[109.028,38.111],[109.001,37.9885],[108.9543,37.9255],[108.8633,37.9876],[108.7907,37.9418],[108.7643,37.6819],[108.4964,37.6686],[108.333,37.6336],[108.0387,37.6325],[107.9911,37.7257],[107.885,37.8016],[107.6576,37.8529]]}},{"type":"Feature","properties":{"name":null,"adm0_name":"China","adm0_a3":"CHN","min_zoom":4.6},"geometry":{"type":"LineString","coordinates":[[107.6576,37.8529],[107.4047,37.9217],[107.3242,38.0659],[107.1626,38.1386],[107.0608,38.1149],[106.8292,38.1504],[106.4701,38.2907],[106.645,38.4592],[106.7044,38.6372],[106.9317,38.9211],[106.9778,39.0356],[106.9119,39.0692],[106.8082,39.1991],[106.7891,39.361],[106.6141,39.3583],[106.4969,39.2858],[106.347,39.2938],[106.2757,39.2692],[106.2834,39.1565],[106.1132,39.1208],[106.0603,38.9791],[105.8966,38.7362],[105.8412,38.5713],[105.8281,38.2268],[105.7556,38.1355],[105.8247,38.0055],[105.7881,37.8051],[105.6587,37.7398],[105.5341,37.725],[105.3544,37.7526],[105.0849,37.6607],[104.9443,37.5457],[104.647,37.5066],[104.5224,37.53],[104.4252,37.4986],[104.3585,37.4012]]}},{"type":"Feature","properties":{"name":null,"adm0_name":"China","adm0_a3":"CHN","min_zoom":4.6},"geometry":{"type":"LineString","coordinates":[[119.231,41.2734],[119.1527,41.3122],[118.7279,41.3473],[118.4784,41.3551],[118.3703,41.314],[118.3136,41.5696],[118.2444,41.5923],[118.1594,41.7191],[118.2782,41.7527],[118.3222,41.8635],[118.2679,42.0739],[118.1339,42.0219],[118.086,42.1817],[117.9893,42.2216],[118.0402,42.2888],[118.0242,42.3826],[117.8005,42.5688],[117.7426,42.5911],[117.5936,42.5516],[117.4504,42.5493],[117.4124,42.4581],[117.2439,42.4823],[117.0559,42.4628],[116.8871,42.3954],[116.8266,42.3082],[116.8789,42.2202],[116.8581,42.0195],[116.5997,41.9237],[116.4661,41.9476],[116.3775,42.0097],[116.2072,41.884],[116.1299,41.8729],[116.0379,41.8006],[115.9373,41.9275],[115.8588,41.9275],[115.5275,41.7723],[115.3398,41.7208],[115.3474,41.6241],[115.2259,41.5858],[115.0974,41.6162],[114.889,41.61],[114.8758,41.8117],[114.9313,41.8386],[114.9203,41.9369],[114.8049,42.1784],[114.7519,42.1399],[114.5963,42.1413],[114.4813,42.0753],[114.4197,41.9563],[114.2557,41.8601],[114.2135,41.7669],[114.1971,41.5936],[114.0273,41.5313],[113.928,41.4184],[113.9089,41.294],[113.9849,41.2409],[113.9638,41.1534],[113.8807,41.0993],[113.908,41.0281],[114.0186,40.9236],[114.0601,40.8137],[114.1541,40.7426]]}},{"type":"Feature","properties":{"name":null,"adm0_name":"China","adm0_a3":"CHN","min_zoom":4.6},"geometry":{"type":"LineString","coordinates":[[114.1541,40.7426],[114.027,40.6352],[114.0755,40.5502],[114.0438,40.488],[113.8085,40.4342],[113.6766,40.4285],[113.5183,40.3437],[113.3341,40.3187],[113.2299,40.4167],[113.0865,40.4044],[112.9614,40.3559],[112.8438,40.2257],[112.7342,40.1728],[112.5958,40.2378],[112.3992,40.2883],[112.2793,40.229],[112.1651,40.0593],[112.099,40.0054],[111.9215,39.6888],[111.7612,39.598],[111.6749,39.6359],[111.4899,39.6522],[111.4254,39.6254],[111.4212,39.5221],[111.3427,39.4444],[111.1994,39.4272],[111.11,39.3852]]}},{"type":"Feature","properties":{"name":null,"adm0_name":"China","adm0_a3":"CHN","min_zoom":4.6},"geometry":{"type":"LineString","coordinates":[[123.1617,46.2201],[123.0689,46.1087],[122.7987,46.0893],[122.8006,45.9131],[122.7734,45.7885],[122.647,45.7251],[122.4979,45.8254],[122.3986,45.9492],[122.2398,45.8135],[121.996,45.9803],[121.7737,46.0103],[121.8148,45.9137],[121.6664,45.7158],[121.7849,45.676],[121.9344,45.69],[121.9639,45.5675],[122.0271,45.4845],[122.1365,45.4491],[122.234,45.2871],[122.1918,45.201],[122.0108,45.1183],[122.0381,44.9344],[122.0226,44.8467],[122.046,44.6949],[122.0882,44.6197],[122.2819,44.4287],[122.2541,44.2459],[122.3766,44.22],[122.7154,44.3356],[122.9553,44.4468],[123.0445,44.5133],[123.1238,44.4944],[123.1165,44.4065],[123.1682,44.3668],[123.2576,44.2041],[123.3591,44.1513],[123.3223,44.0419],[123.5222,43.697],[123.49,43.5914],[123.3614,43.5398],[123.3781,43.4532],[123.6059,43.3651],[123.6963,43.3535]]}},{"type":"Feature","properties":{"name":null,"adm0_name":"China","adm0_a3":"CHN","min_zoom":4.6},"geometry":{"type":"LineString","coordinates":[[123.6963,43.3535],[123.612,43.0814],[123.3544,43.0123],[123.1819,42.9441],[123.1313,42.8264],[122.8928,42.7449],[122.7279,42.741],[122.4764,42.8496],[122.3669,42.7991],[122.4257,42.722],[122.3996,42.6583],[122.2994,42.6365],[122.045,42.7209],[121.9183,42.6466],[121.8778,42.5396],[121.7237,42.4577],[121.6461,42.4536],[121.5444,42.5352],[121.3689,42.5],[121.0342,42.2601],[120.9126,42.2966],[120.7351,42.2279],[120.6279,42.1604],[120.5092,42.1487],[120.4688,42.038],[120.3402,41.9658],[120.1408,41.7893],[120.1076,41.7065],[120.0264,41.7338],[120.0303,41.8606],[119.9602,41.9718],[119.8919,41.9995],[119.8082,42.1202],[119.8215,42.2086],[119.6294,42.2505],[119.5628,42.3718],[119.3357,42.2894],[119.2453,42.1919],[119.3659,42.1005],[119.3217,41.9654],[119.3308,41.8675],[119.2986,41.7773],[119.3156,41.6578],[119.3897,41.4726],[119.3616,41.375],[119.231,41.2734]]}},{"type":"Feature","properties":{"name":null,"adm0_name":"Russia","adm0_a3":"RUS","min_zoom":4.7},"geometry":{"type":"LineString","coordinates":[[44.8385,43.5841],[45.0467,43.4943],[45.121,43.2041],[45.1693,43.1274],[45.1372,43.0746],[45.1613,42.9464],[45.1366,42.8351],[45.1718,42.7917],[45.076,42.6914]]}},{"type":"Feature","properties":{"name":null,"adm0_name":"Russia","adm0_a3":"RUS","min_zoom":4.7},"geometry":{"type":"LineString","coordinates":[[44.8387,43.6611],[45,43.7046],[45.0799,43.7877],[45.0834,43.9528],[45.1897,43.9517],[45.2374,43.8802],[45.4318,43.8786],[45.4591,43.9999],[45.5094,44.0152]]}},{"type":"Feature","properties":{"name":null,"adm0_name":"Russia","adm0_a3":"RUS","min_zoom":4.7},"geometry":{"type":"LineString","coordinates":[[44.8387,43.6611],[44.8385,43.5841]]}},{"type":"Feature","properties":{"name":null,"adm0_name":"Russia","adm0_a3":"RUS","min_zoom":4.7},"geometry":{"type":"LineString","coordinates":[[44.8385,43.5841],[44.7675,43.6198],[44.6159,43.6099],[44.522,43.5645],[44.4987,43.3921],[44.5724,43.3925],[44.5749,43.2403],[44.7129,43.2179],[44.8184,43.1629],[44.9153,43.0709],[44.9366,42.9202],[44.8522,42.8364],[44.6284,42.8828],[44.6388,42.7401]]}},{"type":"Feature","properties":{"name":null,"adm0_name":"Russia","adm0_a3":"RUS","min_zoom":4.7},"geometry":{"type":"LineString","coordinates":[[44.2849,43.8189],[44.3278,43.6642],[44.4331,43.6541],[44.3798,43.4902],[44.1811,43.3567],[44.1078,43.4307],[44.0357,43.3648],[44.0843,43.2744],[43.8982,43.2539],[43.8481,43.3101],[43.7352,43.1102],[43.5662,42.9388],[43.4369,42.9504],[43.3862,42.8869]]}},{"type":"Feature","properties":{"name":null,"adm0_name":"Russia","adm0_a3":"RUS","min_zoom":4.7},"geometry":{"type":"LineString","coordinates":[[44.2849,43.8189],[44.3993,43.7952],[44.6936,43.8299],[44.8035,43.8021],[44.8387,43.6611]]}},{"type":"Feature","properties":{"name":null,"adm0_name":"Russia","adm0_a3":"RUS","min_zoom":4.7},"geometry":{"type":"LineString","coordinates":[[42.6832,43.8072],[42.6714,43.6956],[42.46,43.6154],[42.4787,43.4998],[42.4047,43.3954],[42.4043,43.2837],[42.3626,43.2352]]}},{"type":"Feature","properties":{"name":null,"adm0_name":"Russia","adm0_a3":"RUS","min_zoom":4.7},"geometry":{"type":"LineString","coordinates":[[42.6832,43.8072],[42.8521,43.8171],[42.9751,43.891],[43.1112,43.8965],[43.1748,43.9478],[43.266,43.9098],[43.3,43.824],[43.5018,43.8666],[43.7287,43.8387],[43.8034,43.9405],[43.9061,43.9942],[44.2585,43.9246],[44.2849,43.8189]]}},{"type":"Feature","properties":{"name":null,"adm0_name":"Russia","adm0_a3":"RUS","min_zoom":4.7},"geometry":{"type":"LineString","coordinates":[[39.7515,45.1265],[39.6416,45.193],[39.54,45.1556],[39.3242,45.0012],[39.0423,44.9659],[38.921,45.0165],[38.7282,45.0125],[38.7604,44.9386],[39.0638,44.8103],[39.5527,44.8065],[39.6316,44.8576],[39.4893,44.9666],[39.4951,45.0307],[39.6392,45.034],[39.7503,44.9347],[39.8838,45.0074],[40.0198,44.7238],[39.9149,44.6986],[39.9148,44.5829],[39.8743,44.4725],[39.7926,44.3571],[39.9078,44.3246],[39.9709,44.256],[40.0782,44.2442],[39.9885,44.0776],[39.9047,44.0767],[39.8003,44.1898],[39.718,44.1178],[39.7543,44.0609],[39.7297,43.918],[39.9305,43.8981],[40.279,43.7512],[40.3364,43.7692],[40.4552,43.981],[40.3834,44.0334],[40.3665,44.1981],[40.4365,44.2844],[40.4078,44.3429],[40.4064,44.4993],[40.3271,44.564],[40.3936,44.7253],[40.5542,44.7198],[40.6245,44.767],[40.5276,44.9152],[40.4155,44.9999],[40.1742,45.1096],[39.9643,45.0748],[39.7515,45.1265]]}},{"type":"Feature","properties":{"name":null,"adm0_name":"Russia","adm0_a3":"RUS","min_zoom":4.7},"geometry":{"type":"LineString","coordinates":[[41.7294,44.4586],[41.9046,44.4948],[41.9446,44.4029],[42.038,44.3639],[42.2298,44.3437],[42.3459,44.3056],[42.4991,44.2989],[42.5555,44.2449],[42.3031,44.1285],[42.306,44.0577],[42.3781,43.9715],[42.497,44.0304],[42.6601,43.9167],[42.6832,43.8072]]}},{"type":"Feature","properties":{"name":null,"adm0_name":"Russia","adm0_a3":"RUS","min_zoom":4.7},"geometry":{"type":"LineString","coordinates":[[41.1624,45.9536],[41.2606,45.872],[41.2744,45.7541],[41.1722,45.7016],[40.8703,45.6959],[40.8408,45.5388],[40.9248,45.4299],[41.0081,45.3848],[41.0383,45.2182],[41.2601,45.2281],[41.3596,45.212],[41.3471,45.1219],[41.4693,44.987],[41.6415,44.981],[41.651,44.8966],[41.5384,44.7363],[41.4175,44.7078],[41.5666,44.546],[41.7019,44.5014],[41.7294,44.4586]]}},{"type":"Feature","properties":{"name":null,"adm0_name":"Russia","adm0_a3":"RUS","min_zoom":4.7},"geometry":{"type":"LineString","coordinates":[[41.7294,44.4586],[41.6022,44.3675],[41.704,44.3084],[41.7115,44.243],[41.6325,44.1219],[41.5385,44.0853],[41.4495,43.9939],[41.2825,44.0116],[41.2559,44.0806],[40.9854,44.1156],[40.9507,43.9894],[40.7817,43.9268],[40.7239,43.8105],[40.7234,43.6315],[40.69,43.5231]]}},{"type":"Feature","properties":{"name":null,"adm0_name":"Russia","adm0_a3":"RUS","min_zoom":4.7},"geometry":{"type":"LineString","coordinates":[[31.4674,55.729],[31.1869,55.7372],[31.0473,55.7685],[30.9071,55.5778]]}},{"type":"Feature","properties":{"name":null,"adm0_name":"Russia","adm0_a3":"RUS","min_zoom":4.7},"geometry":{"type":"LineString","coordinates":[[38.6656,46.8798],[38.6905,46.8215],[38.883,46.808],[38.8492,46.7126],[38.8845,46.6348],[39.099,46.6013],[39.1804,46.6884],[39.4435,46.8089],[39.5775,46.7775],[39.8165,46.7846],[40.0234,46.7648],[40.1315,46.7223],[40.0447,46.6164],[40.0587,46.5424],[40.2144,46.5249],[40.2841,46.4035],[40.2336,46.3585],[40.3395,46.2799],[40.7346,46.2762],[40.7566,46.2325],[40.9535,46.198],[40.9996,46.1266],[41.1259,46.0679],[41.1624,45.9536]]}},{"type":"Feature","properties":{"name":null,"adm0_name":"Russia","adm0_a3":"RUS","min_zoom":4.7},"geometry":{"type":"LineString","coordinates":[[29.975,58.4447],[29.6585,58.2436],[29.6794,58.0773],[29.8203,58.0835],[29.9505,57.944],[30.1677,57.9116],[30.53,57.8866],[30.5197,57.7418],[30.4721,57.6822],[30.6088,57.6174],[30.4928,57.4876],[30.5156,57.3181],[30.7731,57.2577],[30.6468,57.1908],[30.6448,56.9819],[30.7997,56.9532],[31.0001,56.9652]]}},{"type":"Feature","properties":{"name":null,"adm0_name":"Russia","adm0_a3":"RUS","min_zoom":4.7},"geometry":{"type":"LineString","coordinates":[[31.0001,56.9652],[30.8963,56.8967],[30.8901,56.8077],[30.8168,56.7203],[30.9131,56.6564],[31.0801,56.6228],[31.0166,56.5191],[31.2154,56.4354],[31.2311,56.3462],[31.4915,56.3013],[31.4745,56.1191],[31.4975,56.0289],[31.3447,55.964],[31.4128,55.8898],[31.4674,55.729]]}},{"type":"Feature","properties":{"name":null,"adm0_name":"India","adm0_a3":"IDN","min_zoom":4.6},"geometry":{"type":"LineString","coordinates":[[81.394,17.8067],[81.2452,17.8037],[81.1477,17.8366],[81.0449,17.7761],[80.9856,17.8405],[80.979,17.9639],[80.9375,18.0863],[80.8524,18.1964],[80.7723,18.2327],[80.6962,18.4123],[80.5834,18.5414],[80.5026,18.6],[80.4091,18.5889],[80.3199,18.6422],[80.2704,18.7137]]}},{"type":"Feature","properties":{"name":null,"adm0_name":"Brazil","adm0_a3":"BRA","min_zoom":3},"geometry":{"type":"LineString","coordinates":[[-50.2366,-9.8458],[-50.2349,-9.8427],[-50.1753,-9.7302],[-50.0842,-9.4219],[-49.9791,-9.2202],[-49.8299,-9.022],[-49.7079,-8.8951],[-49.613,-8.8391],[-49.5028,-8.7087],[-49.3791,-8.4983],[-49.2827,-8.3014],[-49.2268,-8.1395],[-49.19,-7.9949],[-49.1723,-7.8674],[-49.2203,-7.7521],[-49.334,-7.6491],[-49.3404,-7.51],[-49.2397,-7.3348],[-49.1951,-7.1686],[-49.2098,-7.0056],[-49.0796,-6.8562],[-48.8054,-6.7183],[-48.6529,-6.5958],[-48.6219,-6.4886],[-48.5801,-6.4141],[-48.5273,-6.3722],[-48.4707,-6.3533],[-48.4102,-6.3575],[-48.3912,-6.3089],[-48.4138,-6.2074],[-48.3898,-6.1419],[-48.3194,-6.1124],[-48.2966,-6.0673],[-48.3212,-6.0066],[-48.3072,-5.9659],[-48.2543,-5.9452],[-48.2453,-5.8886],[-48.28,-5.7959],[-48.2587,-5.7237],[-48.1812,-5.672],[-48.1593,-5.6192],[-48.1927,-5.5655],[-48.2314,-5.5333],[-48.2754,-5.5225],[-48.3173,-5.4862],[-48.3571,-5.4244],[-48.4217,-5.3984],[-48.5111,-5.4081],[-48.5976,-5.3986],[-48.6994,-5.3635]]}},{"type":"Feature","properties":{"name":null,"adm0_name":"Brazil","adm0_a3":"BRA","min_zoom":3},"geometry":{"type":"LineString","coordinates":[[-48.6994,-5.3635],[-48.7231,-5.3554],[-48.6305,-5.3304],[-48.5743,-5.2882],[-48.5236,-5.2204],[-48.4582,-5.1809],[-48.378,-5.1695],[-48.2816,-5.1894],[-48.169,-5.2407],[-48.0594,-5.263],[-47.9531,-5.2564],[-47.8846,-5.2856],[-47.854,-5.3507],[-47.7633,-5.4072],[-47.6124,-5.455],[-47.5199,-5.5064],[-47.4858,-5.5613],[-47.4448,-5.75],[-47.397,-6.0724],[-47.4056,-6.4211],[-47.4705,-6.796],[-47.5372,-7.0272],[-47.6057,-7.1147],[-47.6653,-7.1672],[-47.716,-7.1847],[-47.7172,-7.2222],[-47.6689,-7.2798],[-47.6118,-7.3016],[-47.5458,-7.2876],[-47.5069,-7.3058],[-47.4951,-7.3562],[-47.4983,-7.4498],[-47.4581,-7.5346],[-47.4135,-7.5302],[-47.3465,-7.6596],[-47.3034,-7.663],[-47.2795,-7.7311],[-47.1501,-7.8561],[-47.0787,-7.9766],[-47.0162,-8.0436],[-46.9849,-8.0391],[-46.8688,-7.9587],[-46.7438,-7.923],[-46.5742,-7.9052],[-46.4894,-7.9632],[-46.467,-8.0703],[-46.5028,-8.173],[-46.5072,-8.2757],[-46.5429,-8.3203],[-46.5028,-8.3962],[-46.659,-8.3962],[-46.7929,-8.4364],[-46.8376,-8.4855],[-46.8822,-8.5837],[-46.9224,-8.7444],[-46.9046,-8.8293],[-47.0653,-8.9766],[-47.0831,-9.0346],[-47.0385,-9.0659],[-46.9403,-9.0703],[-46.8465,-9.1686],[-46.8287,-9.3069],[-46.7528,-9.4096],[-46.5608,-9.4989],[-46.534,-9.5569],[-46.601,-9.6507],[-46.6501,-9.6641],[-46.6679,-9.7445],[-46.5072,-9.8561],[-46.4626,-9.9498],[-46.4715,-10.0034],[-46.3465,-10.1685],[-46.284,-10.1864],[-46.1903,-10.1775],[-46.0876,-10.2087],[-46.034,-10.2712],[-45.9447,-10.3159]]}},{"type":"Feature","properties":{"name":null,"adm0_name":"Brazil","adm0_a3":"BRA","min_zoom":3},"geometry":{"type":"LineString","coordinates":[[-50.9645,-19.5127],[-50.9977,-19.6639],[-50.9938,-20.1016]]}},{"type":"Feature","properties":{"name":null,"adm0_name":"Brazil","adm0_a3":"BRA","min_zoom":3},"geometry":{"type":"LineString","coordinates":[[-53.1186,-22.6417],[-53.2723,-22.7519],[-53.4808,-22.8524],[-53.6201,-23.001],[-53.6773,-23.1735],[-53.7711,-23.3223],[-53.9075,-23.4069],[-53.9955,-23.5702],[-54.0501,-23.8229],[-54.1247,-23.9784],[-54.2426,-24.047]]}},{"type":"Feature","properties":{"name":null,"adm0_name":"Brazil","adm0_a3":"BRA","min_zoom":3},"geometry":{"type":"LineString","coordinates":[[-44.8331,-22.4052],[-44.7304,-22.3605],[-44.6635,-22.3695],[-44.601,-22.3159],[-44.534,-22.3025],[-44.4447,-22.2534],[-44.2929,-22.24],[-44.217,-22.2489],[-44.092,-22.173],[-43.8956,-22.1061],[-43.8153,-22.0659],[-43.5653,-22.0659],[-43.4626,-22.057],[-43.342,-22.0034],[-43.1322,-22.0257],[-43.0634,-22.0635],[-42.2795,-21.7132],[-42.284,-21.6418],[-42.3688,-21.6329],[-42.3644,-21.5927],[-42.3019,-21.4855],[-42.2974,-21.4052],[-42.2215,-21.3382],[-42.1813,-21.1641],[-42.0965,-21.0034],[-42.1411,-20.9632],[-42.0965,-20.923],[-41.9983,-20.932],[-41.9626,-20.9096],[-41.9269,-20.8293],[-41.8644,-20.7757]]}},{"type":"Feature","properties":{"name":null,"adm0_name":"Brazil","adm0_a3":"BRA","min_zoom":3},"geometry":{"type":"LineString","coordinates":[[-38.2158,-9.3512],[-37.9758,-9.5122],[-37.9753,-9.5125]]}},{"type":"Feature","properties":{"name":null,"adm0_name":"Brazil","adm0_a3":"BRA","min_zoom":3},"geometry":{"type":"LineString","coordinates":[[-37.9753,-9.5125],[-37.9382,-9.5379],[-37.4256,-9.7784],[-37.1962,-9.8858],[-37.0192,-9.9571],[-36.9564,-10.0136],[-36.9397,-10.0837],[-36.8798,-10.1537],[-36.7767,-10.2236],[-36.699,-10.2573],[-36.6475,-10.254],[-36.607,-10.2929],[-36.5799,-10.3714],[-36.5385,-10.4106],[-36.4825,-10.4106],[-36.4825,-10.4106],[-36.4824,-10.4107],[-36.4821,-10.4108],[-36.4818,-10.411],[-36.4814,-10.4112],[-36.481,-10.4114],[-36.4804,-10.4117],[-36.4798,-10.412],[-36.4792,-10.4124],[-36.4784,-10.4128],[-36.4776,-10.4132],[-36.4768,-10.4137],[-36.4759,-10.4142],[-36.475,-10.4147],[-36.474,-10.4152],[-36.473,-10.4157],[-36.4719,-10.4163],[-36.4709,-10.4169],[-36.4697,-10.4175],[-36.4686,-10.4181],[-36.4675,-10.4187],[-36.4663,-10.4194],[-36.4651,-10.42],[-36.4639,-10.4206],[-36.4628,-10.4213],[-36.4616,-10.4219],[-36.4604,-10.4226],[-36.4592,-10.4232],[-36.458,-10.4238],[-36.4569,-10.4244],[-36.4558,-10.4251],[-36.4547,-10.4257],[-36.4536,-10.4262],[-36.4525,-10.4268],[-36.4515,-10.4274],[-36.4505,-10.4279],[-36.4496,-10.4284],[-36.4487,-10.4289],[-36.4479,-10.4293],[-36.4471,-10.4298],[-36.4463,-10.4301],[-36.4457,-10.4305],[-36.4451,-10.4308],[-36.4445,-10.4311],[-36.4441,-10.4314],[-36.4437,-10.4316],[-36.4434,-10.4318],[-36.4431,-10.4319],[-36.443,-10.432],[-36.4114,-10.4915]]}},{"type":"Feature","properties":{"name":null,"adm0_name":"Brazil","adm0_a3":"BRA","min_zoom":3},"geometry":{"type":"LineString","coordinates":[[-66.8284,-9.8379],[-66.7439,-9.7489],[-66.6948,-9.7489],[-66.5966,-9.6641],[-66.5028,-9.6328],[-66.4046,-9.5257],[-66.3957,-9.4052],[-66.1055,-9.4186],[-65.9983,-9.4007],[-65.9314,-9.4141],[-65.7662,-9.5659],[-65.6769,-9.5346],[-65.6323,-9.4498],[-65.5251,-9.4141],[-65.4448,-9.4453],[-65.418,-9.3918],[-65.2216,-9.2578],[-65.1992,-9.2668],[-65.1724,-9.3739],[-65.0921,-9.4364],[-65.0385,-9.4007],[-64.9046,-9.2132],[-64.9269,-9.1194],[-64.8867,-9.0614],[-64.7796,-8.9855],[-64.6903,-9.0212],[-64.5966,-9.0257],[-64.476,-8.9498],[-64.418,-8.9721],[-64.3823,-8.9409],[-64.2171,-8.9498],[-64.1189,-8.9364],[-64.1278,-8.6864],[-64.0742,-8.7132],[-63.9983,-8.6819],[-63.9224,-8.5346],[-63.9939,-8.4409],[-63.918,-8.3337],[-63.7528,-8.2846],[-63.726,-8.1909],[-63.5921,-8.1641],[-63.5876,-8.0793],[-63.5385,-7.9989],[-62.9046,-8.0078],[-62.8287,-8.0168],[-62.7215,-8.0614],[-62.6769,-8.115],[-62.6367,-8.2221],[-62.5564,-8.2891],[-62.5385,-8.3605],[-62.4537,-8.3471],[-62.3733,-8.3828],[-62.3064,-8.5703],[-62.1724,-8.6105],[-62.1323,-8.7668],[-61.9983,-8.8114],[-61.918,-8.8739],[-61.8733,-8.8561],[-61.8376,-8.7444],[-61.7617,-8.7266],[-61.7171,-8.6864],[-61.6099,-8.7221],[-61.6099,-8.7668]]}},{"type":"Feature","properties":{"name":null,"adm0_name":"Brazil","adm0_a3":"BRA","min_zoom":3},"geometry":{"type":"LineString","coordinates":[[-53.0519,-18.0168],[-53.1151,-17.8548],[-53.2113,-17.4092],[-53.2026,-17.3042],[-53.1582,-17.2087],[-53.0779,-17.0947],[-53.0332,-16.9952],[-53.0241,-16.9103],[-52.9427,-16.8136],[-52.7891,-16.705],[-52.6799,-16.576],[-52.6144,-16.4275],[-52.6813,-16.3605],[-52.668,-16.2891],[-52.534,-16.2266],[-52.5385,-16.1686],[-52.4167,-16.0824],[-52.3618,-16.0582],[-52.3084,-16.0093],[-52.2566,-15.9356],[-52.1423,-15.8726],[-51.9615,-15.8191],[-51.8473,-15.7471],[-51.7985,-15.6562],[-51.7788,-15.5927],[-51.7883,-15.5569],[-51.7727,-15.5228],[-51.732,-15.4905],[-51.696,-15.4032],[-51.6647,-15.2612],[-51.5898,-15.1415],[-51.4714,-15.0441],[-51.2863,-15.0028],[-51.2463,-15.0044],[-51.1887,-14.9765],[-51.1143,-14.8378],[-50.9775,-14.4633],[-50.9412,-14.2008],[-50.9086,-14.1073],[-50.8676,-14.0952],[-50.8519,-13.9951],[-50.8607,-13.806],[-50.7996,-13.6118],[-50.6666,-13.4097],[-50.5984,-13.2494],[-50.595,-13.1309],[-50.566,-13.0148],[-50.4849,-12.8427]]}},{"type":"Feature","properties":{"name":null,"adm0_name":"China","adm0_a3":"CHN","min_zoom":4.6},"geometry":{"type":"LineString","coordinates":[[80.3267,35.5035],[80.2764,35.5235],[80.2492,35.4794],[80.2582,35.4083],[80.2071,35.3126],[80.1017,35.1726],[80.0175,35.0963],[80.0386,35.047],[80.0355,34.9805],[79.9904,34.9632],[79.9062,34.946],[79.8791,34.9016],[79.9062,34.8547],[79.9483,34.7682],[79.9604,34.6578],[79.8971,34.5801],[79.8249,34.4661],[79.7677,34.4239],[79.6715,34.4388],[79.5601,34.4735],[79.4578,34.4711],[79.3435,34.4314],[79.2021,34.4413],[79.0486,34.3892],[78.9536,34.3259]]}},{"type":"Feature","properties":{"name":null,"adm0_name":"India","adm0_a3":"IDN","min_zoom":4.6},"geometry":{"type":"LineString","coordinates":[[92.073,26.9155],[92.2037,26.9163],[92.4684,26.9664],[92.6208,27.0379],[92.717,27.0521],[92.9095,27.0307],[92.9657,26.9735],[93.094,26.9592],[93.4149,26.995],[93.5031,26.9735],[93.6839,26.9818],[93.84,27.1093],[93.8966,27.2428],[94.1266,27.4531],[94.2075,27.5382],[94.233,27.6293],[94.2892,27.6222],[94.4145,27.5834],[94.667,27.6517],[94.9593,27.7734]]}},{"type":"Feature","properties":{"name":null,"adm0_name":"China","adm0_a3":"CHN","min_zoom":4.6},"geometry":{"type":"LineString","coordinates":[[116.8756,39.6865],[116.9222,39.7736],[116.7814,39.8897],[116.7442,39.959],[116.8294,40.0367],[116.9877,40.0344],[117.2391,40.0926]]}},{"type":"Feature","properties":{"name":null,"adm0_name":"China","adm0_a3":"CHN","min_zoom":4.6},"geometry":{"type":"LineString","coordinates":[[116.7934,39.6023],[116.7912,39.4929],[116.8535,39.3414],[116.8261,39.2165],[116.8918,39.1025],[116.7122,39.0118],[116.6806,38.9159],[116.7108,38.8205],[116.8808,38.6994],[117.0211,38.7082],[117.0949,38.6118],[117.1894,38.6058],[117.2713,38.5592],[117.5578,38.6251]]}},{"type":"Feature","properties":{"name":null,"adm0_name":"China","adm0_a3":"CHN","min_zoom":4.6},"geometry":{"type":"LineString","coordinates":[[117.2391,40.0926],[117.1475,39.948],[117.2029,39.7616],[117.1528,39.6184],[116.8756,39.6865]]}},{"type":"Feature","properties":{"name":null,"adm0_name":"Japan","adm0_a3":"JPN","min_zoom":7},"geometry":{"type":"MultiLineString","coordinates":[[[129.8145,33.3312],[129.8146,33.3313]],[[130.2114,32.9437],[130.2068,32.9431],[130.2041,32.9436]]]}},{"type":"Feature","properties":{"name":null,"adm0_name":"Japan","adm0_a3":"JPN","min_zoom":7},"geometry":{"type":"LineString","coordinates":[[130.0363,33.4576],[130.0362,33.4576]]}},{"type":"Feature","properties":{"name":null,"adm0_name":"Japan","adm0_a3":"JPN","min_zoom":7},"geometry":{"type":"LineString","coordinates":[[130.4291,32.9805],[130.4292,32.9805]]}},{"type":"Feature","properties":{"name":null,"adm0_name":"Japan","adm0_a3":"JPN","min_zoom":7},"geometry":{"type":"LineString","coordinates":[[134.2957,33.5303],[134.3054,33.5276],[134.31,33.526]]}},{"type":"Feature","properties":{"name":null,"adm0_name":"Japan","adm0_a3":"JPN","min_zoom":7},"geometry":{"type":"LineString","coordinates":[[134.4424,34.2083],[134.4429,34.2119]]}},{"type":"Feature","properties":{"name":null,"adm0_name":"Japan","adm0_a3":"JPN","min_zoom":7},"geometry":{"type":"LineString","coordinates":[[139.9438,40.4293],[139.9438,40.4293]]}},{"type":"Feature","properties":{"name":null,"adm0_name":"Japan","adm0_a3":"JPN","min_zoom":7},"geometry":{"type":"LineString","coordinates":[[139.8808,39.1151],[139.8809,39.1151]]}},{"type":"Feature","properties":{"name":null,"adm0_name":"Japan","adm0_a3":"JPN","min_zoom":7},"geometry":{"type":"LineString","coordinates":[[139.5487,38.545],[139.5487,38.545]]}},{"type":"Feature","properties":{"name":null,"adm0_name":"Japan","adm0_a3":"JPN","min_zoom":7},"geometry":{"type":"LineString","coordinates":[[137.4679,34.671],[137.4672,34.6586],[137.4672,34.6585]]}},{"type":"Feature","properties":{"name":null,"adm0_name":"Japan","adm0_a3":"JPN","min_zoom":7},"geometry":{"type":"LineString","coordinates":[[139.7867,35.5115],[139.7866,35.5115]]}},{"type":"Feature","properties":{"name":null,"adm0_name":"Japan","adm0_a3":"JPN","min_zoom":7},"geometry":{"type":"LineString","coordinates":[[139.1123,35.1114],[139.0944,35.1175]]}},{"type":"Feature","properties":{"name":null,"adm0_name":"Japan","adm0_a3":"JPN","min_zoom":7},"geometry":{"type":"LineString","coordinates":[[140.8595,35.7354],[140.8595,35.7354]]}},{"type":"Feature","properties":{"name":null,"adm0_name":"Japan","adm0_a3":"JPN","min_zoom":7},"geometry":{"type":"LineString","coordinates":[[140.7973,36.8465],[140.7973,36.8465]]}},{"type":"Feature","properties":{"name":null,"adm0_name":"Japan","adm0_a3":"JPN","min_zoom":7},"geometry":{"type":"LineString","coordinates":[[135.9937,33.6863],[135.9937,33.6863]]}},{"type":"Feature","properties":{"name":null,"adm0_name":"United Kingdom","adm0_a3":"GBR","min_zoom":10},"geometry":{"type":"LineString","coordinates":[[-4.6393,51.7332],[-4.6393,51.7332]]}},{"type":"Feature","properties":{"name":null,"adm0_name":"United Kingdom","adm0_a3":"GBR","min_zoom":10},"geometry":{"type":"LineString","coordinates":[[-4.6938,52.1073],[-4.6938,52.1073]]}},{"type":"Feature","properties":{"name":null,"adm0_name":"United Kingdom","adm0_a3":"GBR","min_zoom":10},"geometry":{"type":"LineString","coordinates":[[-2.7981,51.5635],[-2.7981,51.5635]]}},{"type":"Feature","properties":{"name":null,"adm0_name":"United Kingdom","adm0_a3":"GBR","min_zoom":10},"geometry":{"type":"LineString","coordinates":[[-3.3604,53.3511],[-3.3604,53.3512]]}},{"type":"Feature","properties":{"name":null,"adm0_name":"United Kingdom","adm0_a3":"GBR","min_zoom":10},"geometry":{"type":"LineString","coordinates":[[-3.5134,53.3089],[-3.5134,53.3089]]}},{"type":"Feature","properties":{"name":null,"adm0_name":"United Kingdom","adm0_a3":"GBR","min_zoom":10},"geometry":{"type":"LineString","coordinates":[[-5.0325,54.9937],[-5.0325,54.9937]]}},{"type":"Feature","properties":{"name":null,"adm0_name":"United Kingdom","adm0_a3":"GBR","min_zoom":10},"geometry":{"type":"LineString","coordinates":[[-3.8375,56.1074],[-3.8375,56.1074],[-3.8375,56.1074]]}},{"type":"Feature","properties":{"name":null,"adm0_name":"United Kingdom","adm0_a3":"GBR","min_zoom":10},"geometry":{"type":"LineString","coordinates":[[-3.5053,56.0056],[-3.5053,56.0056]]}},{"type":"Feature","properties":{"name":null,"adm0_name":"United Kingdom","adm0_a3":"GBR","min_zoom":10},"geometry":{"type":"LineString","coordinates":[[-3.4498,55.9968],[-3.4498,55.9968]]}},{"type":"Feature","properties":{"name":null,"adm0_name":"United Kingdom","adm0_a3":"GBR","min_zoom":10},"geometry":{"type":"LineString","coordinates":[[-3.2624,56.3528],[-3.2624,56.3528]]}},{"type":"Feature","properties":{"name":null,"adm0_name":"United Kingdom","adm0_a3":"GBR","min_zoom":10},"geometry":{"type":"LineString","coordinates":[[-4.5906,55.9415],[-4.5906,55.9415]]}},{"type":"Feature","properties":{"name":null,"adm0_name":"United Kingdom","adm0_a3":"GBR","min_zoom":10},"geometry":{"type":"LineString","coordinates":[[-2.3604,55.9527],[-2.3604,55.9527]]}},{"type":"Feature","properties":{"name":null,"adm0_name":"United Kingdom","adm0_a3":"GBR","min_zoom":10},"geometry":{"type":"LineString","coordinates":[[-3.0556,56.4521],[-3.0556,56.4521]]}},{"type":"Feature","properties":{"name":null,"adm0_name":"United Kingdom","adm0_a3":"GBR","min_zoom":10},"geometry":{"type":"LineString","coordinates":[[-2.8193,56.4713],[-2.8193,56.4713]]}},{"type":"Feature","properties":{"name":null,"adm0_name":"United Kingdom","adm0_a3":"GBR","min_zoom":10},"geometry":{"type":"LineString","coordinates":[[-2.4359,56.7404],[-2.4359,56.7404]]}},{"type":"Feature","properties":{"name":null,"adm0_name":"United Kingdom","adm0_a3":"GBR","min_zoom":10},"geometry":{"type":"LineString","coordinates":[[-5.8779,54.6823],[-5.8779,54.6823]]}},{"type":"Feature","properties":{"name":null,"adm0_name":"United Kingdom","adm0_a3":"GBR","min_zoom":10},"geometry":{"type":"LineString","coordinates":[[-5.6391,54.4644],[-5.6391,54.4644]]}},{"type":"Feature","properties":{"name":null,"adm0_name":"United Kingdom","adm0_a3":"GBR","min_zoom":10},"geometry":{"type":"LineString","coordinates":[[-1.2453,54.7254],[-1.2453,54.7254]]}},{"type":"Feature","properties":{"name":null,"adm0_name":"United Kingdom","adm0_a3":"GBR","min_zoom":10},"geometry":{"type":"LineString","coordinates":[[-1.4556,55.0697],[-1.4556,55.0697]]}},{"type":"Feature","properties":{"name":null,"adm0_name":"United Kingdom","adm0_a3":"GBR","min_zoom":10},"geometry":{"type":"LineString","coordinates":[[-0.7788,54.5574],[-0.7788,54.5574]]}},{"type":"Feature","properties":{"name":null,"adm0_name":"United Kingdom","adm0_a3":"GBR","min_zoom":10},"geometry":{"type":"LineString","coordinates":[[-0.2956,53.7388],[-0.2956,53.7388]]}},{"type":"Feature","properties":{"name":null,"adm0_name":"United Kingdom","adm0_a3":"GBR","min_zoom":10},"geometry":{"type":"LineString","coordinates":[[-0.7,53.6924],[-0.6992,53.6912]]}},{"type":"Feature","properties":{"name":null,"adm0_name":"United Kingdom","adm0_a3":"GBR","min_zoom":10},"geometry":{"type":"LineString","coordinates":[[0.8698,50.9251],[0.8698,50.9251]]}},{"type":"Feature","properties":{"name":null,"adm0_name":"United Kingdom","adm0_a3":"GBR","min_zoom":10},"geometry":{"type":"LineString","coordinates":[[0.5117,51.4877],[0.5116,51.4877]]}},{"type":"Feature","properties":{"name":null,"adm0_name":"United Kingdom","adm0_a3":"GBR","min_zoom":10},"geometry":{"type":"LineString","coordinates":[[0.3848,51.4532],[0.3846,51.4531]]}},{"type":"Feature","properties":{"name":null,"adm0_name":"United Kingdom","adm0_a3":"GBR","min_zoom":10},"geometry":{"type":"LineString","coordinates":[[-1.6729,50.7401],[-1.6729,50.74]]}},{"type":"Feature","properties":{"name":null,"adm0_name":"United Kingdom","adm0_a3":"GBR","min_zoom":10},"geometry":{"type":"LineString","coordinates":[[-2.9456,50.7258],[-2.9456,50.7258]]}},{"type":"Feature","properties":{"name":null,"adm0_name":"United Kingdom","adm0_a3":"GBR","min_zoom":10},"geometry":{"type":"LineString","coordinates":[[-1.7975,50.7232],[-1.7975,50.7232]]}},{"type":"Feature","properties":{"name":null,"adm0_name":"United Kingdom","adm0_a3":"GBR","min_zoom":10},"geometry":{"type":"LineString","coordinates":[[-2.5355,51.673],[-2.5355,51.673]]}},{"type":"Feature","properties":{"name":null,"adm0_name":"United Kingdom","adm0_a3":"GBR","min_zoom":10},"geometry":{"type":"LineString","coordinates":[[-2.6788,51.5313],[-2.6788,51.5313]]}},{"type":"Feature","properties":{"name":null,"adm0_name":"United Kingdom","adm0_a3":"GBR","min_zoom":10},"geometry":{"type":"LineString","coordinates":[[-2.0262,50.7251],[-2.0262,50.7251]]}},{"type":"Feature","properties":{"name":null,"adm0_name":"United Kingdom","adm0_a3":"GBR","min_zoom":10},"geometry":{"type":"LineString","coordinates":[[-1.8969,50.716],[-1.8969,50.716]]}},{"type":"Feature","properties":{"name":null,"adm0_name":"Japan","adm0_a3":"JPN","min_zoom":7},"geometry":{"type":"LineString","coordinates":[[129.4341,29.0342],[129.8302,29.0837]]}},{"type":"Feature","properties":{"name":null,"adm0_name":"Japan","adm0_a3":"JPN","min_zoom":6.7},"geometry":{"type":"LineString","coordinates":[[131.9036,33.3828],[132.0426,33.216]]}},{"type":"Feature","properties":{"name":null,"adm0_name":"Japan","adm0_a3":"JPN","min_zoom":6.7},"geometry":{"type":"LineString","coordinates":[[133.5988,34.3941],[133.6848,34.4424],[133.7385,34.4317],[133.7641,34.407],[133.7833,34.4062],[133.8294,34.3978],[133.8674,34.4048],[133.9265,34.4209],[133.9452,34.4342],[133.9488,34.4555],[133.9741,34.4947],[133.9964,34.5131],[134.0411,34.5157],[134.07,34.5196],[134.1016,34.5288],[134.1683,34.5606],[134.2811,34.6036],[134.4315,34.6089],[134.5497,34.5337],[134.5551,34.4263],[134.5658,34.335],[134.6195,34.2705],[134.6571,34.2436],[134.6894,34.1953],[134.7162,34.1147],[134.7646,34.061]]}},{"type":"Feature","properties":{"name":null,"adm0_name":"Japan","adm0_a3":"JPN","min_zoom":6.7},"geometry":{"type":"MultiLineString","coordinates":[[[132.5122,33.9539],[132.5263,33.9833],[132.533,33.9984],[132.5501,34.0173],[132.591,34.0309],[132.6483,34.0609],[132.7382,34.0963],[132.85,34.1481],[132.9062,34.1735],[132.9317,34.2041],[132.9504,34.2567],[132.9759,34.2881],[133.0115,34.3076],[133.031,34.3093],[133.0463,34.3051],[133.0599,34.2771],[133.0726,34.2431],[133.1063,34.2458],[133.1449,34.2613],[133.181,34.2639],[133.23,34.3038],[133.2455,34.3051],[133.2687,34.2948],[133.3202,34.2639]],[[132.5014,33.884],[132.5029,33.9132],[132.5045,33.9378],[132.5122,33.9539]]]}},{"type":"Feature","properties":{"name":null,"adm0_name":"Japan","adm0_a3":"JPN","min_zoom":7},"geometry":{"type":"MultiLineString","coordinates":[[[132.5122,33.9539],[132.4814,33.9609],[132.4184,33.987]],[[132.5124,33.9539],[132.5122,33.9539]]]}},{"type":"Feature","properties":{"name":null,"adm0_name":"Japan","adm0_a3":"JPN","min_zoom":6.7},"geometry":{"type":"LineString","coordinates":[[130.7722,34.0449],[130.8238,33.9825],[130.8604,33.9308],[130.8777,33.9115],[130.9014,33.9072],[130.925,33.9158],[130.9487,33.9416],[130.9767,33.9588],[131.0068,33.9804],[131.037,33.9804],[131.0714,33.9567],[131.093,33.9201],[131.1102,33.8555]]}},{"type":"Feature","properties":{"name":null,"adm0_name":"Japan","adm0_a3":"JPN","min_zoom":7},"geometry":{"type":"LineString","coordinates":[[129.871,32.4995],[129.9589,32.5918],[130.0248,32.6094],[130.1039,32.5918],[130.1918,32.5611],[130.2754,32.5567],[130.3369,32.5962],[130.416,32.6929],[130.4556,32.7588]]}},{"type":"Feature","properties":{"name":null,"adm0_name":"Japan","adm0_a3":"JPN","min_zoom":7},"geometry":{"type":"LineString","coordinates":[[129.8146,33.3313],[129.8218,33.3396],[129.8236,33.3522],[129.8191,33.3907],[129.8003,33.4293],[129.7814,33.4491],[129.7787,33.4652],[129.768,33.4787],[129.7473,33.4993],[129.7216,33.55],[129.7169,33.5948],[129.7226,33.6186],[129.7412,33.6392],[129.7718,33.6545],[129.857,33.6887],[129.9486,33.7206],[129.9964,33.7413]]}},{"type":"Feature","properties":{"name":null,"adm0_name":"Japan","adm0_a3":"JPN","min_zoom":7},"geometry":{"type":"LineString","coordinates":[[129.8836,32.0634],[130.0198,32.0361],[130.1471,32.0769],[130.1806,32.1179],[130.2029,32.1476],[130.255,32.1774],[130.2959,32.1811],[130.3446,32.1618],[130.3447,32.1618]]}},{"type":"Feature","properties":{"name":null,"adm0_name":"Japan","adm0_a3":"JPN","min_zoom":6.7},"geometry":{"type":"LineString","coordinates":[[139.9558,41.1904],[140.2042,41.2969],[140.4703,41.3856],[140.6654,41.492],[140.7896,41.5985],[140.9138,41.6162],[141.109,41.5985],[141.3396,41.5985],[141.4993,41.6872]]}},{"type":"Feature","properties":{"name":null,"adm0_name":"United Kingdom","adm0_a3":"GBR","min_zoom":10},"geometry":{"type":"LineString","coordinates":[[-2.3353,59.6722],[-1.9985,59.3354]]}},{"type":"Feature","properties":{"name":null,"adm0_name":"United Kingdom","adm0_a3":"GBR","min_zoom":10},"geometry":{"type":"LineString","coordinates":[[-3.5014,58.7783],[-3.3589,58.7394],[-3.2811,58.7135],[-3.1645,58.7135],[-3.0609,58.7135],[-2.9572,58.6617],[-2.8665,58.5969]]}},{"type":"Feature","properties":{"name":null,"adm0_name":"United Kingdom","adm0_a3":"GBR","min_zoom":10},"geometry":{"type":"LineString","coordinates":[[-6.9996,57.4697],[-6.883,57.6122],[-6.7275,57.6899],[-6.559,57.7547],[-6.3517,57.8454],[-6.2481,57.9102]]}},{"type":"Feature","properties":{"name":null,"adm0_name":"United Kingdom","adm0_a3":"GBR","min_zoom":10},"geometry":{"type":"LineString","coordinates":[[-4.9352,55.84],[-4.9526,55.7878],[-4.9642,55.7123],[-4.97,55.6311]]}},{"type":"Feature","properties":{"name":null,"adm0_name":"United Kingdom","adm0_a3":"GBR","min_zoom":10},"geometry":{"type":"LineString","coordinates":[[-5.3045,56.6402],[-5.3527,56.6383],[-5.414,56.6077],[-5.4956,56.5388],[-5.5671,56.4852],[-5.6105,56.475],[-5.6692,56.4775],[-5.7074,56.498],[-5.7534,56.5082],[-5.7968,56.5286],[-5.8529,56.5337],[-5.9397,56.5515],[-5.9933,56.5949],[-6.029,56.6281],[-6.0571,56.6587],[-6.1183,56.6664],[-6.2026,56.6613],[-6.2766,56.6715],[-6.3262,56.7028],[-6.3747,56.7675],[-6.4797,56.8281]]}},{"type":"Feature","properties":{"name":null,"adm0_name":"United Kingdom","adm0_a3":"GBR","min_zoom":10},"geometry":{"type":"LineString","coordinates":[[-4.9352,55.84],[-4.926,55.8836],[-4.9138,55.9192],[-4.8951,55.9502],[-4.8782,55.9661],[-4.8528,55.9699],[-4.8153,55.9699],[-4.7825,55.9699],[-4.7403,55.9689],[-4.6981,55.9596],[-4.6747,55.9511],[-4.6446,55.9427],[-4.6231,55.938],[-4.5902,55.9342]]}},{"type":"Feature","properties":{"name":null,"adm0_name":"United Kingdom","adm0_a3":"GBR","min_zoom":10},"geometry":{"type":"LineString","coordinates":[[-4.8888,55.8653],[-4.9352,55.84]]}},{"type":"Feature","properties":{"name":"Oita - Miyazaki","adm0_name":"Japan","adm0_a3":"JPN","min_zoom":7},"geometry":{"type":"MultiLineString","coordinates":[[[131.7469,32.823],[131.7612,32.8222],[131.7802,32.8164],[131.7953,32.8143],[131.8092,32.809],[131.8192,32.7984],[131.8279,32.7683],[131.8302,32.7524],[131.8346,32.74],[131.8392,32.7341],[131.8723,32.7317]],[[131.5269,32.743],[131.5397,32.743],[131.559,32.7476],[131.5708,32.7541],[131.5903,32.7598],[131.6833,32.7633],[131.6957,32.7658],[131.7002,32.771],[131.7065,32.7798],[131.7208,32.8058],[131.7269,32.8137],[131.7349,32.8204],[131.7469,32.823]],[[131.3239,32.8223],[131.3428,32.8107],[131.3566,32.8046],[131.3824,32.8019]],[[131.4642,32.8179],[131.4783,32.815],[131.4901,32.8085],[131.4977,32.8004],[131.5031,32.7928],[131.5034,32.7832],[131.5013,32.7752],[131.4999,32.767],[131.5019,32.7592],[131.5078,32.7516],[131.5156,32.7459],[131.5269,32.743]],[[131.3824,32.8019],[131.4016,32.8022],[131.4215,32.8048],[131.45,32.8165],[131.4642,32.8179]]]}},{"type":"Feature","properties":{"name":"Miyazaki - Kagoshima","adm0_name":"Japan","adm0_a3":"JPN","min_zoom":7},"geometry":{"type":"MultiLineString","coordinates":[[[130.7124,32.0909],[130.7001,32.067],[130.711,32.0496],[130.7212,32.0411],[130.7839,31.9548],[130.8028,31.9351],[130.8238,31.9196],[130.847,31.9095],[130.8734,31.8876],[130.8812,31.8702],[130.8764,31.8244],[130.881,31.8013],[130.8891,31.7902],[130.897,31.7843],[130.9655,31.7607],[130.976,31.7472],[131.0024,31.7235],[131.0076,31.7136],[131.0102,31.7059],[131.0109,31.6961],[131.0126,31.6863],[131.0166,31.6759],[131.0359,31.6454],[131.0472,31.6373],[131.0711,31.6336],[131.1008,31.6194],[131.107,31.6179],[131.1158,31.6167]],[[131.1263,31.617],[131.156,31.6127],[131.1748,31.6003],[131.1862,31.5868],[131.1918,31.5747],[131.1915,31.5641],[131.1873,31.5409],[131.1866,31.525],[131.1814,31.5118],[131.1554,31.4784],[131.1529,31.4739],[131.1506,31.4713]],[[131.1158,31.6167],[131.1263,31.617]]]}},{"type":"Feature","properties":{"name":"Nagasaki - Saga","adm0_name":"Japan","adm0_a3":"JPN","min_zoom":7},"geometry":{"type":"LineString","coordinates":[[130.2041,32.9436],[130.1034,32.96],[130.0595,32.9732],[130.0322,32.9875],[130.0158,32.9998],[129.9972,33.0172],[129.9252,33.0688],[129.9171,33.0783],[129.9154,33.0867],[129.9309,33.099],[129.9354,33.1074],[129.9359,33.1185],[129.9301,33.1321],[129.9193,33.1443],[129.9052,33.1499],[129.8622,33.1599],[129.8292,33.1751],[129.815,33.186],[129.8065,33.1967],[129.8032,33.2063],[129.7981,33.2164],[129.7667,33.2561],[129.7594,33.2682],[129.7582,33.2791],[129.7641,33.2882],[129.7948,33.3172],[129.8102,33.3251],[129.8145,33.3312]]}},{"type":"Feature","properties":{"name":"Miyazaki - Kumamoto","adm0_name":"Japan","adm0_a3":"JPN","min_zoom":7},"geometry":{"type":"MultiLineString","coordinates":[[[131.3239,32.8223],[131.2705,32.8105],[131.2581,32.8038],[131.2423,32.7933],[131.2361,32.7837],[131.2252,32.7571],[131.2104,32.7347],[131.1814,32.7087],[131.1752,32.7014],[131.1596,32.6757],[131.1465,32.663],[131.1254,32.646],[131.1129,32.6311],[131.1046,32.6141],[131.1,32.5864],[131.095,32.5758],[131.0857,32.5713],[131.0733,32.5692],[131.0592,32.5687],[131.0466,32.5645],[131.0351,32.5529],[131.0225,32.5341],[131.0041,32.4874],[130.9999,32.4706],[131,32.4601],[131.0021,32.4509],[131.0058,32.4391],[131.0131,32.4223],[131.0216,32.4106],[131.0437,32.3921],[131.0542,32.3808],[131.0631,32.3637],[131.0689,32.3482],[131.0835,32.3252],[131.0878,32.3137],[131.0871,32.2996],[131.0809,32.2874],[131.0618,32.2643],[131.0503,32.2462],[131.0503,32.2338],[131.055,32.2226],[131.0717,32.1978],[131.0784,32.1836],[131.0816,32.1637],[131.0759,32.1556],[131.0651,32.1521]],[[131.0651,32.1521],[131.053,32.1532],[131.0056,32.1658]],[[131.0056,32.1658],[130.9973,32.1627],[130.9865,32.1545],[130.9674,32.1319],[130.9522,32.1201],[130.9369,32.115]],[[130.9369,32.115],[130.9092,32.1219],[130.8968,32.1224]],[[130.8968,32.1224],[130.8837,32.1192],[130.8518,32.1016],[130.8374,32.0957],[130.8235,32.0921],[130.8108,32.0908]],[[130.8108,32.0908],[130.7418,32.0935]],[[130.7418,32.0935],[130.7124,32.0909]]]}},{"type":"Feature","properties":{"name":"Oita - Kumamoto","adm0_name":"Japan","adm0_a3":"JPN","min_zoom":7},"geometry":{"type":"MultiLineString","coordinates":[[[131.0449,33.1812],[131.0594,33.1806],[131.0906,33.165],[131.1249,33.1424],[131.1408,33.126],[131.1723,33.0741],[131.1813,33.0629],[131.2014,33.042],[131.2091,33.0302],[131.2204,33.0005],[131.2347,32.9752],[131.2382,32.9639],[131.2401,32.9545],[131.2438,32.9065],[131.2462,32.8939],[131.2621,32.8663],[131.3239,32.8223]],[[130.9769,33.0289],[130.9909,33.0331],[130.9952,33.045],[131.0086,33.0712],[131.0097,33.0795],[131.0036,33.0891],[130.9859,33.1096],[130.9797,33.1199],[130.973,33.1446],[130.9729,33.1542],[130.9776,33.1607],[131.008,33.1667],[131.0289,33.177],[131.0449,33.1812]],[[130.8347,33.0809],[130.8708,33.0708],[130.9512,33.0323],[130.9769,33.0289]]]}},{"type":"Feature","properties":{"name":"Kagoshima - Kumamoto","adm0_name":"Japan","adm0_a3":"JPN","min_zoom":7},"geometry":{"type":"MultiLineString","coordinates":[[[130.7124,32.0909],[130.6745,32.1122],[130.6109,32.157],[130.5898,32.1635]],[[130.5898,32.1635],[130.5744,32.1607],[130.5635,32.154],[130.5527,32.15],[130.5387,32.1462],[130.5255,32.1398],[130.4719,32.1272],[130.4498,32.1188],[130.4244,32.1134]],[[130.4244,32.1134],[130.4079,32.1137],[130.3933,32.1184],[130.3826,32.1265],[130.3559,32.153],[130.3454,32.1612],[130.3448,32.1617]]]}},{"type":"Feature","properties":{"name":"Fukuoka - Oita","adm0_name":"Japan","adm0_a3":"JPN","min_zoom":7},"geometry":{"type":"MultiLineString","coordinates":[[[131.1245,33.4902],[131.1397,33.4915],[131.1495,33.4957],[131.1571,33.5036],[131.163,33.513],[131.1751,33.5255],[131.1811,33.5359],[131.1831,33.5454],[131.1752,33.5684],[131.1752,33.5833],[131.1795,33.5927],[131.1822,33.5971],[131.1951,33.6073],[131.2009,33.6127]],[[131.0042,33.5001],[131.0643,33.4981],[131.1245,33.4902]],[[130.8347,33.0809],[130.856,33.143],[130.8521,33.1597],[130.8308,33.2147],[130.8263,33.233],[130.8411,33.2772],[130.843,33.2944],[130.837,33.3225],[130.8363,33.3315],[130.8371,33.3397],[130.8385,33.3455],[130.8413,33.352],[130.8649,33.3847],[130.8748,33.4078],[130.8858,33.4254],[130.9108,33.4488],[130.9256,33.4661],[130.938,33.4773],[130.9505,33.4852],[130.9807,33.4958],[130.9951,33.4989],[131.0042,33.5001]]]}},{"type":"Feature","properties":{"name":"Saga - Fukuoka","adm0_name":"Japan","adm0_a3":"JPN","min_zoom":7},"geometry":{"type":"MultiLineString","coordinates":[[[130.4143,33.3865],[130.4011,33.3941],[130.3797,33.4132],[130.3659,33.4209],[130.3508,33.427],[130.29,33.4588],[130.2752,33.4645],[130.259,33.468],[130.2308,33.4695]],[[130.2308,33.4695],[130.212,33.4687],[130.1635,33.4617]],[[130.1635,33.4617],[130.1211,33.4622]],[[130.1211,33.4622],[130.0907,33.4588],[130.0364,33.4576],[130.0363,33.4576]],[[130.3494,33.142],[130.3493,33.1422],[130.3463,33.1569],[130.3454,33.1671],[130.3468,33.1799],[130.3537,33.1888],[130.3623,33.1952],[130.3666,33.1998],[130.3702,33.2075],[130.3747,33.2272],[130.3812,33.2364],[130.3908,33.2432],[130.4042,33.2482],[130.4141,33.2545],[130.4236,33.2591],[130.4442,33.2597],[130.4534,33.2647],[130.465,33.2813],[130.4709,33.2873],[130.4779,33.3043],[130.484,33.3148],[130.4958,33.322],[130.5077,33.3265],[130.5174,33.3277],[130.5261,33.3309],[130.5319,33.3379],[130.5367,33.3697],[130.5364,33.377],[130.5289,33.4093],[130.5266,33.4142],[130.5193,33.4209],[130.5067,33.4235]],[[130.5067,33.4235],[130.4869,33.4196],[130.4586,33.4085],[130.4466,33.4018],[130.4262,33.387],[130.4143,33.3865]]]}},{"type":"Feature","properties":{"name":"Fukuoka - Kumamoto","adm0_name":"Japan","adm0_a3":"JPN","min_zoom":7},"geometry":{"type":"MultiLineString","coordinates":[[[130.7009,33.1406],[130.7159,33.1391],[130.7286,33.1345],[130.7868,33.1005],[130.8347,33.0809]],[[130.4292,32.9805],[130.4294,32.9806],[130.4451,32.9895],[130.484,32.9947],[130.4982,33.0002],[130.4995,33.0025],[130.5019,33.0098],[130.5005,33.0162],[130.499,33.034],[130.5082,33.0495],[130.5218,33.0616],[130.5465,33.0775],[130.5637,33.0917],[130.5799,33.0984],[130.6178,33.1011],[130.6359,33.1043],[130.6498,33.1131],[130.6731,33.1353],[130.6852,33.14],[130.7009,33.1406]]]}},{"type":"Feature","properties":{"name":"Tokushima - Kochi","adm0_name":"Japan","adm0_a3":"JPN","min_zoom":7},"geometry":{"type":"MultiLineString","coordinates":[[[133.6479,33.8557],[133.7433,33.8266],[133.7842,33.8231]],[[133.795,33.8238],[133.8132,33.8234],[133.8321,33.8165],[133.885,33.7901],[133.9064,33.785]],[[133.7842,33.8231],[133.795,33.8238]],[[133.9735,33.816],[134.0175,33.8108],[134.0278,33.8033],[134.0369,33.7825],[134.0434,33.771],[134.0484,33.7602],[134.0523,33.7484],[134.0602,33.6793],[134.0674,33.6753]],[[133.9064,33.785],[133.9221,33.7864],[133.9336,33.7953],[133.9428,33.8053],[133.9547,33.8124],[133.9735,33.816]],[[134.1013,33.6764],[134.1323,33.6722],[134.1486,33.6655],[134.1587,33.6562],[134.1617,33.645],[134.1631,33.6343],[134.161,33.6248],[134.1548,33.6092],[134.1803,33.5639],[134.1901,33.5515],[134.2172,33.5433],[134.2351,33.5404]],[[134.0674,33.6753],[134.1013,33.6764]],[[134.249,33.5436],[134.2957,33.5303]],[[134.2351,33.5404],[134.249,33.5436]]]}},{"type":"Feature","properties":{"name":"Tokushima - Ehime","adm0_name":"Japan","adm0_a3":"JPN","min_zoom":7},"geometry":{"type":"LineString","coordinates":[[133.6606,33.9979],[133.6689,33.9278],[133.6668,33.9013],[133.6567,33.8735],[133.6479,33.8557]]}},{"type":"Feature","properties":{"name":"Kochi - Ehime","adm0_name":"Japan","adm0_a3":"JPN","min_zoom":7},"geometry":{"type":"MultiLineString","coordinates":[[[133.6479,33.8557],[133.5603,33.8531],[133.5154,33.837],[133.4941,33.8246],[133.4685,33.8193],[133.4271,33.8184],[133.3839,33.8132],[133.335,33.813],[133.3023,33.8052]],[[133.3023,33.8052],[133.2857,33.8061]],[[133.2857,33.8061],[133.2684,33.8048],[133.2569,33.7982],[133.2364,33.7794],[133.2229,33.7736],[133.2091,33.7728]],[[133.2091,33.7728],[133.1895,33.7758]],[[133.1895,33.7758],[133.1788,33.7716],[133.1712,33.7634],[133.1653,33.7533],[133.1479,33.7297],[133.1168,33.6723],[133.1076,33.6592],[133.0969,33.6471],[133.0753,33.6307],[133.0662,33.618],[133.0595,33.6024],[133.0558,33.5888],[133.045,33.5647],[133.0437,33.5537],[133.0452,33.5346],[133.0426,33.5247],[133.0354,33.5117],[133.0026,33.4753],[132.9858,33.4613],[132.9703,33.4544],[132.9503,33.4497]],[[132.9503,33.4497],[132.8202,33.4502]],[[132.8202,33.4502],[132.809,33.444],[132.8039,33.4354],[132.8104,33.4128],[132.8123,33.4004],[132.8159,33.389],[132.8244,33.3794],[132.8339,33.3708],[132.8413,33.3626],[132.848,33.3528],[132.8571,33.3444],[132.8692,33.3354],[132.8781,33.3264],[132.8823,33.3163],[132.8767,33.3027],[132.8596,33.2904],[132.8019,33.2614],[132.7844,33.2497],[132.7736,33.239],[132.7683,33.2276],[132.7646,33.2152],[132.7634,33.2042],[132.7612,33.1954],[132.7586,33.1882],[132.7504,33.1823],[132.7243,33.1677],[132.713,33.1567],[132.6958,33.1307],[132.6855,33.1236],[132.6733,33.1229]],[[132.6733,33.1229],[132.661,33.1294],[132.6326,33.152],[132.6187,33.1534]],[[132.6187,33.1534],[132.6138,33.145],[132.6142,33.1359],[132.6177,33.1253],[132.6357,33.0908],[132.6434,33.0802],[132.6483,33.069],[132.6475,33.057],[132.6485,33.0458],[132.6531,33.034],[132.6717,33.0011],[132.6716,32.9806],[132.6753,32.9628],[132.6733,32.9523],[132.6694,32.9423],[132.6431,32.9091],[132.643,32.9089]]]}},{"type":"Feature","properties":{"name":"Kagawa - Tokushima","adm0_name":"Japan","adm0_a3":"JPN","min_zoom":7},"geometry":{"type":"MultiLineString","coordinates":[[[134.3959,34.1542],[134.4083,34.157],[134.4197,34.1615],[134.4421,34.2054],[134.4424,34.2083]],[[134.3602,34.164],[134.3959,34.1542]],[[133.9654,34.072],[133.984,34.0744],[133.9997,34.0791],[134.0341,34.0956],[134.0478,34.0995],[134.0912,34.1064],[134.108,34.1122],[134.1234,34.1228],[134.1367,34.1437],[134.1494,34.1518],[134.1721,34.1577],[134.2197,34.1626],[134.3602,34.164]],[[133.8999,34.1007],[133.9184,34.0954],[133.9305,34.0876],[133.9413,34.0782],[133.9522,34.0737],[133.9654,34.072]],[[133.6606,33.9979],[133.7039,34.0215],[133.7156,34.032],[133.735,34.0442],[133.7451,34.0524],[133.7571,34.0589],[133.7911,34.0652],[133.8037,34.072],[133.8183,34.0872],[133.8282,34.0929],[133.8999,34.1007]]]}},{"type":"Feature","properties":{"name":"Ehime - Kagawa","adm0_name":"Japan","adm0_a3":"JPN","min_zoom":7},"geometry":{"type":"LineString","coordinates":[[133.6606,33.9979],[133.6467,34.0121],[133.6251,34.0179],[133.5921,34.0238],[133.5919,34.0238]]}},{"type":"Feature","properties":{"name":"Aomori - Akita","adm0_name":"Japan","adm0_a3":"JPN","min_zoom":7},"geometry":{"type":"MultiLineString","coordinates":[[[140.8499,40.4995],[140.8688,40.4966],[140.9151,40.4825],[140.9301,40.4754],[140.9404,40.4682],[140.9441,40.4641],[140.9469,40.4597],[140.9483,40.4548],[140.9486,40.4497],[140.9464,40.4441],[140.9421,40.4398],[140.9391,40.4355],[140.9366,40.4329],[140.9466,40.4262],[140.9531,40.4201],[140.9599,40.4108],[140.964,40.3806],[140.9627,40.3686],[140.9574,40.3572],[140.9515,40.3476],[140.948,40.3387],[140.9436,40.3192],[140.9357,40.2976],[140.934,40.2856],[140.9337,40.2715],[140.9263,40.244]],[[140.6479,40.4118],[140.6615,40.4141],[140.6889,40.4237],[140.702,40.4253],[140.7169,40.4255],[140.7489,40.4463],[140.7743,40.4544],[140.788,40.4624],[140.8052,40.4817],[140.819,40.4923],[140.8499,40.4995]],[[140.409,40.4808],[140.4227,40.4769],[140.4294,40.469],[140.4338,40.4598],[140.4741,40.4448],[140.5278,40.4122],[140.5442,40.408]],[[140.3006,40.4471],[140.3295,40.4559],[140.358,40.4729],[140.3847,40.4801],[140.409,40.4808]],[[140.0614,40.4641],[140.0796,40.4602],[140.0953,40.4542],[140.1219,40.4486],[140.3006,40.4471]],[[139.9961,40.4319],[140.0125,40.4395],[140.0246,40.4487],[140.0455,40.4615],[140.0614,40.4641]],[[139.9814,40.4333],[139.9961,40.4319]],[[139.9438,40.4293],[139.9441,40.4293],[139.9814,40.4333]],[[140.5923,40.4252],[140.6067,40.4225],[140.6176,40.419],[140.6335,40.4123],[140.6479,40.4118]],[[140.5442,40.408],[140.5511,40.4113],[140.5596,40.4177],[140.5743,40.4238],[140.5923,40.4252]]]}},{"type":"Feature","properties":{"name":"Akita - Yamagata","adm0_name":"Japan","adm0_a3":"JPN","min_zoom":7},"geometry":{"type":"MultiLineString","coordinates":[[[139.8857,39.1151],[139.9628,39.0982]],[[139.8809,39.1151],[139.881,39.1151],[139.8857,39.1151]],[[140.0122,39.1098],[140.0241,39.1084],[140.0352,39.1051],[140.0686,39.0772],[140.1043,39.0574],[140.1262,39.0485],[140.1505,39.045]],[[139.9628,39.0982],[139.9737,39.0994],[139.9845,39.1017],[139.9949,39.106],[140.0122,39.1098]],[[140.1651,39.0453],[140.178,39.0412],[140.1846,39.0343],[140.1949,39.0267],[140.2107,39.02],[140.2858,39.0083],[140.3197,39.0072],[140.3428,39.0038],[140.4051,38.9757],[140.4212,38.9639],[140.4333,38.9397],[140.4489,38.9154],[140.4794,38.8922],[140.5329,38.8817]],[[140.1505,39.045],[140.1651,39.0453]]]}},{"type":"Feature","properties":{"name":"Niigata - Gunma","adm0_name":"Japan","adm0_a3":"JPN","min_zoom":6.7},"geometry":{"type":"MultiLineString","coordinates":[[[139.092,37.0392],[139.1045,37.0356],[139.1123,37.0289],[139.1163,37.0246],[139.1246,37.0135],[139.1292,37.0082],[139.136,37.0036],[139.1418,37.0007],[139.1432,37.0002],[139.1514,36.9949],[139.1565,36.9883],[139.1676,36.9602],[139.1779,36.9541],[139.1902,36.9519],[139.2007,36.951],[139.2146,36.9457]],[[138.744,36.7474],[138.769,36.7502],[138.7941,36.7578],[138.8081,36.7678],[138.8142,36.779],[138.8225,36.8036],[138.8367,36.8108],[138.8901,36.8267],[138.9033,36.8363],[138.9106,36.8432],[138.9146,36.8693],[138.9171,36.8785],[138.9251,36.8861],[138.9587,36.8944],[138.9647,36.9017],[138.964,36.9135],[138.9596,36.9272],[138.9605,36.9574],[138.9652,36.9674],[138.974,36.972],[139.0336,36.987],[139.054,36.9987],[139.0566,37.001],[139.0631,37.0091],[139.0723,37.0266],[139.08,37.0366],[139.092,37.0392]],[[138.7227,36.7492],[138.744,36.7474]],[[138.6795,36.7307],[138.7227,36.7492]]]}},{"type":"Feature","properties":{"name":"Niigata - Yamagata","adm0_name":"Japan","adm0_a3":"JPN","min_zoom":6.7},"geometry":{"type":"MultiLineString","coordinates":[[[139.7629,38.3546],[139.749,38.3595],[139.7346,38.3679],[139.7216,38.377],[139.7094,38.3877],[139.7005,38.3989],[139.6962,38.4155],[139.6999,38.4518],[139.6988,38.4673],[139.6996,38.4782],[139.7013,38.4866],[139.7018,38.4944],[139.6937,38.4994],[139.6802,38.5042],[139.6533,38.5098],[139.5623,38.5422],[139.5489,38.545],[139.5487,38.545]],[[139.7555,38.2076],[139.7782,38.2086],[139.7937,38.2119],[139.8081,38.2185],[139.8444,38.2409],[139.8553,38.252],[139.8636,38.2657],[139.8712,38.2859],[139.8692,38.3007],[139.8622,38.3144],[139.8553,38.3223],[139.8466,38.3301],[139.8056,38.3544],[139.7916,38.3564]],[[139.7916,38.3564],[139.7629,38.3546]],[[139.7164,38.2099],[139.7555,38.2076]],[[139.7246,37.8204],[139.6883,37.843],[139.654,37.8589],[139.631,37.8793],[139.6194,37.8958],[139.6174,37.9096],[139.62,37.922],[139.6295,37.9453],[139.6324,37.9695],[139.6351,37.9797],[139.6436,38.0001],[139.6439,38.0012],[139.6418,38.0293],[139.6445,38.0413],[139.6646,38.0719],[139.6792,38.1876],[139.6874,38.2021],[139.7015,38.2091],[139.7164,38.2099]]]}},{"type":"Feature","properties":{"name":"Toyama - Niigata","adm0_name":"Japan","adm0_a3":"JPN","min_zoom":7},"geometry":{"type":"LineString","coordinates":[[137.7327,36.7748],[137.6948,36.912],[137.6845,36.9259],[137.6717,36.935],[137.6374,36.9507],[137.6167,36.9692],[137.6146,36.9751]]}},{"type":"Feature","properties":{"name":"Gunma - Nagano","adm0_name":"Japan","adm0_a3":"JPN","min_zoom":6.7},"geometry":{"type":"MultiLineString","coordinates":[[[138.6795,36.7307],[138.6609,36.7242],[138.6296,36.7182],[138.6136,36.7126],[138.6035,36.7065],[138.5797,36.7016],[138.5419,36.6981],[138.5183,36.6925],[138.5074,36.6889],[138.4992,36.6821],[138.4967,36.6711],[138.4989,36.6561],[138.4939,36.6458],[138.4843,36.6385],[138.4469,36.6309],[138.4365,36.6254],[138.4307,36.6181],[138.4279,36.6079],[138.4241,36.5993],[138.4191,36.5908],[138.4113,36.5808],[138.4047,36.5704],[138.399,36.5455],[138.3838,36.5027],[138.379,36.4831],[138.3768,36.4678],[138.3806,36.4485],[138.3889,36.4345],[138.4086,36.4187],[138.4384,36.4003],[138.4507,36.3976]],[[138.569,36.4184],[138.5838,36.4169],[138.601,36.4117],[138.6148,36.4003],[138.6237,36.384],[138.6283,36.3374],[138.6296,36.3323],[138.6327,36.3239],[138.6299,36.3107],[138.6221,36.3001],[138.6115,36.2904],[138.5928,36.2794],[138.587,36.2702],[138.5886,36.255],[138.5951,36.227],[138.6047,36.205],[138.6047,36.1864],[138.6003,36.1762],[138.5926,36.1698],[138.5756,36.1696],[138.5681,36.1655],[138.5703,36.1533],[138.5754,36.1435],[138.5895,36.1325],[138.6021,36.1253],[138.6133,36.1164],[138.6139,36.105],[138.6127,36.0843],[138.6156,36.0626],[138.6147,36.0519],[138.6119,36.0421],[138.6145,36.031],[138.6278,36.017],[138.7009,35.9695]],[[138.4992,36.4023],[138.5141,36.4043],[138.5405,36.4141],[138.5542,36.4176],[138.569,36.4184]],[[138.4817,36.4034],[138.4992,36.4023]],[[138.4507,36.3976],[138.4641,36.3981],[138.4817,36.4034]]]}},{"type":"Feature","properties":{"name":"Niigata - Nagano","adm0_name":"Japan","adm0_a3":"JPN","min_zoom":7},"geometry":{"type":"MultiLineString","coordinates":[[[138.4997,37.0154],[138.5194,37.0136],[138.5359,37.01],[138.5531,37.0021],[138.5552,37.0006],[138.5594,36.9893],[138.5745,36.923],[138.5815,36.9085],[138.6046,36.8865],[138.648,36.8581],[138.6576,36.85],[138.6668,36.8358],[138.6696,36.8226],[138.6668,36.7632],[138.6795,36.7307]],[[138.2522,36.8487],[138.2639,36.8508],[138.2707,36.8584],[138.2738,36.8841],[138.2776,36.8953],[138.2863,36.9077],[138.2972,36.915],[138.3236,36.9256],[138.353,36.966],[138.3657,36.9774],[138.3821,36.9862],[138.4242,37.0017],[138.4814,37.0142],[138.4997,37.0154]],[[137.8847,36.9221],[137.899,36.9211],[137.9125,36.9182],[137.9296,36.9109],[137.9426,36.907],[137.9587,36.906],[137.9733,36.9036],[137.9893,36.897],[137.9985,36.8904],[138.0055,36.8829],[138.0084,36.8743],[138.0093,36.8636],[138.0056,36.8388],[138.0074,36.8316],[138.012,36.8258],[138.0442,36.8072]],[[137.7327,36.7748],[137.7753,36.7874],[137.7879,36.7942],[137.8011,36.8034],[137.8372,36.848],[137.8453,36.8614],[137.85,36.8737],[137.8479,36.8924],[137.8489,36.901],[137.8532,36.9092],[137.8605,36.9153],[137.8687,36.9192],[137.8752,36.9209],[137.8847,36.9221]],[[138.2154,36.8598],[138.2227,36.8587],[138.2343,36.856],[138.2522,36.8487]],[[138.0442,36.8072],[138.0581,36.8104],[138.0736,36.8266],[138.0854,36.8332],[138.1004,36.8355],[138.146,36.8371],[138.1641,36.8397],[138.1785,36.8444],[138.2081,36.8577],[138.2154,36.8598]]]}},{"type":"Feature","properties":{"name":"Nagano - Toyama","adm0_name":"Japan","adm0_a3":"JPN","min_zoom":7},"geometry":{"type":"LineString","coordinates":[[137.7327,36.7748],[137.7341,36.668],[137.7297,36.6446],[137.7283,36.6214],[137.7254,36.6048],[137.7195,36.5898],[137.7018,36.5717],[137.6858,36.5593],[137.6757,36.5488],[137.6715,36.5391],[137.6749,36.5284],[137.6765,36.5189],[137.6709,36.5067],[137.6568,36.492],[137.6431,36.4684],[137.6282,36.4345],[137.6208,36.4236],[137.6105,36.4138],[137.5806,36.3951],[137.5654,36.377]]}},{"type":"Feature","properties":{"name":"Gunma - Tochigi","adm0_name":"Japan","adm0_a3":"JPN","min_zoom":7},"geometry":{"type":"MultiLineString","coordinates":[[[139.4405,36.2685],[139.4236,36.2791],[139.4008,36.3004],[139.3913,36.311],[139.3836,36.3235],[139.3537,36.3481],[139.3435,36.3586],[139.3384,36.3686],[139.3365,36.3791],[139.3378,36.3888],[139.3409,36.3957],[139.3451,36.402],[139.3561,36.4151],[139.3632,36.4223],[139.3784,36.4438],[139.3836,36.4591],[139.3908,36.4751],[139.393,36.4875],[139.3971,36.4984],[139.4031,36.5081],[139.4118,36.5181],[139.4164,36.5259],[139.4189,36.5327],[139.4271,36.5436],[139.4387,36.5515],[139.4445,36.5615],[139.4476,36.5727],[139.4459,36.5859],[139.4359,36.5951],[139.4234,36.6005],[139.3637,36.6066],[139.3537,36.6097],[139.3413,36.6154],[139.312,36.6322],[139.3059,36.6447],[139.3072,36.6589],[139.3128,36.6763],[139.3257,36.7047],[139.3304,36.7193],[139.3289,36.7566],[139.3326,36.7691],[139.3421,36.7805],[139.352,36.7903],[139.3593,36.8004],[139.3666,36.8083],[139.3689,36.8143],[139.3683,36.8231],[139.3607,36.8295],[139.3506,36.8366],[139.3392,36.8487],[139.3364,36.8601],[139.3403,36.8718],[139.3596,36.902]],[[139.6537,36.2031],[139.6385,36.2257],[139.6055,36.2524],[139.5887,36.2601],[139.5028,36.2744],[139.4824,36.2751]],[[139.4824,36.2751],[139.4683,36.273],[139.4549,36.2688],[139.4405,36.2685]]]}},{"type":"Feature","properties":{"name":"Toyama - Gifu","adm0_name":"Japan","adm0_a3":"JPN","min_zoom":7},"geometry":{"type":"MultiLineString","coordinates":[[[137.2763,36.4522],[137.2848,36.4508],[137.2882,36.4446],[137.286,36.4374],[137.2851,36.4311],[137.2867,36.425],[137.2949,36.4211]],[[137.2001,36.4289],[137.2642,36.45],[137.2763,36.4522]],[[137.3413,36.4397],[137.3576,36.4368],[137.3882,36.423],[137.4142,36.4147],[137.4775,36.406],[137.5263,36.3878],[137.5654,36.377]],[[137.2949,36.4211],[137.3076,36.4235],[137.3187,36.4292],[137.3286,36.4363],[137.3413,36.4397]],[[137.1612,36.4368],[137.1759,36.432],[137.1877,36.4297],[137.2001,36.4289]],[[136.958,36.2733],[136.9771,36.2834],[136.9985,36.3035],[137.0052,36.3082],[137.0168,36.3135],[137.0268,36.3195],[137.0353,36.3305],[137.039,36.3404],[137.0415,36.3508],[137.0465,36.357],[137.0541,36.3627],[137.0668,36.3692],[137.0813,36.379],[137.1326,36.4252],[137.1458,36.4327],[137.1612,36.4368]],[[136.8505,36.3428],[136.8814,36.3378],[136.8989,36.3374],[136.9219,36.3328],[136.9357,36.3266],[136.9449,36.3189],[136.9487,36.3111],[136.9486,36.3031],[136.9428,36.284],[136.9462,36.2761],[136.958,36.2733]],[[136.7973,36.2877],[136.8058,36.289],[136.8145,36.2945],[136.8193,36.3032],[136.8227,36.315],[136.8286,36.3286],[136.8375,36.3376],[136.8505,36.3428]],[[136.7732,36.292],[136.7973,36.2877]]]}},{"type":"Feature","properties":{"name":"Gifu - Nagano","adm0_name":"Japan","adm0_a3":"JPN","min_zoom":7},"geometry":{"type":"MultiLineString","coordinates":[[[137.449,35.8841],[137.4628,35.8894],[137.4735,35.9005],[137.4846,35.9167],[137.5199,35.9528],[137.5584,36.0012],[137.5773,36.0312],[137.5821,36.0439],[137.5821,36.0568],[137.5724,36.0726],[137.5578,36.0848],[137.5448,36.1001],[137.5394,36.1179],[137.5465,36.1385],[137.5614,36.1656],[137.5649,36.1762],[137.5624,36.1896],[137.5618,36.1983],[137.5629,36.2106],[137.5722,36.2266],[137.598,36.2509],[137.6063,36.2604],[137.6119,36.2711],[137.6228,36.3002],[137.6245,36.315],[137.6183,36.3306],[137.6082,36.3471],[137.5654,36.377]],[[137.4111,35.8866],[137.428,35.8864],[137.449,35.8841]],[[137.5977,35.3803],[137.6044,35.3845],[137.6057,35.394],[137.5935,35.4241],[137.5907,35.4363],[137.5947,35.4533],[137.5947,35.4696],[137.5852,35.4951],[137.5604,35.5176],[137.5398,35.5271],[137.5342,35.5305],[137.5316,35.5335],[137.5282,35.5392],[137.51,35.59],[137.5118,35.6225],[137.5108,35.6346],[137.5033,35.6467],[137.4805,35.6693],[137.472,35.6816],[137.444,35.7334],[137.4347,35.7422],[137.4237,35.7487],[137.3958,35.7556],[137.3845,35.7616],[137.3776,35.7698],[137.3689,35.7775],[137.3571,35.7814],[137.3333,35.7838],[137.326,35.7899],[137.3232,35.8016],[137.3384,35.8245],[137.3759,35.8685],[137.3928,35.8806],[137.4111,35.8866]],[[137.5762,35.3819],[137.5977,35.3803]],[[137.5479,35.2704],[137.5637,35.3014],[137.5726,35.3133],[137.5784,35.3284],[137.5756,35.3451],[137.5645,35.3711],[137.5685,35.3787],[137.5762,35.3819]]]}},{"type":"Feature","properties":{"name":"Shiga - Gifu","adm0_name":"Japan","adm0_a3":"JPN","min_zoom":6.7},"geometry":{"type":"MultiLineString","coordinates":[[[136.3381,35.532],[136.326,35.5329],[136.3124,35.5417],[136.298,35.564],[136.2926,35.5799],[136.2892,35.6002],[136.2573,35.6456]],[[136.3988,35.2026],[136.3762,35.2315],[136.3754,35.2663],[136.394,35.3186],[136.3982,35.3436],[136.4025,35.3571],[136.4076,35.3934],[136.3974,35.4528],[136.3791,35.5011],[136.3684,35.5208],[136.3594,35.5339],[136.3476,35.5362]],[[136.3476,35.5362],[136.3381,35.532]]]}},{"type":"Feature","properties":{"name":"Saitama - Gunma","adm0_name":"Japan","adm0_a3":"JPN","min_zoom":7},"geometry":{"type":"MultiLineString","coordinates":[[[139.4731,36.1781],[139.4442,36.1963],[139.4125,36.2117],[139.3786,36.2225],[139.3043,36.2282],[139.2324,36.2422],[139.1987,36.2544],[139.1928,36.2576],[139.1776,36.2584],[139.1381,36.2706],[139.1119,36.2709]],[[139.1119,36.2709],[139.1082,36.2687],[139.0896,36.249],[139.0496,36.1965],[139.0444,36.1867],[139.0423,36.1757],[139.0423,36.1644],[139.0407,36.1498],[139.0338,36.1387],[139.0182,36.1289],[138.957,36.1111],[138.8583,36.0727],[138.7827,36.0352],[138.7643,36.0322],[138.7507,36.0272],[138.7414,36.0199],[138.7357,36.0121],[138.7323,36.0019],[138.7321,36.0007],[138.7318,35.9996],[138.7164,35.9811],[138.7009,35.9695]],[[139.674,36.1522],[139.61,36.1794],[139.5631,36.191],[139.5142,36.1928]],[[139.5142,36.1928],[139.4731,36.1781]]]}},{"type":"Feature","properties":{"name":"Nagano - Saitama","adm0_name":"Japan","adm0_a3":"JPN","min_zoom":6.7},"geometry":{"type":"LineString","coordinates":[[138.7157,35.8965],[138.6995,35.9498],[138.7009,35.9695]]}},{"type":"Feature","properties":{"name":"Toyama - Ishikawa","adm0_name":"Japan","adm0_a3":"JPN","min_zoom":7},"geometry":{"type":"MultiLineString","coordinates":[[[137.0444,36.9564],[137.0426,36.9563],[137.0086,36.9529]],[[137.0086,36.9529],[136.9914,36.9534]],[[136.9914,36.9534],[136.9793,36.9515],[136.9507,36.9397],[136.9382,36.9376]],[[136.9382,36.9376],[136.9269,36.9381]],[[136.9269,36.9381],[136.9149,36.9373],[136.9046,36.9331],[136.8941,36.9257],[136.8716,36.9024],[136.8598,36.887],[136.8328,36.8295],[136.8273,36.8131],[136.8244,36.7905],[136.8117,36.7526],[136.8043,36.7426],[136.7841,36.7274],[136.7771,36.7189],[136.7783,36.7059],[136.7813,36.6954],[136.7861,36.6849],[136.7877,36.6751],[136.787,36.6647],[136.7692,36.6215],[136.77,36.6034],[136.7728,36.5886],[136.7828,36.5567],[136.7836,36.5434],[136.7791,36.5248],[136.7738,36.5129],[136.7684,36.4966],[136.7584,36.4404],[136.7576,36.419],[136.7621,36.4028],[136.769,36.391],[136.7732,36.3766],[136.7737,36.3598],[136.7664,36.3345],[136.7644,36.3216],[136.7732,36.292]]]}},{"type":"Feature","properties":{"name":"Ishikawa - Gifu","adm0_name":"Japan","adm0_a3":"JPN","min_zoom":7},"geometry":{"type":"LineString","coordinates":[[136.7209,36.0748],[136.7453,36.1062],[136.7543,36.1477],[136.7625,36.1616],[136.8119,36.2201],[136.8168,36.2352],[136.8131,36.247],[136.7917,36.265],[136.7842,36.273],[136.7732,36.292]]}},{"type":"Feature","properties":{"name":"Yamanashi - Nagano","adm0_name":"Japan","adm0_a3":"JPN","min_zoom":7},"geometry":{"type":"MultiLineString","coordinates":[[[138.4663,35.8882],[138.4528,35.8903],[138.4443,35.8978],[138.4417,35.9077],[138.4415,35.9181],[138.4407,35.9251],[138.4369,35.9327],[138.4282,35.9392],[138.3987,35.9509],[138.3715,35.9573],[138.3603,35.9578]],[[138.3603,35.9578],[138.3496,35.951],[138.3383,35.9388],[138.2872,35.8627],[138.2789,35.8549],[138.2697,35.8493],[138.2571,35.8481]],[[138.6345,35.8533],[138.623,35.854],[138.613,35.8582],[138.6043,35.8668],[138.5999,35.878],[138.5947,35.8862],[138.5853,35.892],[138.5729,35.8946],[138.5568,35.8956],[138.5319,35.8995]],[[138.5319,35.8995],[138.5189,35.8995],[138.4663,35.8882]],[[138.7157,35.8965],[138.6628,35.8594],[138.6455,35.8542],[138.6345,35.8533]],[[138.2571,35.8481],[138.2354,35.8585]],[[138.2354,35.8585],[138.2255,35.858],[138.2165,35.8504],[138.1802,35.7867],[138.1797,35.7776],[138.1864,35.7656],[138.1977,35.7567],[138.2027,35.7471],[138.1975,35.7367],[138.1738,35.7132],[138.1685,35.6988],[138.1721,35.6747],[138.182,35.6478],[138.1961,35.6279]]]}},{"type":"Feature","properties":{"name":"Saitama - Yamanashi","adm0_name":"Japan","adm0_a3":"JPN","min_zoom":6.7},"geometry":{"type":"LineString","coordinates":[[138.7157,35.8965],[138.7976,35.856],[138.8306,35.8455],[138.869,35.8378],[138.9228,35.8354]]}},{"type":"Feature","properties":{"name":"Mie - Shiga","adm0_name":"Japan","adm0_a3":"JPN","min_zoom":7},"geometry":{"type":"MultiLineString","coordinates":[[[136.3988,35.2026],[136.407,35.1834],[136.4357,35.151],[136.4419,35.1415],[136.4432,35.1318],[136.4323,35.0621],[136.4184,35.0219],[136.4117,34.9824],[136.4072,34.9669],[136.3999,34.9495],[136.3917,34.9374],[136.3816,34.9264],[136.3701,34.9162],[136.3625,34.9058],[136.3426,34.8927],[136.3116,34.8793],[136.2405,34.8631],[136.1805,34.8625]],[[136.1805,34.8625],[136.1246,34.8723]],[[136.1246,34.8723],[136.1127,34.871],[136.1021,34.8651],[136.1004,34.8542],[136.1128,34.8331],[136.1012,34.8191],[136.082,34.8009],[136.0031,34.7737]]]}},{"type":"Feature","properties":{"name":"Gifu - Mie","adm0_name":"Japan","adm0_a3":"JPN","min_zoom":6.7},"geometry":{"type":"MultiLineString","coordinates":[[[136.5152,35.2319],[136.5283,35.2294],[136.5388,35.2228],[136.549,35.2042],[136.5582,35.194],[136.5847,35.1744],[136.618,35.158],[136.6734,35.1388]],[[136.3988,35.2026],[136.5152,35.2319]]]}},{"type":"Feature","properties":{"name":"Nara - Mie","adm0_name":"Japan","adm0_a3":"JPN","min_zoom":7},"geometry":{"type":"MultiLineString","coordinates":[[[136.129,34.5349],[136.1142,34.5364],[136.097,34.5425],[136.0759,34.5525],[136.0599,34.5629],[136.0525,34.5746],[136.0535,34.589],[136.0593,34.6055],[136.0583,34.6191],[136.0534,34.6264],[136.041,34.6338],[136.0382,34.6372],[136.0399,34.6412],[136.0633,34.6468],[136.0723,34.6563],[136.0649,34.6773],[136.0625,34.6918],[136.0591,34.7025],[136.0551,34.7085],[136.0497,34.7117],[136.0365,34.7153]],[[136.0872,34.0094],[136.0978,34.0116],[136.1015,34.0185],[136.0908,34.0359],[136.0858,34.05],[136.1094,34.1262],[136.1102,34.1386],[136.1072,34.1894],[136.1181,34.2284],[136.1187,34.2411],[136.1128,34.255],[136.1044,34.269],[136.1009,34.2834],[136.1065,34.292],[136.1077,34.3007],[136.082,34.3509],[136.0739,34.3635],[136.0692,34.377],[136.0712,34.3938],[136.0807,34.4088],[136.0956,34.42],[136.1139,34.4252],[136.1573,34.4312],[136.1775,34.4386],[136.2027,34.4588],[136.2104,34.4725],[136.2112,34.4864],[136.2079,34.4954],[136.2025,34.5015],[136.1813,34.504],[136.1715,34.5094],[136.1616,34.5278],[136.1536,34.5338],[136.1425,34.5356]],[[136.1425,34.5356],[136.129,34.5349]],[[136.0354,34.0107],[136.0872,34.0094]],[[135.8477,33.8381],[135.8754,33.8508],[135.8833,33.8629],[135.8914,33.8827],[135.9004,33.8885],[135.9151,33.8887],[135.9207,33.8934],[135.9255,33.9011],[135.9575,33.918],[135.9741,33.937],[135.9848,33.9531],[135.9907,33.9703],[136.0038,33.9931],[136.0176,34.0049],[136.0354,34.0107]]]}},{"type":"Feature","properties":{"name":"Chiba - Saitama","adm0_name":"Japan","adm0_a3":"JPN","min_zoom":7},"geometry":{"type":"LineString","coordinates":[[139.7528,36.0796],[139.7859,36.0368],[139.7965,36.0189],[139.8306,35.9379],[139.8386,35.9229],[139.8579,35.9008],[139.8665,35.8888],[139.8719,35.8694],[139.8748,35.8504],[139.8639,35.7781]]}},{"type":"Feature","properties":{"name":"Nagano - Aichi","adm0_name":"Japan","adm0_a3":"JPN","min_zoom":7},"geometry":{"type":"MultiLineString","coordinates":[[[137.5479,35.2704],[137.5387,35.2372],[137.5556,35.2019],[137.5652,35.1931],[137.5751,35.1882]],[[137.6624,35.209],[137.6821,35.2087],[137.7513,35.1962],[137.8056,35.1945]],[[137.5751,35.1882],[137.5882,35.1885],[137.6167,35.1927],[137.6297,35.1976],[137.6434,35.2048],[137.6624,35.209]]]}},{"type":"Feature","properties":{"name":"Aichi - Gifu","adm0_name":"Japan","adm0_a3":"JPN","min_zoom":7},"geometry":{"type":"MultiLineString","coordinates":[[[137.1804,35.2404],[137.1686,35.2422],[137.1593,35.2457],[137.1275,35.2667],[137.1146,35.2724],[137.1025,35.2761],[137.0867,35.2777],[137.0789,35.2799],[137.0708,35.2849],[137.0589,35.3042],[137.0507,35.3115],[137.0412,35.3173],[137.0361,35.3214],[137.0322,35.326],[137.0262,35.339],[137.0207,35.3477],[137.0131,35.3544],[136.9925,35.3638],[136.965,35.381],[136.9529,35.3841]],[[136.9529,35.3841],[136.9396,35.3819],[136.9324,35.38],[136.9098,35.3707],[136.8487,35.3601],[136.8286,35.353],[136.8059,35.3421],[136.7974,35.3405]],[[136.7974,35.3405],[136.7898,35.3408],[136.7765,35.3474],[136.7706,35.3521]],[[136.7706,35.3521],[136.761,35.3475],[136.753,35.3387],[136.7256,35.2913],[136.6801,35.2364],[136.6765,35.2156],[136.6734,35.1388]],[[137.5479,35.2704],[137.5001,35.2529],[137.4903,35.246],[137.4665,35.2323],[137.422,35.216],[137.4069,35.2152]],[[137.4069,35.2152],[137.3917,35.2207],[137.3698,35.2372],[137.3556,35.243],[137.3354,35.2488],[137.2932,35.2678],[137.2796,35.2692]],[[137.2796,35.2692],[137.2639,35.2662],[137.1996,35.2412],[137.1804,35.2404]]]}},{"type":"Feature","properties":{"name":"Mie - Aichi","adm0_name":"Japan","adm0_a3":"JPN","min_zoom":6.7},"geometry":{"type":"LineString","coordinates":[[136.7518,35.0262],[136.736,35.0417],[136.7245,35.0592],[136.7101,35.0914],[136.6983,35.1069],[136.6841,35.1213],[136.6734,35.1388]]}},{"type":"Feature","properties":{"name":"Saitama - Tokyo","adm0_name":"Japan","adm0_a3":"JPN","min_zoom":7},"geometry":{"type":"MultiLineString","coordinates":[[[139.004,35.8789],[139.0136,35.8773],[139.0456,35.8588],[139.0602,35.8531],[139.2715,35.809],[139.2895,35.8021],[139.3845,35.7549],[139.4115,35.752]],[[138.9228,35.8354],[138.9529,35.8579],[138.9937,35.8765],[139.004,35.8789]],[[139.7578,35.7953],[139.8045,35.7903],[139.8639,35.7781]],[[139.7061,35.7756],[139.7147,35.7764],[139.7213,35.7781],[139.7307,35.7872],[139.7401,35.7914],[139.7578,35.7953]],[[139.5074,35.7777],[139.5167,35.7776],[139.5229,35.7748],[139.5263,35.7673],[139.5288,35.7593],[139.5356,35.7516]],[[139.4115,35.752],[139.4343,35.7522],[139.4526,35.7564],[139.4672,35.7614],[139.4928,35.7738],[139.5074,35.7777]],[[139.6413,35.7771],[139.7061,35.7756]],[[139.5356,35.7516],[139.6036,35.759],[139.6151,35.7675],[139.6258,35.773],[139.6413,35.7771]]]}},{"type":"Feature","properties":{"name":"Tokyo - Yamanashi","adm0_name":"Japan","adm0_a3":"JPN","min_zoom":6.7},"geometry":{"type":"LineString","coordinates":[[138.9228,35.8354],[138.9466,35.8166],[138.9709,35.7616],[138.9805,35.7469],[138.9927,35.7325],[139.0358,35.6963],[139.1218,35.654]]}},{"type":"Feature","properties":{"name":"Tokyo - Chiba","adm0_name":"Japan","adm0_a3":"JPN","min_zoom":7},"geometry":{"type":"LineString","coordinates":[[139.8642,35.6321],[139.877,35.6608],[139.8812,35.6734],[139.886,35.6977],[139.8639,35.7781]]}},{"type":"Feature","properties":{"name":"Shizuoka - Nagano","adm0_name":"Japan","adm0_a3":"JPN","min_zoom":7},"geometry":{"type":"LineString","coordinates":[[138.1961,35.6279],[138.1868,35.6074],[138.1819,35.587],[138.1771,35.5786],[138.169,35.5707],[138.1544,35.5668],[138.1432,35.561],[138.1359,35.5471],[138.1387,35.535],[138.1397,35.5227],[138.1381,35.51],[138.1336,35.4923],[138.1367,35.4804],[138.1404,35.4699],[138.1387,35.4601],[138.1305,35.4478],[138.1133,35.434],[138.1094,35.4236],[138.1107,35.414],[138.1183,35.4041],[138.1237,35.3944],[138.1268,35.3845],[138.1231,35.3709],[138.1125,35.3574],[138.0855,35.337],[138.0677,35.3297],[138.0395,35.3244],[138.0278,35.319],[138.0146,35.3076],[138.0053,35.2972],[137.9962,35.2913],[137.9847,35.2865],[137.9594,35.282],[137.9398,35.2731],[137.8959,35.2433],[137.8754,35.2357],[137.838,35.2053],[137.8056,35.1945]]}},{"type":"Feature","properties":{"name":"Shizuoka - Yamanashi","adm0_name":"Japan","adm0_a3":"JPN","min_zoom":7},"geometry":{"type":"MultiLineString","coordinates":[[[138.2623,35.2938],[138.2466,35.2971],[138.2359,35.3037],[138.2319,35.3139],[138.2314,35.3237],[138.232,35.3335],[138.2305,35.3442],[138.2264,35.356],[138.2266,35.3676],[138.2354,35.3931],[138.2379,35.4084],[138.2342,35.4341],[138.2348,35.4441],[138.2413,35.4641],[138.2433,35.4748],[138.2413,35.5178],[138.237,35.5352],[138.2218,35.5728],[138.2165,35.6021],[138.2137,35.6118],[138.1961,35.6279]],[[138.6972,35.3508],[138.6724,35.3561],[138.6573,35.365],[138.6483,35.3739],[138.6347,35.3811],[138.6127,35.3836],[138.5932,35.3921],[138.5565,35.4175]],[[138.5565,35.4175],[138.5434,35.417],[138.534,35.4097],[138.5277,35.3969],[138.5233,35.3814],[138.5163,35.3297],[138.5057,35.2942],[138.504,35.2568],[138.5073,35.2313],[138.5101,35.2192],[138.5105,35.2075],[138.509,35.1994],[138.5071,35.1943],[138.5034,35.1884],[138.4978,35.1815],[138.4874,35.1722],[138.4724,35.1617],[138.4579,35.1573],[138.4434,35.157]],[[138.9003,35.3809],[138.8297,35.3647],[138.6972,35.3508]],[[138.4434,35.157],[138.4304,35.1593],[138.419,35.1651],[138.3983,35.1814],[138.3835,35.1903],[138.3749,35.2038],[138.3675,35.2187],[138.3526,35.2784],[138.343,35.2921],[138.3282,35.2999],[138.3046,35.3019]],[[138.3046,35.3019],[138.284,35.299],[138.2623,35.2938]]]}},{"type":"Feature","properties":{"name":"Shizuoka - Aichi","adm0_name":"Japan","adm0_a3":"JPN","min_zoom":7},"geometry":{"type":"LineString","coordinates":[[137.8056,35.1945],[137.798,35.1623],[137.7961,35.1365],[137.787,35.1134],[137.7702,35.0812],[137.7535,35.0632],[137.6978,35.0181],[137.6849,35.0025],[137.6762,34.9615],[137.6704,34.9472],[137.6333,34.9117],[137.6251,34.8966],[137.618,34.8793],[137.6092,34.8691],[137.5792,34.845],[137.5719,34.841],[137.5637,34.8378],[137.5119,34.8262],[137.4976,34.8198],[137.4884,34.8098],[137.4715,34.7709],[137.4667,34.7525],[137.4633,34.7252],[137.4647,34.7068],[137.4679,34.6933],[137.4687,34.6869],[137.4679,34.671]]}},{"type":"Feature","properties":{"name":"Kanagawa - Yamanashi","adm0_name":"Japan","adm0_a3":"JPN","min_zoom":6.7},"geometry":{"type":"LineString","coordinates":[[139.1218,35.654],[139.1137,35.6308],[139.1176,35.5979],[139.1165,35.5848],[139.1063,35.5393],[139.0992,35.5257],[139.091,35.514],[139.0805,35.5049],[138.9909,35.4648],[138.9702,35.4579],[138.952,35.4497],[138.9333,35.4371],[138.9061,35.4008],[138.9003,35.3809]]}},{"type":"Feature","properties":{"name":"Kanagawa - Tokyo","adm0_name":"Japan","adm0_a3":"JPN","min_zoom":7},"geometry":{"type":"MultiLineString","coordinates":[[[139.4675,35.4889],[139.4631,35.4898],[139.4582,35.493],[139.426,35.5279],[139.4172,35.5398],[139.3991,35.5563],[139.3773,35.5668],[139.342,35.5732],[139.2977,35.5753],[139.2664,35.5821],[139.2453,35.5917],[139.2038,35.6237],[139.1828,35.6314],[139.1474,35.65],[139.1218,35.654]],[[139.7866,35.5115],[139.7845,35.5118],[139.6978,35.5381],[139.668,35.5551],[139.6625,35.5593],[139.6549,35.5641],[139.5394,35.6126],[139.5274,35.614]],[[139.5274,35.614],[139.5137,35.6114],[139.5028,35.6075],[139.4956,35.6029],[139.4917,35.5966],[139.4878,35.5918],[139.4799,35.5907]],[[139.4799,35.5907],[139.4621,35.5988]],[[139.4621,35.5988],[139.4545,35.5973],[139.4532,35.5923],[139.4596,35.5857],[139.4849,35.5658],[139.4898,35.5588],[139.4893,35.5547],[139.4855,35.5496]],[[139.4855,35.5496],[139.476,35.55]],[[139.476,35.55],[139.4718,35.5418],[139.4748,35.5081],[139.474,35.4987],[139.4726,35.4935],[139.4706,35.49],[139.4675,35.4889]]]}},{"type":"Feature","properties":{"name":"Shizuoka - Kanagawa","adm0_name":"Japan","adm0_a3":"JPN","min_zoom":6.7},"geometry":{"type":"MultiLineString","coordinates":[[[139.0944,35.1175],[139.0729,35.1248],[139.0519,35.1287],[139.0288,35.1356],[139.0193,35.1412],[139.0124,35.1468],[139.0026,35.1578],[138.9839,35.183],[138.9736,35.205],[138.9686,35.2303],[138.9706,35.2498],[138.9771,35.2617],[138.9934,35.2769],[138.9981,35.2848],[139.0003,35.2906],[139.0003,35.3014],[138.9987,35.313],[138.9936,35.3337],[138.9902,35.3424],[138.9883,35.3485],[138.9868,35.3562],[138.9875,35.3738],[138.9866,35.3811],[138.9749,35.3867],[138.9646,35.3884]],[[138.9646,35.3884],[138.9003,35.3809]]]}},{"type":"Feature","properties":{"name":"Miyagi - Yamagata","adm0_name":"Japan","adm0_a3":"JPN","min_zoom":7},"geometry":{"type":"MultiLineString","coordinates":[[[140.5329,38.8817],[140.5427,38.8575],[140.5771,38.8222],[140.5951,38.7902],[140.616,38.7654],[140.6182,38.7556],[140.6164,38.7474],[140.6089,38.7364],[140.6067,38.7323],[140.6046,38.7104],[140.606,38.6864],[140.6036,38.672],[140.599,38.6598],[140.5911,38.6496],[140.5819,38.6433],[140.568,38.6418]],[[140.568,38.6418],[140.5521,38.6441]],[[140.5521,38.6441],[140.5411,38.6421],[140.5344,38.6312],[140.5346,38.6192],[140.5379,38.6074],[140.5489,38.5846],[140.5543,38.5678],[140.5549,38.5244],[140.5584,38.5081],[140.5652,38.4965],[140.574,38.4887],[140.582,38.48],[140.5879,38.4657],[140.585,38.4529],[140.5726,38.4295],[140.5597,38.3948],[140.5523,38.3858],[140.5431,38.3794],[140.5225,38.3577],[140.512,38.3331],[140.5031,38.3187],[140.4828,38.2952],[140.4744,38.2817],[140.4682,38.2678],[140.4614,38.2448],[140.4631,38.2082],[140.4622,38.1908],[140.4591,38.1751],[140.4508,38.1521],[140.4407,38.1395],[140.4139,38.1144],[140.3965,38.0912],[140.3788,38.0787],[140.3607,38.0686],[140.3449,38.0651],[140.3086,38.0617],[140.295,38.0566],[140.2823,38.0451],[140.2771,38.0302],[140.2696,37.9642]]]}},{"type":"Feature","properties":{"name":"Miyagi - Akita","adm0_name":"Japan","adm0_a3":"JPN","min_zoom":7},"geometry":{"type":"MultiLineString","coordinates":[[[140.7594,38.9517],[140.7343,38.9435],[140.7255,38.937],[140.7104,38.9281],[140.6956,38.9168],[140.642,38.8893],[140.5776,38.872],[140.5581,38.8715]],[[140.5581,38.8715],[140.5441,38.8737],[140.5329,38.8817]]]}},{"type":"Feature","properties":{"name":"Gunma - Ibaraki","adm0_name":"Japan","adm0_a3":"JPN","min_zoom":7},"geometry":{"type":"LineString","coordinates":[[139.674,36.1522],[139.6537,36.2031]]}},{"type":"Feature","properties":{"name":"Tochigi - Ibaraki","adm0_name":"Japan","adm0_a3":"JPN","min_zoom":7},"geometry":{"type":"MultiLineString","coordinates":[[[140.1442,36.391],[140.1572,36.3925],[140.1703,36.4016],[140.1811,36.4149],[140.2004,36.4593],[140.2104,36.4762],[140.23,36.4996],[140.2354,36.5169],[140.2376,36.5413],[140.2298,36.6236],[140.2217,36.6605],[140.221,36.6772],[140.228,36.6894],[140.2423,36.7003],[140.2593,36.709],[140.2668,36.7186],[140.2548,36.7439],[140.2506,36.7613],[140.2513,36.8094],[140.2465,36.8419],[140.2468,36.8599],[140.2454,36.8764],[140.2399,36.8962],[140.2373,36.9248]],[[140.1143,36.396],[140.1442,36.391]],[[140.0029,36.3644],[140.0142,36.3649],[140.0393,36.3734],[140.0548,36.3833],[140.0865,36.3916],[140.1143,36.396]],[[139.9761,36.3682],[139.9944,36.3649],[140.0029,36.3644]],[[139.8745,36.3044],[139.8834,36.3051],[139.8949,36.3093],[139.9074,36.3266],[139.9535,36.3621],[139.9653,36.3665],[139.9761,36.3682]],[[139.8587,36.3052],[139.8745,36.3044]],[[139.6767,36.2009],[139.7036,36.2047],[139.7462,36.2182],[139.782,36.2343],[139.7918,36.2416],[139.8064,36.266],[139.8172,36.28],[139.8404,36.3],[139.8587,36.3052]],[[139.6537,36.2031],[139.6678,36.2012],[139.6767,36.2009]]]}},{"type":"Feature","properties":{"name":"Ibaraki - Saitama","adm0_name":"Japan","adm0_a3":"JPN","min_zoom":7},"geometry":{"type":"LineString","coordinates":[[139.674,36.1522],[139.679,36.1407],[139.6855,36.1255],[139.7109,36.0983],[139.724,36.0892],[139.7335,36.0849],[139.7528,36.0796]]}},{"type":"Feature","properties":{"name":"Ibaraki - Chiba","adm0_name":"Japan","adm0_a3":"JPN","min_zoom":7},"geometry":{"type":"MultiLineString","coordinates":[[[139.7718,36.08],[139.7917,36.0748]],[[139.7528,36.0796],[139.7718,36.08]],[[139.8055,36.0778],[139.866,36.0051],[139.9324,35.9385],[139.9696,35.9139],[140.1273,35.8544],[140.1698,35.8442],[140.1897,35.8429]],[[139.7917,36.0748],[139.8055,36.0778]],[[140.4614,35.8924],[140.5515,35.8886],[140.5696,35.8838],[140.6257,35.8537],[140.6708,35.8416],[140.6927,35.8327],[140.7109,35.8197],[140.7554,35.774],[140.7768,35.7569],[140.799,35.7438],[140.8248,35.7354],[140.8572,35.7324]],[[140.1897,35.8429],[140.3199,35.8507],[140.3456,35.8554],[140.3678,35.8784],[140.3928,35.8849],[140.4614,35.8924]],[[140.8572,35.7324],[140.8595,35.7354]]]}},{"type":"Feature","properties":{"name":"Aomori - Iwate","adm0_name":"Japan","adm0_a3":"JPN","min_zoom":7},"geometry":{"type":"MultiLineString","coordinates":[[[141.5369,40.3564],[141.5531,40.3592],[141.5654,40.3676],[141.5707,40.3763],[141.5738,40.3859],[141.5785,40.3964],[141.5878,40.4071],[141.6745,40.4481],[141.681,40.451]],[[141.4736,40.3685],[141.5111,40.359],[141.5369,40.3564]],[[141.3569,40.3401],[141.3829,40.3455],[141.4306,40.3618],[141.4543,40.3674],[141.4736,40.3685]],[[141.3025,40.3554],[141.3149,40.3551],[141.3257,40.35],[141.3354,40.3426],[141.3569,40.3401]],[[141.0015,40.2113],[141.0134,40.2131],[141.0254,40.2186],[141.0876,40.2627],[141.2415,40.3342],[141.3025,40.3554]],[[140.9263,40.244],[140.9744,40.2193],[140.9885,40.2143],[141.0015,40.2113]]]}},{"type":"Feature","properties":{"name":"Akita - Iwate","adm0_name":"Japan","adm0_a3":"JPN","min_zoom":7},"geometry":{"type":"MultiLineString","coordinates":[[[140.854,39.8667],[140.864,39.8703],[140.8706,39.8783],[140.869,39.8912],[140.8551,39.9213],[140.8494,39.9386],[140.8453,39.9582],[140.8445,39.9667],[140.8425,39.9775],[140.8406,40.0395],[140.8378,40.0538],[140.8382,40.0664],[140.8416,40.0772],[140.8506,40.092],[140.856,40.1041],[140.8557,40.1175],[140.8569,40.1326],[140.8603,40.142],[140.8619,40.1502],[140.8595,40.1596],[140.8564,40.1683],[140.8554,40.1806],[140.8706,40.2016],[140.8848,40.2167],[140.907,40.2295],[140.9263,40.244]],[[140.8304,39.8685],[140.8425,39.867],[140.854,39.8667]],[[140.7594,38.9517],[140.7746,39.0039],[140.7953,39.0391],[140.7984,39.0487],[140.7947,39.0602],[140.7859,39.0678],[140.7728,39.0754],[140.7585,39.0864],[140.7513,39.0991],[140.7494,39.1133],[140.7529,39.1276],[140.7639,39.1481],[140.775,39.1573],[140.7862,39.1627],[140.7941,39.1678],[140.7961,39.1747],[140.7906,39.1821],[140.7824,39.1884],[140.7742,39.1958],[140.7692,39.2058],[140.77,39.22],[140.7666,39.2312],[140.7605,39.2409],[140.7515,39.2478],[140.7317,39.2592],[140.7228,39.2663],[140.7174,39.2737],[140.7068,39.2856],[140.6994,39.2921],[140.6934,39.3026],[140.6845,39.3343],[140.6645,39.3674],[140.6604,39.3807],[140.6581,39.3923],[140.676,39.4355],[140.7143,39.4928],[140.7293,39.5293],[140.7391,39.5469],[140.7481,39.5601],[140.7909,39.5991],[140.8062,39.6216],[140.8104,39.6314],[140.8138,39.6439],[140.8128,39.6624],[140.8086,39.6771],[140.8005,39.6932],[140.7902,39.7198],[140.7972,39.735],[140.8042,39.7459],[140.8192,39.7652],[140.8246,39.775],[140.8265,39.7843],[140.8162,39.7943],[140.7937,39.809],[140.7862,39.8173],[140.7828,39.8291],[140.7832,39.8402],[140.7859,39.8503],[140.7944,39.8605],[140.8048,39.8656],[140.8166,39.8685],[140.8304,39.8685]]]}},{"type":"Feature","properties":{"name":"Iwate - Miyagi","adm0_name":"Japan","adm0_a3":"JPN","min_zoom":7},"geometry":{"type":"MultiLineString","coordinates":[[[141.54,38.9902],[141.5677,38.9857],[141.5954,38.9763],[141.6337,38.9696],[141.6403,38.9675]],[[141.4067,38.7854],[141.4168,38.7886],[141.4433,38.8094],[141.4489,38.8163],[141.4506,38.8241],[141.45,38.8327],[141.4514,38.8532],[141.4501,38.8637],[141.4507,38.8728],[141.455,38.882],[141.4621,38.8899],[141.4703,38.897],[141.477,38.9046],[141.4813,38.9114],[141.484,38.9212],[141.484,38.9324],[141.4824,38.9474],[141.4824,38.9636],[141.4858,38.977],[141.4995,38.9868],[141.5148,38.9896],[141.54,38.9902]],[[140.7594,38.9517],[140.8161,38.9466],[140.907,38.9141],[140.9764,38.8804],[140.9927,38.8752],[141.0053,38.8729]],[[141.0741,38.8732],[141.1126,38.8695],[141.1289,38.8636],[141.137,38.8571],[141.1362,38.8527],[141.133,38.8494],[141.1177,38.8398],[141.1125,38.8314],[141.1135,38.8224],[141.1334,38.7988],[141.1461,38.7862],[141.1809,38.7739],[141.2178,38.7538]],[[141.0053,38.8729],[141.0741,38.8732]],[[141.3207,38.813],[141.334,38.8087],[141.3554,38.8048],[141.4067,38.7854]],[[141.2178,38.7538],[141.2284,38.7542],[141.2365,38.7583],[141.2514,38.7725],[141.2607,38.7784],[141.2891,38.7905],[141.2975,38.7968],[141.3032,38.8044],[141.3094,38.81],[141.3207,38.813]]]}},{"type":"Feature","properties":{"name":"Fukushima - Gunma","adm0_name":"Japan","adm0_a3":"JPN","min_zoom":6.7},"geometry":{"type":"LineString","coordinates":[[139.2146,36.9457],[139.2174,36.9295],[139.2265,36.925],[139.247,36.9202],[139.2716,36.9196],[139.3596,36.902]]}},{"type":"Feature","properties":{"name":"Yamagata - Fukushima","adm0_name":"Japan","adm0_a3":"JPN","min_zoom":7},"geometry":{"type":"MultiLineString","coordinates":[[[140.2033,37.7385],[140.2145,37.7406],[140.2227,37.7433],[140.231,37.7474],[140.2612,37.769],[140.2692,37.7805],[140.2737,37.7996],[140.2671,37.8311],[140.2651,37.8723],[140.2674,37.9067],[140.2704,37.9259],[140.2696,37.9642]],[[139.7246,37.8204],[139.7648,37.8165],[139.7761,37.8093],[139.7907,37.8058]],[[139.9166,37.8145],[139.9324,37.8116],[139.9456,37.7999],[139.9655,37.7729],[139.9792,37.762],[139.9906,37.7565],[139.9992,37.7543]],[[139.89,37.8047],[139.9043,37.8081],[139.9166,37.8145]],[[139.8502,37.8119],[139.8782,37.8055],[139.89,37.8047]],[[139.7907,37.8058],[139.8064,37.806],[139.8256,37.8115],[139.8502,37.8119]],[[140.0363,37.7572],[140.0492,37.756],[140.061,37.7522],[140.0721,37.7455],[140.0939,37.7274],[140.1043,37.7227],[140.1174,37.7226]],[[139.9992,37.7543],[140.0076,37.7543],[140.0363,37.7572]],[[140.1726,37.7431],[140.1822,37.7404],[140.1925,37.7389],[140.2033,37.7385]],[[140.1174,37.7226],[140.1315,37.7268],[140.1493,37.7385],[140.1617,37.7423],[140.1726,37.7431]]]}},{"type":"Feature","properties":{"name":"Fukushima - Niigata","adm0_name":"Japan","adm0_a3":"JPN","min_zoom":6.7},"geometry":{"type":"MultiLineString","coordinates":[[[139.7246,37.8204],[139.6857,37.7804],[139.6656,37.7638],[139.5953,37.6804],[139.548,37.6383],[139.5371,37.6244],[139.5333,37.6137],[139.5358,37.6036],[139.5387,37.5975],[139.5441,37.5887],[139.5496,37.5773],[139.5529,37.5631],[139.5561,37.5182],[139.5536,37.5065],[139.5435,37.5039]],[[139.5435,37.5039],[139.5154,37.509]],[[139.5154,37.509],[139.5028,37.5076],[139.4804,37.5023],[139.4672,37.5012]],[[139.4672,37.5012],[139.4195,37.5033]],[[139.4195,37.5033],[139.4039,37.4962],[139.3952,37.4884],[139.3814,37.4608],[139.3711,37.4584]],[[139.3711,37.4584],[139.3407,37.4618]],[[139.3407,37.4618],[139.326,37.4613],[139.2636,37.4473],[139.2257,37.4469],[139.2088,37.4411],[139.1956,37.4293],[139.1885,37.4181],[139.1868,37.4084],[139.1888,37.399],[139.1973,37.3898],[139.2038,37.3796],[139.2082,37.3673],[139.2082,37.3546],[139.1939,37.2966],[139.1883,37.2835],[139.1601,37.2408],[139.1556,37.2259],[139.1595,37.2137],[139.1725,37.1961],[139.1784,37.1896]],[[139.195,37.1923],[139.2043,37.1921],[139.21,37.1855],[139.231,37.1493],[139.2352,37.1399],[139.2363,37.1291],[139.2346,37.1156],[139.2346,37.0907],[139.2406,37.0395],[139.2392,37.0279],[139.2313,37.0009],[139.227,36.9618],[139.2146,36.9457]],[[139.1784,37.1896],[139.1874,37.1897],[139.195,37.1923]]]}},{"type":"Feature","properties":{"name":"Fukushima - Tochigi","adm0_name":"Japan","adm0_a3":"JPN","min_zoom":6.7},"geometry":{"type":"MultiLineString","coordinates":[[[139.9169,37.1436],[139.9582,37.1394],[140.0981,37.1058],[140.1134,37.098],[140.1636,37.0655],[140.1763,37.0589],[140.185,37.0529],[140.1909,37.0434],[140.1942,37.031],[140.1988,37.0202],[140.2072,37.0121],[140.2255,37.0042],[140.2292,37.002],[140.2304,37.001],[140.2313,37],[140.2345,36.9902],[140.241,36.9431],[140.2373,36.9248]],[[139.3596,36.902],[139.4079,36.9251],[139.4459,36.9561],[139.463,36.9627],[139.5096,36.9749],[139.6785,37.0532],[139.7474,37.077],[139.7644,37.08],[139.7912,37.0812],[139.8223,37.1055],[139.8613,37.1304],[139.8859,37.1392],[139.9169,37.1436]]]}},{"type":"Feature","properties":{"name":"Fukushima - Miyagi","adm0_name":"Japan","adm0_a3":"JPN","min_zoom":7},"geometry":{"type":"MultiLineString","coordinates":[[[140.3206,37.9459],[140.2696,37.9642]],[[140.5084,37.8931],[140.498,37.8949],[140.485,37.9034],[140.4688,37.9252],[140.4577,37.9356],[140.4432,37.943],[140.4046,37.9546]],[[140.4046,37.9546],[140.3903,37.9537],[140.3529,37.9462],[140.3206,37.9459]],[[140.7641,37.7702],[140.733,37.7769],[140.6947,37.7985],[140.6873,37.8075],[140.6828,37.8157],[140.6811,37.8239],[140.683,37.847],[140.6794,37.8599],[140.6696,37.8724],[140.6516,37.8829],[140.6319,37.8865],[140.6144,37.8942],[140.5749,37.9033]],[[140.5749,37.9033],[140.5174,37.8932],[140.5084,37.8931]],[[140.9332,37.8898],[140.9267,37.8898],[140.8778,37.8877],[140.8647,37.883],[140.8549,37.876],[140.8527,37.8675],[140.8552,37.8474],[140.8552,37.8381],[140.8527,37.81],[140.8496,37.7988],[140.8413,37.7909],[140.8249,37.7864],[140.7781,37.786],[140.7751,37.7837],[140.7846,37.7754],[140.779,37.7704],[140.7641,37.7702]]]}},{"type":"Feature","properties":{"name":"Ibaraki - Fukushima","adm0_name":"Japan","adm0_a3":"JPN","min_zoom":6.7},"geometry":{"type":"MultiLineString","coordinates":[[[140.7973,36.8465],[140.6982,36.8686],[140.6878,36.8735],[140.6144,36.8961],[140.5987,36.9051],[140.5879,36.9147],[140.583,36.9225],[140.5757,36.9267]],[[140.5757,36.9267],[140.57,36.9261],[140.5615,36.9179],[140.5597,36.9082],[140.5615,36.8973],[140.5669,36.883],[140.5698,36.8714],[140.5647,36.8632],[140.5324,36.8456],[140.5148,36.8295],[140.5065,36.8195],[140.4967,36.8127],[140.4812,36.7971],[140.4693,36.7922]],[[140.4693,36.7922],[140.4499,36.7946],[140.4069,36.8158],[140.3786,36.8359],[140.3545,36.8567],[140.3282,36.8743],[140.3056,36.8938],[140.286,36.9059],[140.2373,36.9248]]]}},{"type":"Feature","properties":{"name":"Yamaguchi - Shimane","adm0_name":"Japan","adm0_a3":"JPN","min_zoom":7},"geometry":{"type":"MultiLineString","coordinates":[[[131.8127,34.2996],[131.7951,34.3017],[131.782,34.3065],[131.7714,34.3143],[131.7648,34.3241],[131.7584,34.3375],[131.7532,34.3518],[131.7513,34.3635],[131.7514,34.3735],[131.7554,34.3818],[131.7725,34.4038],[131.7727,34.4097],[131.7685,34.4161],[131.6965,34.429],[131.6833,34.4377],[131.6792,34.4471],[131.6816,34.4566],[131.6811,34.4678],[131.6721,34.4794],[131.6671,34.4961],[131.6688,34.5098],[131.6785,34.5237],[131.6935,34.555],[131.6994,34.5623],[131.7034,34.571],[131.7033,34.581],[131.6856,34.6158],[131.6819,34.6252],[131.6792,34.6406],[131.6789,34.6489],[131.6805,34.6623],[131.6796,34.6665],[131.6756,34.6721]],[[132.0504,34.4578],[131.9916,34.4134],[131.9877,34.4018],[131.9899,34.3862],[131.9969,34.378],[132.0003,34.3724],[132.002,34.3639],[131.9986,34.3583],[131.9936,34.3535],[131.9662,34.3434],[131.9623,34.3397],[131.9587,34.334],[131.9522,34.3167],[131.9468,34.306],[131.9395,34.3032]],[[131.9395,34.3032],[131.9309,34.3076],[131.9206,34.3157],[131.9081,34.3196]],[[131.9081,34.3196],[131.8963,34.3177],[131.8454,34.3031],[131.8127,34.2996]]]}},{"type":"Feature","properties":{"name":"Shimane - Tottori","adm0_name":"Japan","adm0_a3":"JPN","min_zoom":7},"geometry":{"type":"MultiLineString","coordinates":[[[133.2536,35.537],[133.2575,35.5362]],[[133.1279,35.0673],[133.1476,35.1219],[133.1723,35.1578],[133.175,35.174],[133.1717,35.1862],[133.1657,35.195],[133.1644,35.2059],[133.1746,35.2144],[133.1875,35.2225],[133.2716,35.2558],[133.2932,35.2692],[133.2998,35.2824],[133.3002,35.3008],[133.2974,35.3338],[133.3039,35.3893],[133.3064,35.3963],[133.3113,35.399],[133.3156,35.4006],[133.3233,35.406],[133.3257,35.4115],[133.3251,35.4161],[133.3225,35.4196],[133.32,35.4215],[133.317,35.4236],[133.2873,35.4333],[133.2753,35.4392],[133.2499,35.4561],[133.242,35.4638],[133.2333,35.4768],[133.2313,35.4815],[133.2286,35.49],[133.2262,35.4942],[133.2232,35.4981],[133.2195,35.5015],[133.2078,35.5087],[133.2039,35.5123],[133.2008,35.5165],[133.2049,35.5212],[133.2097,35.5242],[133.2536,35.537]]]}},{"type":"Feature","properties":{"name":"Fukui - Shiga","adm0_name":"Japan","adm0_a3":"JPN","min_zoom":6.7},"geometry":{"type":"MultiLineString","coordinates":[[[136.1673,35.675],[136.2573,35.6456]],[[136.1223,35.556],[136.1355,35.5579],[136.1453,35.571],[136.1463,35.5821],[136.1432,35.5925],[136.1344,35.6109],[136.1333,35.6271],[136.1322,35.6334],[136.1244,35.6493],[136.124,35.6553],[136.1277,35.6635],[136.147,35.6712],[136.1673,35.675]],[[136.0958,35.5585],[136.1092,35.5584],[136.1223,35.556]],[[136.0808,35.5143],[136.0886,35.5226],[136.0897,35.5319],[136.0889,35.5427],[136.09,35.5513],[136.0958,35.5585]],[[136.0709,35.5151],[136.0808,35.5143]],[[135.9795,35.4804],[135.9915,35.4846],[136.0157,35.5033],[136.0439,35.512],[136.0567,35.5143],[136.0709,35.5151]],[[135.931,35.5026],[135.9381,35.5009],[135.9451,35.4969],[135.9551,35.4875],[135.9671,35.4818],[135.9795,35.4804]],[[135.8669,35.3798],[135.8765,35.3816],[135.8863,35.3907],[135.8939,35.4007],[135.901,35.4138],[135.9212,35.4891],[135.9257,35.4975],[135.931,35.5026]],[[135.8412,35.3866],[135.8554,35.3818],[135.8669,35.3798]],[[135.7429,35.3376],[135.7992,35.3769],[135.8175,35.3847],[135.8412,35.3866]]]}},{"type":"Feature","properties":{"name":"Gifu - Fukui","adm0_name":"Japan","adm0_a3":"JPN","min_zoom":7},"geometry":{"type":"MultiLineString","coordinates":[[[136.7209,36.0748],[136.7243,36.0599],[136.7223,36.0512],[136.7158,36.0388],[136.7071,36.0139],[136.7028,35.9727],[136.6992,35.9558],[136.6986,35.9435],[136.7012,35.9316],[136.7078,35.9227],[136.7166,35.9152],[136.7279,35.9102],[136.7539,35.9044],[136.7659,35.8983],[136.779,35.887],[136.7925,35.8694],[136.8021,35.8504],[136.8031,35.8361],[136.7956,35.8244],[136.7827,35.8131],[136.7686,35.791],[136.7577,35.784],[136.7268,35.7832],[136.7101,35.7808],[136.6871,35.7745],[136.6686,35.7739]],[[136.6686,35.7739],[136.6344,35.7793]],[[136.6344,35.7793],[136.612,35.7793],[136.508,35.7618],[136.4952,35.7561],[136.4893,35.7482],[136.4842,35.7391]],[[136.4147,35.7538],[136.3991,35.7559],[136.3645,35.7661],[136.3503,35.7679]],[[136.3503,35.7679],[136.337,35.7664],[136.3242,35.7617],[136.3132,35.7546],[136.3043,35.7442],[136.2899,35.6953],[136.2573,35.6456]],[[136.4842,35.7391],[136.4761,35.7399],[136.4554,35.7519],[136.4427,35.754],[136.43,35.7546]],[[136.43,35.7546],[136.4147,35.7538]]]}},{"type":"Feature","properties":{"name":"Fukui - Ishikawa","adm0_name":"Japan","adm0_a3":"JPN","min_zoom":7},"geometry":{"type":"MultiLineString","coordinates":[[[136.4357,36.1402],[136.4169,36.1405],[136.3783,36.1554],[136.3587,36.1595],[136.3356,36.1619],[136.3229,36.1663],[136.3119,36.1738],[136.3052,36.1841],[136.3011,36.1963],[136.294,36.2252],[136.29,36.2359],[136.2866,36.2424],[136.2801,36.2484],[136.2761,36.2513],[136.2432,36.2698],[136.2412,36.2718],[136.2267,36.2856]],[[136.6562,36.0634],[136.6372,36.0662],[136.623,36.0745],[136.5868,36.108],[136.5662,36.1235],[136.533,36.1399],[136.4949,36.1458],[136.4627,36.1468]],[[136.4627,36.1468],[136.4489,36.1446],[136.4357,36.1402]],[[136.7209,36.0748],[136.6562,36.0634]]]}},{"type":"Feature","properties":{"name":"Yamaguchi - Hiroshima","adm0_name":"Japan","adm0_a3":"JPN","min_zoom":7},"geometry":{"type":"LineString","coordinates":[[132.2404,34.1898],[132.2327,34.192],[132.1998,34.2015],[132.1714,34.2155],[132.1606,34.218],[132.144,34.2284],[132.1264,34.2488],[132.0709,34.3595],[132.0611,34.4351],[132.0504,34.4578]]}},{"type":"Feature","properties":{"name":"Tottori - Hiroshima","adm0_name":"Japan","adm0_a3":"JPN","min_zoom":7},"geometry":{"type":"LineString","coordinates":[[133.1279,35.0673],[133.166,35.0615],[133.2294,35.06],[133.2643,35.0506]]}},{"type":"Feature","properties":{"name":"Hiroshima - Shimane","adm0_name":"Japan","adm0_a3":"JPN","min_zoom":7},"geometry":{"type":"MultiLineString","coordinates":[[[133.0376,35.063],[133.0229,35.0665],[132.994,35.0805]],[[132.994,35.0805],[132.9813,35.0801],[132.954,35.0692],[132.9388,35.0688]],[[132.9388,35.0688],[132.8757,35.0778]],[[132.8757,35.0778],[132.854,35.0733],[132.8392,35.0665],[132.8286,35.0553],[132.8084,35.0276],[132.7471,34.9622],[132.7293,34.9502],[132.7141,34.9438],[132.6937,34.9377],[132.6809,34.9304],[132.6694,34.922],[132.6498,34.9033],[132.6425,34.8947],[132.6401,34.8887],[132.6414,34.8839],[132.648,34.8794],[132.6606,34.874],[132.6727,34.8662],[132.6799,34.8562],[132.6779,34.8442],[132.6679,34.8382],[132.587,34.8176],[132.5455,34.7991],[132.5223,34.7921],[132.5091,34.7895]],[[133.1279,35.0673],[133.097,35.0715]],[[133.097,35.0715],[133.0544,35.0634],[133.0376,35.063]],[[132.5091,34.7895],[132.4692,34.792],[132.4542,34.7955],[132.4397,34.8001]],[[132.4397,34.8001],[132.4241,34.7997],[132.4146,34.7937],[132.4022,34.7834],[132.3904,34.7789]],[[132.3904,34.7789],[132.3793,34.7797],[132.3678,34.7845],[132.3522,34.7869]],[[132.3522,34.7869],[132.3076,34.7764],[132.2894,34.7677]],[[132.2894,34.7677],[132.2765,34.7685],[132.2669,34.7741],[132.2596,34.7814],[132.2479,34.7829]],[[132.2479,34.7829],[132.2413,34.7748],[132.2285,34.7633],[132.2075,34.7484],[132.1533,34.7165],[132.1438,34.705],[132.1421,34.693],[132.1493,34.6807],[132.1508,34.6684],[132.1474,34.6592],[132.1312,34.6387],[132.1233,34.6248],[132.1193,34.6118],[132.1164,34.5946],[132.1098,34.5776],[132.0949,34.5534],[132.0639,34.5265],[132.0486,34.5087],[132.0413,34.4952],[132.0434,34.4824],[132.0478,34.4736],[132.0504,34.4578]]]}},{"type":"Feature","properties":{"name":"Tottori - Okayama","adm0_name":"Japan","adm0_a3":"JPN","min_zoom":7},"geometry":{"type":"MultiLineString","coordinates":[[[133.9705,35.3273],[133.9869,35.325],[133.9997,35.3167],[134.0014,35.31],[134.0009,35.3053],[133.9983,35.2984],[133.9997,35.2936],[134.0014,35.2908],[134.0066,35.2879],[134.0812,35.2792],[134.1136,35.2607],[134.1316,35.2428],[134.1396,35.2268],[134.1438,35.215],[134.1521,35.2017],[134.1558,35.1926],[134.1586,35.1802],[134.1645,35.1674],[134.1746,35.1616]],[[133.8235,35.239],[133.8342,35.2431],[133.8437,35.2539],[133.8493,35.2641],[133.8566,35.273],[133.8681,35.2801],[133.9007,35.2924],[133.9105,35.3004],[133.9177,35.311],[133.9291,35.3194],[133.95,35.3262],[133.9705,35.3273]],[[133.6079,35.3223],[133.7352,35.2953],[133.7558,35.2885],[133.7702,35.2802],[133.7843,35.27],[133.8111,35.2422],[133.8235,35.239]],[[133.2643,35.0506],[133.2797,35.066],[133.2895,35.0725],[133.307,35.0759],[133.3601,35.0953],[133.3779,35.1058],[133.3832,35.1151],[133.3844,35.1243],[133.383,35.1328],[133.3829,35.1418],[133.3873,35.1504],[133.3972,35.1566],[133.4471,35.1587],[133.4963,35.1748],[133.5014,35.177],[133.5042,35.1812],[133.5052,35.1878],[133.5053,35.1973],[133.507,35.2114],[133.5129,35.221],[133.5245,35.2284],[133.5356,35.2337],[133.5447,35.2409],[133.55,35.2504],[133.5609,35.2816],[133.5736,35.3062],[133.5799,35.3152],[133.592,35.321],[133.6079,35.3223]],[[134.2961,35.1857],[134.3082,35.1866],[134.3254,35.1925],[134.3477,35.2062],[134.3957,35.2292]],[[134.2688,35.1882],[134.2842,35.1881],[134.2961,35.1857]],[[134.1746,35.1616],[134.1888,35.1652],[134.2473,35.1858],[134.2688,35.1882]]]}},{"type":"Feature","properties":{"name":"Okayama - Hiroshima","adm0_name":"Japan","adm0_a3":"JPN","min_zoom":7},"geometry":{"type":"LineString","coordinates":[[133.2643,35.0506],[133.3041,34.9974],[133.3096,34.9672],[133.3065,34.9334],[133.3067,34.9087],[133.3101,34.8769],[133.316,34.858],[133.323,34.8436],[133.3622,34.7927],[133.3656,34.78],[133.3661,34.7669],[133.3642,34.7501],[133.3638,34.7289],[133.3655,34.7078],[133.3715,34.6894],[133.3931,34.649],[133.3927,34.6082],[133.3981,34.5932],[133.4056,34.581],[133.4279,34.5531],[133.4415,34.5301],[133.447,34.5176],[133.4491,34.5088],[133.4468,34.4878],[133.443,34.4728],[133.443,34.4727]]}},{"type":"Feature","properties":{"name":"Nara - Wakayama","adm0_name":"Japan","adm0_a3":"JPN","min_zoom":7},"geometry":{"type":"MultiLineString","coordinates":[[[135.6468,34.3718],[135.6591,34.3232],[135.6628,34.2849],[135.6689,34.2726],[135.6945,34.2486],[135.7091,34.2254],[135.7084,34.2129],[135.7011,34.2059],[135.6611,34.2045],[135.6499,34.2005],[135.64,34.1935],[135.6329,34.1846],[135.6152,34.157],[135.5871,34.1291],[135.575,34.1115],[135.5511,34.0825],[135.543,34.0646],[135.5464,34.0507],[135.554,34.0417],[135.5654,34.0356],[135.5713,34.0285],[135.5795,34.0157],[135.5847,33.9984],[135.6065,33.9772],[135.6133,33.9549],[135.6107,33.9373],[135.6035,33.9165],[135.5983,33.8901],[135.6029,33.8751],[135.609,33.8638],[135.6186,33.8571],[135.6282,33.856]],[[135.6822,33.8799],[135.6963,33.8789],[135.736,33.8696],[135.7471,33.8691]],[[135.6282,33.856],[135.6374,33.8591],[135.654,33.8726],[135.6682,33.8776],[135.6822,33.8799]],[[135.7852,33.879],[135.8007,33.8765],[135.8173,33.8722],[135.8477,33.8381]],[[135.7471,33.8691],[135.7583,33.8711],[135.7705,33.8754],[135.7852,33.879]]]}},{"type":"Feature","properties":{"name":"Mie - Wakayama","adm0_name":"Japan","adm0_a3":"JPN","min_zoom":7},"geometry":{"type":"LineString","coordinates":[[135.8477,33.8381],[135.8465,33.825],[135.8468,33.8174],[135.8517,33.8027],[135.8632,33.7871],[135.9024,33.7475],[135.92,33.7356],[135.9288,33.7236],[135.9382,33.7143],[135.9508,33.7039],[135.9671,33.6986],[135.9937,33.6863]]}},{"type":"Feature","properties":{"name":"Osaka - Nara","adm0_name":"Japan","adm0_a3":"JPN","min_zoom":7},"geometry":{"type":"LineString","coordinates":[[135.6468,34.3718],[135.6596,34.375],[135.6654,34.3811],[135.6707,34.3885],[135.6689,34.4079],[135.6752,34.4334],[135.6769,34.448],[135.674,34.4641],[135.6651,34.4931],[135.6506,34.5166],[135.6411,34.527],[135.6271,34.5379],[135.623,34.5438],[135.622,34.5534],[135.6465,34.6011],[135.6676,34.6749],[135.674,34.6901],[135.6846,34.7057],[135.7063,34.7595]]}},{"type":"Feature","properties":{"name":"Wakayama - Osaka","adm0_name":"Japan","adm0_a3":"JPN","min_zoom":7},"geometry":{"type":"MultiLineString","coordinates":[[[135.6468,34.3718],[135.6011,34.3685],[135.5252,34.3346],[135.5089,34.3309]],[[135.5089,34.3309],[135.4926,34.3322],[135.4794,34.335]],[[135.4794,34.335],[135.4569,34.3346],[135.3332,34.3049],[135.3126,34.2973],[135.1885,34.2743]],[[135.1885,34.2743],[135.1206,34.2757],[135.0997,34.2805],[135.0853,34.2992]]]}},{"type":"Feature","properties":{"name":"Shiga - Kyoto","adm0_name":"Japan","adm0_a3":"JPN","min_zoom":7},"geometry":{"type":"MultiLineString","coordinates":[[[135.7429,35.3376],[135.7719,35.3173],[135.827,35.2633],[135.829,35.2485],[135.8188,35.2124],[135.8205,35.1991],[135.8338,35.1536],[135.8364,35.1365],[135.8366,35.1208],[135.8147,35.0056],[135.8146,35.0011],[135.8248,34.981],[135.8394,34.9605],[135.8535,34.934],[135.856,34.9195],[135.8564,34.9052],[135.8554,34.8897],[135.8588,34.8801],[135.8632,34.8742],[135.8735,34.8681],[135.8863,34.8653],[135.9018,34.8648]],[[135.9158,34.867],[135.9289,34.8603],[135.9359,34.8493],[135.9432,34.8398],[135.9522,34.8337],[135.9774,34.8232],[135.9885,34.8136],[135.9976,34.8028],[136.002,34.7929],[136.0031,34.7737]],[[135.9018,34.8648],[135.9158,34.867]]]}},{"type":"Feature","properties":{"name":"Kyoto - Nara","adm0_name":"Japan","adm0_a3":"JPN","min_zoom":7},"geometry":{"type":"MultiLineString","coordinates":[[[135.7063,34.7595],[135.7219,34.7492],[135.7393,34.7338],[135.7527,34.7263],[135.7685,34.7199],[135.809,34.709],[135.8177,34.7042],[135.8323,34.6991],[135.8492,34.6987]],[[135.9099,34.7242],[135.932,34.7239],[135.9654,34.714],[135.9854,34.7033],[135.9994,34.6976],[136.0088,34.6959]],[[135.8492,34.6987],[135.8728,34.707],[135.89,34.7175],[135.9099,34.7242]],[[136.0088,34.6959],[136.0197,34.6982],[136.0292,34.7036],[136.0365,34.7153]]]}},{"type":"Feature","properties":{"name":"Mie - Kyoto","adm0_name":"Japan","adm0_a3":"JPN","min_zoom":7},"geometry":{"type":"LineString","coordinates":[[136.0031,34.7737],[136.0365,34.7153]]}},{"type":"Feature","properties":{"name":"Kyoto - Fukui","adm0_name":"Japan","adm0_a3":"JPN","min_zoom":6.7},"geometry":{"type":"MultiLineString","coordinates":[[[135.6883,35.3304],[135.5393,35.3643],[135.5188,35.3734],[135.5104,35.382],[135.5025,35.3925],[135.485,35.4061],[135.4531,35.4391],[135.4474,35.4521],[135.4469,35.4618],[135.4534,35.4752],[135.4535,35.4804],[135.4496,35.4902],[135.4437,35.4989],[135.4393,35.5089],[135.4418,35.5177],[135.4524,35.5269],[135.4627,35.5335],[135.4764,35.5395],[135.4788,35.5437]],[[135.7429,35.3376],[135.6883,35.3304]]]}},{"type":"Feature","properties":{"name":"Osaka - Kyoto","adm0_name":"Japan","adm0_a3":"JPN","min_zoom":7},"geometry":{"type":"MultiLineString","coordinates":[[[135.5382,34.9098],[135.5041,34.9247],[135.4859,34.9381],[135.4717,34.9547],[135.4583,34.9747],[135.444,34.9837],[135.4302,34.9876],[135.3933,34.9897],[135.3633,34.9975]],[[135.6102,34.9134],[135.598,34.9197],[135.5828,34.9465],[135.5744,34.9505]],[[135.5744,34.9505],[135.5664,34.9472],[135.5607,34.9403],[135.5571,34.9329],[135.5615,34.9254],[135.5637,34.916],[135.5565,34.9107],[135.5382,34.9098]],[[135.7063,34.7595],[135.7148,34.7853],[135.7084,34.8112],[135.701,34.8227],[135.6827,34.8445],[135.6464,34.8992],[135.6338,34.9099],[135.6208,34.9143]],[[135.6208,34.9143],[135.6102,34.9134]]]}},{"type":"Feature","properties":{"name":"Tottori - Hyōgo","adm0_name":"Japan","adm0_a3":"JPN","min_zoom":6.7},"geometry":{"type":"MultiLineString","coordinates":[[[134.4365,35.2175],[134.4485,35.2187],[134.4627,35.2253],[134.4922,35.2443],[134.5048,35.2582],[134.5101,35.2719],[134.5107,35.2888],[134.5079,35.306],[134.5076,35.3139],[134.5061,35.3223],[134.5021,35.3324],[134.4785,35.3619],[134.474,35.3832],[134.468,35.4001],[134.4444,35.4387],[134.4168,35.5442],[134.3984,35.5786],[134.3688,35.5976],[134.3656,35.6]],[[134.3957,35.2292],[134.4159,35.2262],[134.4233,35.2208],[134.4365,35.2175]]]}},{"type":"Feature","properties":{"name":"Okayama - Hyōgo","adm0_name":"Japan","adm0_a3":"JPN","min_zoom":6.7},"geometry":{"type":"LineString","coordinates":[[134.3046,34.7091],[134.3047,34.7093],[134.3144,34.7318],[134.3164,34.7441],[134.314,34.7612],[134.3106,34.7703],[134.3061,34.7781],[134.2886,34.7995],[134.2597,34.8213],[134.2568,34.8359],[134.2577,34.851],[134.2639,34.8729],[134.2636,34.8972],[134.2587,34.9365],[134.2645,34.9674],[134.2656,34.9819],[134.265,34.9935],[134.2636,35.0002],[134.2636,35.001],[134.2653,35.0027],[134.3133,35.041],[134.3626,35.111],[134.3739,35.1229],[134.3856,35.1318],[134.3941,35.1407],[134.3971,35.1521],[134.394,35.1713],[134.3882,35.1875],[134.3957,35.2168],[134.3957,35.2292]]}},{"type":"Feature","properties":{"name":"Hyōgo - Osaka","adm0_name":"Japan","adm0_a3":"JPN","min_zoom":7},"geometry":{"type":"LineString","coordinates":[[135.4129,34.6921],[135.4329,34.7061],[135.4425,34.7161],[135.4449,34.7192],[135.4463,34.7226],[135.4485,34.7292],[135.4437,34.7606],[135.4332,34.7938],[135.4325,34.8162],[135.4349,34.8339],[135.4389,34.8496],[135.4401,34.8654],[135.4387,34.8898],[135.4398,34.9037],[135.4321,34.9114],[135.3989,34.9241],[135.3668,34.9534],[135.3633,34.9975]]}},{"type":"Feature","properties":{"name":"Hyōgo - Kyoto","adm0_name":"Japan","adm0_a3":"JPN","min_zoom":7},"geometry":{"type":"MultiLineString","coordinates":[[[134.9536,35.4969],[134.9335,35.5006],[134.9109,35.5128],[134.884,35.5438],[134.8733,35.5588],[134.8677,35.5707],[134.8655,35.5838],[134.8654,35.6014],[134.8668,35.6114],[134.8674,35.6224],[134.8633,35.6583]],[[135.0034,35.3657],[135.0148,35.3661],[135.0241,35.3699],[135.0311,35.3769],[135.0382,35.3853],[135.0448,35.395],[135.0494,35.4055],[135.0505,35.4164],[135.0474,35.4818],[135.0438,35.5027],[135.0351,35.5134],[135.0238,35.5189]],[[135.0238,35.5189],[135.0125,35.5183],[135.0022,35.5149],[134.971,35.5008],[134.9536,35.4969]],[[134.9495,35.3865],[134.963,35.3817],[134.9853,35.3701],[134.9949,35.3669],[135.0034,35.3657]],[[135.0778,35.2336],[135.0647,35.2406],[135.0276,35.2522],[135.0143,35.2639],[135.0019,35.2721],[134.9903,35.2777],[134.9551,35.2858],[134.9367,35.2938],[134.9268,35.3024],[134.922,35.3111],[134.9209,35.3182],[134.9237,35.3571],[134.9261,35.368],[134.9302,35.3796],[134.9389,35.3856],[134.9495,35.3865]],[[135.2249,35.1571],[135.2013,35.1701],[135.1885,35.1842],[135.1718,35.2087],[135.1593,35.2396],[135.1527,35.2448],[135.147,35.2472],[135.127,35.248]],[[135.127,35.248],[135.1166,35.2459],[135.0943,35.2349],[135.0778,35.2336]],[[135.3045,35.1287],[135.294,35.1323],[135.286,35.1437],[135.2744,35.1522],[135.2595,35.1566],[135.2437,35.1581]],[[135.2437,35.1581],[135.2249,35.1571]],[[135.3633,34.9975],[135.342,35.0148],[135.3386,35.022],[135.3386,35.0302],[135.3467,35.0343],[135.3599,35.0388],[135.3785,35.0487],[135.397,35.0643],[135.4009,35.0768],[135.3964,35.0879],[135.3891,35.1002],[135.3792,35.1079],[135.3439,35.1292],[135.3312,35.1328]],[[135.3312,35.1328],[135.3045,35.1287]]]}},{"type":"Feature","properties":{"name":"Swansea - Carmarthenshire","adm0_name":"United Kingdom","adm0_a3":"GBR","min_zoom":10},"geometry":{"type":"MultiLineString","coordinates":[[[-3.935,51.7613],[-3.9781,51.7666]],[[-3.9781,51.7666],[-3.9923,51.7569],[-4.0098,51.755],[-4.0231,51.7441],[-4.0231,51.7321],[-4.0359,51.7216],[-4.042,51.7022],[-4.0705,51.676]],[[-3.9331,51.7622],[-3.935,51.7613]]]}},{"type":"Feature","properties":{"name":"Carmarthenshire - Pembrokeshire","adm0_name":"United Kingdom","adm0_a3":"GBR","min_zoom":10},"geometry":{"type":"MultiLineString","coordinates":[[[-4.5587,52.0377],[-4.5417,52.0249],[-4.5355,52.0098],[-4.524,51.9939],[-4.5062,51.9779],[-4.4947,51.9691],[-4.4947,51.9602],[-4.5177,51.9487],[-4.5975,51.9194],[-4.6312,51.9106]],[[-4.6312,51.9106],[-4.6542,51.9132]],[[-4.6542,51.9132],[-4.6729,51.9123],[-4.6933,51.9088],[-4.7323,51.884],[-4.7411,51.8742],[-4.7402,51.8689],[-4.7252,51.86],[-4.7234,51.8538],[-4.7243,51.8459],[-4.7349,51.8414],[-4.7588,51.8388],[-4.7677,51.8308],[-4.7668,51.8246],[-4.7615,51.8219],[-4.7509,51.8201]],[[-4.6764,51.8263],[-4.6631,51.8255],[-4.6498,51.8175],[-4.64,51.806],[-4.6374,51.7935],[-4.6374,51.7785],[-4.6374,51.7599],[-4.6374,51.743],[-4.639,51.7343],[-4.6393,51.7332]],[[-4.7509,51.8201],[-4.7376,51.8201],[-4.7243,51.8201],[-4.7154,51.8219],[-4.7021,51.8255],[-4.6906,51.8263],[-4.6764,51.8263]]]}},{"type":"Feature","properties":{"name":"Carmarthenshire - Ceredigion","adm0_name":"United Kingdom","adm0_a3":"GBR","min_zoom":10},"geometry":{"type":"MultiLineString","coordinates":[[[-3.7846,52.1061],[-3.8118,52.117],[-3.8408,52.1206],[-3.8661,52.1242]],[[-3.8661,52.1242],[-3.8824,52.1206],[-3.9006,52.1206],[-3.9132,52.1206]],[[-3.9132,52.1206],[-3.935,52.1224]],[[-3.935,52.1224],[-3.9459,52.1188],[-3.9712,52.1097],[-3.9893,52.0971],[-4.0165,52.0971]],[[-3.7412,52.1216],[-3.7629,52.1061],[-3.7846,52.1061]],[[-4.0165,52.0971],[-4.0364,52.0989],[-4.06,52.1061]],[[-4.06,52.1061],[-4.0727,52.1043],[-4.1197,52.0898],[-4.1614,52.0699],[-4.2031,52.0409],[-4.2357,52.0319],[-4.2719,52.0319],[-4.3063,52.0319],[-4.3354,52.0301],[-4.3679,52.0282],[-4.4096,52.0282]],[[-4.4096,52.0282],[-4.4966,52.0373],[-4.5563,52.0391]],[[-4.5563,52.0391],[-4.5587,52.0377]]]}},{"type":"Feature","properties":{"name":"Pembrokeshire - Ceredigion","adm0_name":"United Kingdom","adm0_a3":"GBR","min_zoom":10},"geometry":{"type":"MultiLineString","coordinates":[[[-4.6844,52.0657],[-4.6968,52.0683],[-4.6986,52.0807],[-4.6977,52.0958],[-4.6951,52.1041],[-4.6949,52.1048],[-4.6938,52.1072],[-4.6938,52.1073]],[[-4.5587,52.0377],[-4.5594,52.0382],[-4.5825,52.0435],[-4.6064,52.0462],[-4.6223,52.0506],[-4.633,52.0559],[-4.6418,52.0639],[-4.6534,52.0657]],[[-4.6534,52.0657],[-4.6702,52.0657],[-4.6844,52.0657]]]}},{"type":"Feature","properties":{"name":"Gwynedd - Ceredigion","adm0_name":"United Kingdom","adm0_a3":"GBR","min_zoom":10},"geometry":{"type":"LineString","coordinates":[[-3.9473,52.5509],[-3.9473,52.5509],[-3.9275,52.5532]]}},{"type":"Feature","properties":{"name":"Caerphilly - Newport","adm0_name":"United Kingdom","adm0_a3":"GBR","min_zoom":10},"geometry":{"type":"LineString","coordinates":[[-3.1024,51.5431],[-3.0836,51.5627],[-3.1089,51.5791],[-3.11,51.5863],[-3.1092,51.5872],[-3.0524,51.5989],[-3.0319,51.6057]]}},{"type":"Feature","properties":{"name":"Caerphilly - Cardiff","adm0_name":"United Kingdom","adm0_a3":"GBR","min_zoom":10},"geometry":{"type":"MultiLineString","coordinates":[[[-3.1564,51.553],[-3.1024,51.5431]],[[-3.2275,51.5451],[-3.2125,51.5502],[-3.1564,51.553]]]}},{"type":"Feature","properties":{"name":"Newport - Cardiff","adm0_name":"United Kingdom","adm0_a3":"GBR","min_zoom":10},"geometry":{"type":"LineString","coordinates":[[-3.1024,51.5431],[-3.095,51.5333],[-3.0675,51.5261],[-3.0656,51.5227],[-3.077,51.5108],[-3.0765,51.5078]]}},{"type":"Feature","properties":{"name":"Vale of Glamorgan - Cardiff","adm0_name":"United Kingdom","adm0_a3":"GBR","min_zoom":10},"geometry":{"type":"MultiLineString","coordinates":[[[-3.2503,51.4661],[-3.2608,51.4693],[-3.2696,51.4773],[-3.2848,51.4933],[-3.2914,51.5004]],[[-3.1727,51.4531],[-3.1797,51.4587],[-3.1799,51.4589],[-3.1903,51.4653],[-3.2007,51.4677]],[[-3.2007,51.4677],[-3.2111,51.4677],[-3.2279,51.4669],[-3.24,51.4661],[-3.2503,51.4661]]]}},{"type":"Feature","properties":{"name":"Vale of Glamorgan - Bridgend","adm0_name":"United Kingdom","adm0_a3":"GBR","min_zoom":10},"geometry":{"type":"MultiLineString","coordinates":[[[-3.4752,51.5104],[-3.4792,51.5116]],[[-3.4792,51.5116],[-3.5231,51.4936],[-3.5192,51.4788],[-3.5239,51.4675],[-3.5173,51.4499]],[[-3.5173,51.4499],[-3.5353,51.4524]],[[-3.5353,51.4524],[-3.5434,51.448],[-3.5256,51.4358],[-3.5729,51.4211],[-3.5743,51.4207],[-3.5753,51.4204]]]}},{"type":"Feature","properties":{"name":"Neath Port Talbot - Swansea","adm0_name":"United Kingdom","adm0_a3":"GBR","min_zoom":10},"geometry":{"type":"LineString","coordinates":[[-3.9331,51.7622],[-3.9169,51.7511],[-3.8661,51.7148],[-3.8299,51.6876],[-3.8752,51.637],[-3.8867,51.6214]]}},{"type":"Feature","properties":{"name":"Carmarthenshire - Neath Port Talbot","adm0_name":"United Kingdom","adm0_a3":"GBR","min_zoom":10},"geometry":{"type":"MultiLineString","coordinates":[[[-3.8673,51.8002],[-3.8195,51.7999],[-3.8,51.7853]],[[-3.8961,51.7636],[-3.8847,51.765],[-3.8781,51.7752],[-3.8842,51.793],[-3.8673,51.8002]],[[-3.9145,51.7711],[-3.8961,51.7636]],[[-3.9331,51.7622],[-3.9145,51.7711]]]}},{"type":"Feature","properties":{"name":"Bridgend - Neath Port Talbot","adm0_name":"United Kingdom","adm0_a3":"GBR","min_zoom":10},"geometry":{"type":"MultiLineString","coordinates":[[[-3.5492,51.6418],[-3.5886,51.6344]],[[-3.5886,51.6344],[-3.6536,51.6399]],[[-3.6536,51.6399],[-3.6603,51.6349],[-3.6675,51.605],[-3.6809,51.5958],[-3.6825,51.5874],[-3.652,51.5699],[-3.6403,51.5424],[-3.6911,51.5258]],[[-3.6911,51.5258],[-3.7519,51.5331]]]}},{"type":"Feature","properties":{"name":"Carmarthenshire - Powys","adm0_name":"United Kingdom","adm0_a3":"GBR","min_zoom":10},"geometry":{"type":"LineString","coordinates":[[-3.8,51.7853],[-3.7669,51.8177],[-3.7523,51.8472],[-3.7217,51.8658],[-3.7113,51.8818],[-3.7167,51.9033],[-3.7099,51.9323],[-3.7017,51.9364],[-3.6906,51.9405],[-3.6867,51.9483],[-3.6978,51.9713],[-3.6956,51.9888],[-3.6736,52.0127],[-3.6436,52.0313],[-3.642,52.0419],[-3.6589,52.0549],[-3.6609,52.0697],[-3.6675,52.0752],[-3.7106,52.0866],[-3.7136,52.0902],[-3.7039,52.1083],[-3.7067,52.1146],[-3.7412,52.1216]]}},{"type":"Feature","properties":{"name":"Powys - Gwynedd","adm0_name":"United Kingdom","adm0_a3":"GBR","min_zoom":10},"geometry":{"type":"MultiLineString","coordinates":[[[-3.47,52.8619],[-3.477,52.8449],[-3.4908,52.8347],[-3.5272,52.8333],[-3.5775,52.8191],[-3.5872,52.8116],[-3.5972,52.7844],[-3.5803,52.7636],[-3.5717,52.7305],[-3.6015,52.6955],[-3.6678,52.6888],[-3.6986,52.6761]],[[-3.6986,52.6761],[-3.7267,52.6777]],[[-3.7267,52.6777],[-3.7631,52.6694]],[[-3.7631,52.6694],[-3.797,52.6747]],[[-3.797,52.6747],[-3.8336,52.6408],[-3.8278,52.6266],[-3.8378,52.5991],[-3.8756,52.5761],[-3.912,52.568],[-3.9275,52.5532]]]}},{"type":"Feature","properties":{"name":"Ceredigion - Powys","adm0_name":"United Kingdom","adm0_a3":"GBR","min_zoom":10},"geometry":{"type":"MultiLineString","coordinates":[[[-3.8131,52.4813],[-3.8339,52.5041],[-3.8292,52.5327],[-3.8395,52.5486],[-3.8678,52.5561]],[[-3.8678,52.5561],[-3.9275,52.5532]],[[-3.7412,52.1216],[-3.7558,52.1246],[-3.7467,52.1438],[-3.7525,52.1785],[-3.7431,52.2027],[-3.7416,52.2361],[-3.7338,52.2421],[-3.7395,52.2469],[-3.7348,52.258],[-3.7061,52.2677],[-3.7011,52.2738],[-3.717,52.2866],[-3.7159,52.2986],[-3.7317,52.311],[-3.7312,52.3188],[-3.7036,52.3347],[-3.6623,52.3394],[-3.652,52.3475],[-3.6703,52.3633],[-3.6906,52.3641],[-3.6945,52.3824],[-3.7201,52.4202],[-3.7608,52.4374],[-3.7578,52.4586],[-3.737,52.4672],[-3.7247,52.4988],[-3.7453,52.5011]],[[-3.7453,52.5011],[-3.7667,52.4866],[-3.8131,52.4813]]]}},{"type":"Feature","properties":{"name":"Caerphilly - Powys","adm0_name":"United Kingdom","adm0_a3":"GBR","min_zoom":10},"geometry":{"type":"LineString","coordinates":[[-3.289,51.7933],[-3.3338,51.7899]]}},{"type":"Feature","properties":{"name":"Powys - Neath Port Talbot","adm0_name":"United Kingdom","adm0_a3":"GBR","min_zoom":10},"geometry":{"type":"MultiLineString","coordinates":[[[-3.8,51.7853],[-3.7634,51.7577]],[[-3.6484,51.7794],[-3.5917,51.7624],[-3.5837,51.7513]],[[-3.6956,51.768],[-3.6484,51.7794]],[[-3.7231,51.773],[-3.6956,51.768]],[[-3.7634,51.7577],[-3.7331,51.7608],[-3.7231,51.773]]]}},{"type":"Feature","properties":{"name":"Caerphilly - Rhondda, Cynon, Taff","adm0_name":"United Kingdom","adm0_a3":"GBR","min_zoom":10},"geometry":{"type":"LineString","coordinates":[[-3.3017,51.6486],[-3.2571,51.579],[-3.2275,51.5451]]}},{"type":"Feature","properties":{"name":"Cardiff - Rhondda, Cynon, Taff","adm0_name":"United Kingdom","adm0_a3":"GBR","min_zoom":10},"geometry":{"type":"LineString","coordinates":[[-3.2275,51.5451],[-3.2353,51.5424],[-3.2761,51.5163],[-3.2845,51.503],[-3.2914,51.5004]]}},{"type":"Feature","properties":{"name":"Vale of Glamorgan - Rhondda, Cynon, Taff","adm0_name":"United Kingdom","adm0_a3":"GBR","min_zoom":10},"geometry":{"type":"MultiLineString","coordinates":[[[-3.3922,51.4961],[-3.402,51.5033],[-3.4278,51.5069],[-3.4425,51.5158]],[[-3.4425,51.5158],[-3.4545,51.5155],[-3.4639,51.5069]],[[-3.2934,51.4997],[-3.3222,51.5138]],[[-3.3222,51.5138],[-3.327,51.513],[-3.3306,51.5002]],[[-3.4639,51.5069],[-3.4752,51.5104]],[[-3.3306,51.5002],[-3.3722,51.5069]],[[-3.3722,51.5069],[-3.3922,51.4961]],[[-3.2914,51.5004],[-3.2934,51.4997]]]}},{"type":"Feature","properties":{"name":"Bridgend - Rhondda, Cynon, Taff","adm0_name":"United Kingdom","adm0_a3":"GBR","min_zoom":10},"geometry":{"type":"LineString","coordinates":[[-3.4752,51.5104],[-3.4691,51.5427],[-3.4618,51.5898],[-3.4908,51.617],[-3.5252,51.6333],[-3.5492,51.6418]]}},{"type":"Feature","properties":{"name":"Neath Port Talbot - Rhondda, Cynon, Taff","adm0_name":"United Kingdom","adm0_a3":"GBR","min_zoom":10},"geometry":{"type":"LineString","coordinates":[[-3.5492,51.6418],[-3.5456,51.6424],[-3.5484,51.6533],[-3.5695,51.6725],[-3.5722,51.6907],[-3.5678,51.7213],[-3.5717,51.7321],[-3.5922,51.7424],[-3.5837,51.7513]]}},{"type":"Feature","properties":{"name":"Rhondda, Cynon, Taff - Powys","adm0_name":"United Kingdom","adm0_a3":"GBR","min_zoom":10},"geometry":{"type":"MultiLineString","coordinates":[[[-3.4352,51.8166],[-3.4508,51.8216]],[[-3.4508,51.8216],[-3.4645,51.8211],[-3.4712,51.8163],[-3.4725,51.7958],[-3.4786,51.7902],[-3.5264,51.7805],[-3.5222,51.7747],[-3.5253,51.7708]],[[-3.5253,51.7708],[-3.547,51.7736]],[[-3.547,51.7736],[-3.5586,51.7619],[-3.5837,51.7513]]]}},{"type":"Feature","properties":{"name":"Blaenau Gwent - Caerphilly","adm0_name":"United Kingdom","adm0_a3":"GBR","min_zoom":10},"geometry":{"type":"MultiLineString","coordinates":[[[-3.289,51.7933],[-3.2575,51.7702],[-3.2511,51.7569],[-3.2323,51.7383],[-3.218,51.7328]],[[-3.21,51.7384],[-3.1702,51.7257],[-3.1412,51.7112],[-3.1158,51.7004]],[[-3.218,51.7328],[-3.21,51.7384]],[[-3.1158,51.7004],[-3.1147,51.7008]]]}},{"type":"Feature","properties":{"name":"Blaenau Gwent - Powys","adm0_name":"United Kingdom","adm0_a3":"GBR","min_zoom":10},"geometry":{"type":"MultiLineString","coordinates":[[[-3.2067,51.8086],[-3.2742,51.8147]],[[-3.2742,51.8147],[-3.2906,51.8066],[-3.2928,51.7988],[-3.289,51.7933]],[[-3.1569,51.8107],[-3.1622,51.8097],[-3.2067,51.8086]]]}},{"type":"Feature","properties":{"name":"Newport - Monmouthshire","adm0_name":"United Kingdom","adm0_a3":"GBR","min_zoom":10},"geometry":{"type":"MultiLineString","coordinates":[[[-2.7981,51.5635],[-2.8332,51.5735],[-2.8532,51.5844],[-2.8477,51.5953],[-2.8187,51.6116],[-2.7988,51.6224],[-2.7897,51.6315],[-2.8006,51.6442],[-2.8151,51.6496]],[[-2.8151,51.6496],[-2.835,51.6496],[-2.8966,51.6261],[-2.922,51.6261]],[[-2.922,51.6261],[-2.931,51.6279],[-2.9455,51.6297]],[[-2.9455,51.6297],[-2.9613,51.6274]]]}},{"type":"Feature","properties":{"name":"Powys - Monmouthshire","adm0_name":"United Kingdom","adm0_a3":"GBR","min_zoom":10},"geometry":{"type":"LineString","coordinates":[[-3.1569,51.8107],[-3.1359,51.8149],[-3.1159,51.8258],[-3.0887,51.8291],[-3.067,51.8538],[-3.0645,51.8674],[-3.035,51.886],[-3.0639,51.9383],[-3.0592,51.953],[-3.0614,51.9683],[-3.0515,51.9832],[-3.0512,51.9835]]}},{"type":"Feature","properties":{"name":"Monmouthshire - Blaenau Gwent","adm0_name":"United Kingdom","adm0_a3":"GBR","min_zoom":10},"geometry":{"type":"LineString","coordinates":[[-3.1569,51.8107],[-3.1412,51.8],[-3.1285,51.7945]]}},{"type":"Feature","properties":{"name":"Torfaen - Caerphilly","adm0_name":"United Kingdom","adm0_a3":"GBR","min_zoom":10},"geometry":{"type":"LineString","coordinates":[[-3.1147,51.7008],[-3.1086,51.6913],[-3.0887,51.6876],[-3.0706,51.6804],[-3.0687,51.6696],[-3.0706,51.655],[-3.0742,51.6406],[-3.076,51.6297],[-3.0614,51.617],[-3.0319,51.6057]]}},{"type":"Feature","properties":{"name":"Newport - Torfaen","adm0_name":"United Kingdom","adm0_a3":"GBR","min_zoom":10},"geometry":{"type":"LineString","coordinates":[[-2.9613,51.6274],[-2.9709,51.6261],[-3.0319,51.6057]]}},{"type":"Feature","properties":{"name":"Torfaen - Blaenau Gwent","adm0_name":"United Kingdom","adm0_a3":"GBR","min_zoom":10},"geometry":{"type":"LineString","coordinates":[[-3.1285,51.7945],[-3.1267,51.7855],[-3.1104,51.7656],[-3.1068,51.7474],[-3.1068,51.7257],[-3.1068,51.704],[-3.1147,51.7008]]}},{"type":"Feature","properties":{"name":"Monmouthshire - Torfaen","adm0_name":"United Kingdom","adm0_a3":"GBR","min_zoom":10},"geometry":{"type":"MultiLineString","coordinates":[[[-3.0814,51.7945],[-3.0488,51.7837],[-3.0343,51.7638],[-3.0325,51.7402],[-3.0216,51.7275],[-3.0053,51.7221]],[[-3.1285,51.7945],[-3.105,51.7945],[-3.0814,51.7945]],[[-2.9908,51.7221],[-2.9763,51.7094],[-2.9763,51.6949],[-2.9763,51.6678],[-2.9709,51.6424],[-2.9613,51.6274]],[[-3.0053,51.7221],[-2.9908,51.7221]]]}},{"type":"Feature","properties":{"name":"Gwynedd - Denbighshire","adm0_name":"United Kingdom","adm0_a3":"GBR","min_zoom":10},"geometry":{"type":"MultiLineString","coordinates":[[[-3.47,52.8619],[-3.4684,52.8936],[-3.4528,52.903],[-3.4503,52.9099],[-3.455,52.916],[-3.4678,52.9174],[-3.4767,52.9333],[-3.4345,52.9586],[-3.4234,52.9708],[-3.4264,52.9736],[-3.4564,52.9783]],[[-3.4564,52.9783],[-3.4615,52.9764]]]}},{"type":"Feature","properties":{"name":"Powys - Denbighshire","adm0_name":"United Kingdom","adm0_a3":"GBR","min_zoom":10},"geometry":{"type":"MultiLineString","coordinates":[[[-3.3907,52.8674],[-3.4362,52.8566]],[[-3.4362,52.8566],[-3.47,52.8619]]]}},{"type":"Feature","properties":{"name":"Denbighshire - Flintshire","adm0_name":"United Kingdom","adm0_a3":"GBR","min_zoom":10},"geometry":{"type":"MultiLineString","coordinates":[[[-3.3654,53.3448],[-3.3613,53.3504],[-3.3605,53.3511],[-3.3604,53.3511]],[[-3.252,53.1518],[-3.2713,53.157],[-3.2984,53.1763],[-3.3267,53.2047],[-3.3409,53.2188],[-3.3473,53.2304],[-3.3473,53.2459],[-3.3409,53.2613],[-3.3409,53.2729],[-3.3499,53.2846],[-3.3744,53.291],[-3.3821,53.2974],[-3.3757,53.3322],[-3.3653,53.3448]],[[-3.3653,53.3448],[-3.3654,53.3448]],[[-3.1227,53.0664],[-3.1451,53.0887],[-3.1683,53.1171],[-3.1824,53.1389],[-3.1915,53.148],[-3.2121,53.1518]],[[-3.2121,53.1518],[-3.2314,53.1518],[-3.252,53.1518]]]}},{"type":"Feature","properties":{"name":"Gwynedd - Conwy","adm0_name":"United Kingdom","adm0_a3":"GBR","min_zoom":10},"geometry":{"type":"MultiLineString","coordinates":[[[-3.9799,52.9959],[-3.9838,53.0076],[-3.9786,53.0153],[-3.9684,53.0307],[-3.9684,53.0475],[-3.976,53.0604],[-3.9928,53.0745],[-4.007,53.0887],[-4.0083,53.1003],[-4.0044,53.1106],[-3.9773,53.1299],[-3.9503,53.157],[-3.9271,53.2008],[-3.9948,53.2456],[-4.0004,53.2487],[-4.0004,53.2487]],[[-3.788,52.9367],[-3.8214,52.9444],[-3.8601,52.9637],[-3.8833,52.9869],[-3.8871,53.0024],[-3.8948,53.0088]],[[-3.8948,53.0088],[-3.9065,53.005],[-3.9258,53.0024],[-3.9451,52.9959],[-3.9684,52.9959],[-3.9799,52.9959]],[[-3.5672,52.9652],[-3.5934,52.9816],[-3.5859,52.9972],[-3.59,53.0035],[-3.6011,53.0069]],[[-3.6011,53.0069],[-3.6694,52.9888],[-3.6823,52.9818],[-3.7197,52.9637],[-3.7674,52.9496],[-3.788,52.9367]],[[-3.4615,52.9764],[-3.4939,52.9647]],[[-3.4939,52.9647],[-3.5184,52.9694]],[[-3.5184,52.9694],[-3.5672,52.9652]]]}},{"type":"Feature","properties":{"name":"Conwy - Denbighshire","adm0_name":"United Kingdom","adm0_a3":"GBR","min_zoom":10},"geometry":{"type":"LineString","coordinates":[[-3.4615,52.9764],[-3.4659,53.0088],[-3.4684,53.0333],[-3.4775,53.0565],[-3.5045,53.0732],[-3.5174,53.0797],[-3.5483,53.081],[-3.5857,53.0874],[-3.4981,53.1441],[-3.4749,53.1699],[-3.4749,53.1931],[-3.4775,53.2124],[-3.4916,53.2317],[-3.5058,53.2407],[-3.5187,53.2498],[-3.5174,53.2601],[-3.5161,53.2678],[-3.5148,53.291],[-3.5137,53.3069],[-3.5134,53.3089],[-3.5134,53.3089]]}},{"type":"Feature","properties":{"name":"Powys - Wrexham","adm0_name":"United Kingdom","adm0_a3":"GBR","min_zoom":10},"geometry":{"type":"MultiLineString","coordinates":[[[-3.2422,52.7791],[-3.2617,52.7805],[-3.2684,52.7855],[-3.2653,52.7974],[-3.2889,52.8197],[-3.2997,52.8269],[-3.372,52.85],[-3.3775,52.8555],[-3.3745,52.868],[-3.3787,52.8702]],[[-3.3787,52.8702],[-3.3907,52.8674]],[[-3.1404,52.7963],[-3.1409,52.7963],[-3.1909,52.7933],[-3.2422,52.7791]]]}},{"type":"Feature","properties":{"name":"Denbighshire - Wrexham","adm0_name":"United Kingdom","adm0_a3":"GBR","min_zoom":10},"geometry":{"type":"LineString","coordinates":[[-3.3907,52.8674],[-3.3731,52.889],[-3.3422,52.9135],[-3.3113,52.9328],[-3.2829,52.9341],[-3.2352,52.9354],[-3.2005,52.938],[-3.1489,52.9509],[-3.0948,52.9637],[-3.1103,52.9766],[-3.1284,52.9857],[-3.1412,52.9972],[-3.1412,53.0217],[-3.1322,53.0591],[-3.1227,53.0664]]}},{"type":"Feature","properties":{"name":"Wrexham - Flintshire","adm0_name":"United Kingdom","adm0_a3":"GBR","min_zoom":10},"geometry":{"type":"LineString","coordinates":[[-2.9568,53.1446],[-2.9574,53.1445],[-2.9917,53.1389],[-3.0536,53.1067],[-3.1038,53.081],[-3.1227,53.0664]]}},{"type":"Feature","properties":{"name":"Merthyr Tydfil - Caerphilly","adm0_name":"United Kingdom","adm0_a3":"GBR","min_zoom":10},"geometry":{"type":"LineString","coordinates":[[-3.3017,51.6486],[-3.2771,51.6587],[-3.2753,51.6768],[-3.297,51.7094],[-3.326,51.7674],[-3.3338,51.7899]]}},{"type":"Feature","properties":{"name":"Merthyr Tydfil - Powys","adm0_name":"United Kingdom","adm0_a3":"GBR","min_zoom":10},"geometry":{"type":"MultiLineString","coordinates":[[[-3.3478,51.7888],[-3.357,51.8055],[-3.3859,51.8116],[-3.405,51.8277]],[[-3.405,51.8277],[-3.4145,51.8255],[-3.4206,51.8152],[-3.4264,51.8138]],[[-3.4264,51.8138],[-3.4352,51.8166]],[[-3.3338,51.7899],[-3.3478,51.7888]]]}},{"type":"Feature","properties":{"name":"Rhondda, Cynon, Taff - Merthyr Tydfil","adm0_name":"United Kingdom","adm0_a3":"GBR","min_zoom":10},"geometry":{"type":"LineString","coordinates":[[-3.3017,51.6486],[-3.3024,51.6496],[-3.3785,51.7022],[-3.4383,51.7547],[-3.4129,51.7656],[-3.4352,51.8166]]}},{"type":"Feature","properties":{"name":"South Ayrshire - North Ayshire","adm0_name":"United Kingdom","adm0_a3":"GBR","min_zoom":10},"geometry":{"type":"MultiLineString","coordinates":[[[-4.5821,55.5913],[-4.6107,55.5764],[-4.6498,55.5628],[-4.6576,55.5619]],[[-4.6576,55.5619],[-4.6662,55.5622]]]}},{"type":"Feature","properties":{"name":"Dumfries and Galloway - South Ayrshire","adm0_name":"United Kingdom","adm0_a3":"GBR","min_zoom":10},"geometry":{"type":"MultiLineString","coordinates":[[[-4.4889,55.1516],[-4.5386,55.1613]],[[-4.5386,55.1613],[-4.5511,55.1591],[-4.6111,55.1402],[-4.6475,55.1197],[-4.6517,55.1077],[-4.6447,55.0858],[-4.6198,55.0769],[-4.6167,55.0697],[-4.62,55.0608],[-4.6306,55.0538],[-4.7014,55.0419],[-4.7639,55.0413],[-4.7753,55.0347]],[[-4.4675,55.1578],[-4.4889,55.1516]],[[-4.7753,55.0347],[-4.8006,55.0441]],[[-4.8006,55.0441],[-4.8706,55.0366],[-4.8814,55.0291],[-4.8892,55.0147],[-4.9139,55],[-4.9245,54.998]],[[-4.9245,54.998],[-4.9586,55.0074],[-4.987,55.0077]],[[-4.987,55.0077],[-5.0325,54.9937]]]}},{"type":"Feature","properties":{"name":"Stirling - Argyll and Bute","adm0_name":"United Kingdom","adm0_a3":"GBR","min_zoom":10},"geometry":{"type":"MultiLineString","coordinates":[[[-4.6394,56.4718],[-4.6655,56.4603]],[[-4.6655,56.4603],[-4.7012,56.4606]],[[-4.7012,56.4606],[-4.7222,56.4539],[-4.7229,56.4509],[-4.7259,56.4374],[-4.7706,56.4269],[-4.8033,56.4083],[-4.807,56.3999],[-4.8103,56.3922],[-4.837,56.3699],[-4.8331,56.3629],[-4.7758,56.343],[-4.7752,56.3399],[-4.7745,56.336],[-4.7821,56.3266],[-4.7847,56.3233],[-4.784,56.3226],[-4.779,56.3183]],[[-4.7192,56.3282],[-4.7054,56.3268],[-4.6492,56.3208],[-4.6717,56.3002],[-4.6705,56.2967],[-4.6679,56.2892],[-4.6574,56.2811],[-4.6575,56.281],[-4.6627,56.2781],[-4.6748,56.2713],[-4.6798,56.257]],[[-4.779,56.3183],[-4.7271,56.327],[-4.7192,56.3282]],[[-4.6798,56.257],[-4.6804,56.2582]],[[-4.6804,56.2582],[-4.6852,56.2484],[-4.6831,56.228],[-4.683,56.2264],[-4.6828,56.2245],[-4.6805,56.1984],[-4.666,56.1729],[-4.6329,56.1251],[-4.6113,56.0883],[-4.5981,56.0778]]]}},{"type":"Feature","properties":{"name":"Stirling - Clackmannanshire","adm0_name":"United Kingdom","adm0_a3":"GBR","min_zoom":10},"geometry":{"type":"LineString","coordinates":[[-3.8375,56.1074],[-3.8462,56.1076],[-3.8573,56.1187],[-3.8614,56.1293],[-3.855,56.141],[-3.8397,56.1568],[-3.828,56.1814],[-3.8244,56.1925]]}},{"type":"Feature","properties":{"name":"Clackmannanshire - Fife","adm0_name":"United Kingdom","adm0_a3":"GBR","min_zoom":10},"geometry":{"type":"MultiLineString","coordinates":[[[-3.6925,56.0966],[-3.6314,56.1063],[-3.632,56.1122],[-3.6445,56.1152],[-3.6484,56.1216],[-3.6306,56.1282]],[[-3.7156,56.0975],[-3.6925,56.0966]],[[-3.7465,56.0728],[-3.7425,56.0747],[-3.7253,56.0841],[-3.7156,56.0975]]]}},{"type":"Feature","properties":{"name":"Falkirk - Stirling","adm0_name":"United Kingdom","adm0_a3":"GBR","min_zoom":10},"geometry":{"type":"MultiLineString","coordinates":[[[-3.7391,56.0507],[-3.7391,56.0507],[-3.7685,56.0517]],[[-3.7685,56.0517],[-3.8243,56.0437],[-3.9216,56.0373],[-3.9886,56.023],[-4.0113,56.0122]]]}},{"type":"Feature","properties":{"name":"North Ayshire - Inverclyde","adm0_name":"United Kingdom","adm0_a3":"GBR","min_zoom":10},"geometry":{"type":"MultiLineString","coordinates":[[[-4.7517,55.8572],[-4.7758,55.8698],[-4.7989,55.8708]],[[-4.7989,55.8708],[-4.8516,55.8708],[-4.8866,55.8656],[-4.8888,55.8653],[-4.8888,55.8653]]]}},{"type":"Feature","properties":{"name":"East Lothian - Midlothian","adm0_name":"United Kingdom","adm0_a3":"GBR","min_zoom":10},"geometry":{"type":"LineString","coordinates":[[-3.0612,55.9478],[-3.0612,55.9478],[-3.0611,55.9476],[-3.0604,55.9444],[-3.0556,55.9273],[-3.0285,55.9113],[-2.9152,55.8635],[-2.8451,55.8332],[-2.8209,55.8217]]}},{"type":"Feature","properties":{"name":"Falkirk - West Lothian","adm0_name":"United Kingdom","adm0_a3":"GBR","min_zoom":10},"geometry":{"type":"MultiLineString","coordinates":[[[-3.5667,55.9866],[-3.5395,55.9866],[-3.5125,55.9998],[-3.5053,56.0056],[-3.5053,56.0056]],[[-3.5795,55.9936],[-3.5667,55.9866]],[[-3.8089,55.8952],[-3.7739,55.9024],[-3.7192,55.9319],[-3.6673,55.9422],[-3.6642,55.9544],[-3.635,55.9652],[-3.5986,55.9911],[-3.5795,55.9936]]]}},{"type":"Feature","properties":{"name":"Edinburgh - Midlothian","adm0_name":"United Kingdom","adm0_a3":"GBR","min_zoom":10},"geometry":{"type":"LineString","coordinates":[[-3.3602,55.8117],[-3.3395,55.822],[-3.2518,55.8555],[-3.1896,55.8826],[-3.1353,55.889],[-3.0875,55.8906],[-3.0843,55.9145],[-3.0779,55.9368],[-3.0783,55.9468],[-3.0783,55.9468],[-3.0783,55.9469]]}},{"type":"Feature","properties":{"name":"West Lothian - Edinburgh","adm0_name":"United Kingdom","adm0_a3":"GBR","min_zoom":10},"geometry":{"type":"LineString","coordinates":[[-3.3953,55.8173],[-3.3953,55.838],[-3.3905,55.8842],[-3.3937,55.8922],[-3.4129,55.8986],[-3.4352,55.9034],[-3.4495,55.9161],[-3.4511,55.9464],[-3.4511,55.9688],[-3.45,55.9924],[-3.45,55.9924],[-3.4498,55.9965],[-3.4498,55.9967],[-3.4498,55.9968]]}},{"type":"Feature","properties":{"name":"Argyll and Bute - Perthshire and Kinross","adm0_name":"United Kingdom","adm0_a3":"GBR","min_zoom":10},"geometry":{"type":"MultiLineString","coordinates":[[[-4.5642,56.5641],[-4.5584,56.5702],[-4.5836,56.5954],[-4.5956,56.6074],[-4.6011,56.6083],[-4.6281,56.6122],[-4.6286,56.6238],[-4.6175,56.6314],[-4.6206,56.6466],[-4.6336,56.6497]],[[-4.6336,56.6497],[-4.672,56.6397]],[[-4.672,56.6397],[-4.7086,56.6415]],[[-4.5953,56.5744],[-4.5751,56.5677],[-4.5642,56.5641]],[[-4.6394,56.4718],[-4.6639,56.4763],[-4.6759,56.4836],[-4.6764,56.4916],[-4.6492,56.5192],[-4.6497,56.5268],[-4.653,56.5291],[-4.6608,56.5344],[-4.6878,56.538],[-4.6945,56.5438],[-4.6937,56.5459],[-4.6928,56.548],[-4.5953,56.5744]]]}},{"type":"Feature","properties":{"name":"Stirling - Perthshire and Kinross","adm0_name":"United Kingdom","adm0_a3":"GBR","min_zoom":10},"geometry":{"type":"MultiLineString","coordinates":[[[-4.2903,56.4867],[-4.3228,56.5333],[-4.3517,56.5408]],[[-4.3517,56.5408],[-4.3906,56.5261],[-4.4706,56.5119],[-4.4825,56.5108]],[[-4.4825,56.5108],[-4.5,56.5194]],[[-4.5,56.5194],[-4.5128,56.5191],[-4.5211,56.5144],[-4.5209,56.5058],[-4.5297,56.501],[-4.5656,56.5002],[-4.6003,56.4924],[-4.6392,56.4717]],[[-4.1458,56.5117],[-4.1546,56.5131]],[[-4.1546,56.5131],[-4.1756,56.5095],[-4.2344,56.4915],[-4.2847,56.4813]],[[-4.1481,56.4527],[-4.1262,56.4633],[-4.0953,56.4683],[-4.1217,56.5022],[-4.1448,56.5122]],[[-4.1448,56.5122],[-4.1458,56.5117]],[[-4.2847,56.4813],[-4.2902,56.4868]],[[-4.2902,56.4868],[-4.2903,56.4867]],[[-4.6392,56.4717],[-4.6394,56.4718]],[[-4.187,56.4572],[-4.1481,56.4527]],[[-4.2002,56.3794],[-4.1927,56.3844],[-4.1925,56.3844],[-4.1864,56.3913],[-4.187,56.4572]],[[-4.2242,56.38],[-4.2002,56.3794]],[[-4.0825,56.2738],[-4.0992,56.2785],[-4.1203,56.2938],[-4.1706,56.3002],[-4.2195,56.3291],[-4.217,56.3483],[-4.2289,56.3558],[-4.2295,56.3716],[-4.2345,56.3729],[-4.2286,56.3733],[-4.2242,56.38]],[[-3.8781,56.2138],[-3.9067,56.2338],[-3.9625,56.2508],[-3.9964,56.2691],[-4.0447,56.2727],[-4.0614,56.2858]],[[-4.0614,56.2858],[-4.0681,56.2847],[-4.075,56.2744],[-4.0825,56.2738]],[[-3.8278,56.1913],[-3.8359,56.1963],[-3.8381,56.2158],[-3.8428,56.2183]],[[-3.8428,56.2183],[-3.8781,56.2138]],[[-3.8244,56.1925],[-3.8278,56.1913]]]}},{"type":"Feature","properties":{"name":"Clackmannanshire - Perthshire and Kinross","adm0_name":"United Kingdom","adm0_a3":"GBR","min_zoom":10},"geometry":{"type":"MultiLineString","coordinates":[[[-3.6642,56.1872],[-3.7231,56.1897],[-3.7339,56.1935],[-3.7478,56.2119],[-3.7589,56.2158]],[[-3.7589,56.2158],[-3.8244,56.1925]],[[-3.6306,56.1282],[-3.637,56.1338],[-3.6428,56.1552],[-3.5625,56.1771],[-3.5542,56.1819],[-3.5614,56.1869],[-3.6117,56.198]],[[-3.6117,56.198],[-3.6281,56.1938]],[[-3.6281,56.1938],[-3.6556,56.1969]],[[-3.6556,56.1969],[-3.6642,56.1872]]]}},{"type":"Feature","properties":{"name":"Fife - Perthshire and Kinross","adm0_name":"United Kingdom","adm0_a3":"GBR","min_zoom":10},"geometry":{"type":"MultiLineString","coordinates":[[[-3.2624,56.3528],[-3.2624,56.3528],[-3.2624,56.3509],[-3.2598,56.3469],[-3.2528,56.3347],[-3.2658,56.3277],[-3.2658,56.3235],[-3.242,56.3136],[-3.2434,56.3061],[-3.2586,56.3016]],[[-3.2586,56.3016],[-3.2906,56.303]],[[-3.2906,56.303],[-3.2953,56.3002],[-3.2914,56.2866],[-3.2997,56.2816]],[[-3.2997,56.2816],[-3.3345,56.2819]],[[-3.3345,56.2819],[-3.3628,56.2647],[-3.3628,56.2605],[-3.3475,56.2544],[-3.3484,56.2366],[-3.2889,56.233],[-3.2642,56.2191],[-3.2611,56.1963],[-3.2975,56.1852],[-3.3034,56.1797],[-3.2925,56.1719],[-3.2708,56.1688],[-3.2747,56.1658],[-3.292,56.1619]],[[-3.292,56.1619],[-3.3239,56.1674]],[[-3.3239,56.1674],[-3.3495,56.1649],[-3.36,56.1619],[-3.3664,56.1444],[-3.387,56.1371]],[[-3.5292,56.1416],[-3.5509,56.1524]],[[-3.5509,56.1524],[-3.5689,56.1494],[-3.5753,56.138],[-3.5847,56.1347],[-3.6306,56.1282]],[[-3.387,56.1371],[-3.4725,56.1438]],[[-3.4725,56.1438],[-3.5292,56.1416]]]}},{"type":"Feature","properties":{"name":"Highland - Argyll and Bute","adm0_name":"United Kingdom","adm0_a3":"GBR","min_zoom":10},"geometry":{"type":"MultiLineString","coordinates":[[[-4.9244,56.6594],[-4.902,56.6574],[-4.8955,56.6569],[-4.894,56.6564],[-4.864,56.6467]],[[-5.0752,56.6072],[-5.0611,56.618],[-5.0386,56.6234],[-5.02,56.6409],[-4.9709,56.6442],[-4.9244,56.6594]],[[-4.7908,56.6539],[-4.7623,56.6449],[-4.7572,56.6433],[-4.7113,56.6416],[-4.7086,56.6415]],[[-4.864,56.6467],[-4.7908,56.6539]],[[-5.3045,56.6402],[-5.2992,56.64],[-5.2968,56.6398],[-5.1692,56.6309],[-5.1447,56.6164],[-5.0752,56.6072]]]}},{"type":"Feature","properties":{"name":"Highland - Perthshire and Kinross","adm0_name":"United Kingdom","adm0_a3":"GBR","min_zoom":10},"geometry":{"type":"MultiLineString","coordinates":[[[-4.5142,56.8036],[-4.4942,56.8022],[-4.4745,56.7858]],[[-4.7086,56.6415],[-4.7089,56.663],[-4.7028,56.6702],[-4.6453,56.6755],[-4.5864,56.6925],[-4.5978,56.7085],[-4.5939,56.7161],[-4.5736,56.7274],[-4.5783,56.7549],[-4.5517,56.7636],[-4.5445,56.778],[-4.5142,56.8036]]]}},{"type":"Feature","properties":{"name":"Highland - Perthshire and Kinross","adm0_name":"United Kingdom","adm0_a3":"GBR","min_zoom":10},"geometry":{"type":"MultiLineString","coordinates":[[[-3.9406,56.9474],[-3.8984,56.928],[-3.8781,56.9246]],[[-3.9761,56.8955],[-3.9662,56.8997],[-3.96,56.9291],[-3.9498,56.9433],[-3.9406,56.9474]],[[-3.8167,56.9341],[-3.7964,56.9302]],[[-3.8781,56.9246],[-3.8167,56.9341]],[[-4.1642,56.9086],[-4.0992,56.8952]],[[-4.3328,56.8241],[-4.3031,56.845],[-4.2531,56.853],[-4.2011,56.8694],[-4.195,56.8752],[-4.2022,56.893],[-4.1778,56.9074],[-4.1642,56.9086]],[[-4.0331,56.9024],[-3.9761,56.8955]],[[-4.0992,56.8952],[-4.0331,56.9024]],[[-4.3667,56.8266],[-4.3328,56.8241]],[[-4.4471,56.7784],[-4.4366,56.7784],[-4.3935,56.8129],[-4.381,56.8195],[-4.3781,56.8221],[-4.3667,56.8266]]]}},{"type":"Feature","properties":{"name":"West Dunbartonshire - Argyll and Bute","adm0_name":"United Kingdom","adm0_a3":"GBR","min_zoom":10},"geometry":{"type":"LineString","coordinates":[[-4.5981,56.0778],[-4.599,56.0778],[-4.5973,56.0632],[-4.5984,56.0261],[-4.5987,56.0192],[-4.599,56.012],[-4.599,56.0119],[-4.6008,56.0022],[-4.601,56.0003],[-4.6005,55.991],[-4.6,55.9813],[-4.5999,55.9805],[-4.5978,55.9603],[-4.5927,55.9452],[-4.5906,55.9415]]}},{"type":"Feature","properties":{"name":"Stirling - West Dunbartonshire","adm0_name":"United Kingdom","adm0_a3":"GBR","min_zoom":10},"geometry":{"type":"MultiLineString","coordinates":[[[-4.5758,56.0778],[-4.549,56.0732],[-4.5214,56.0724]],[[-4.5981,56.0778],[-4.5758,56.0778]],[[-4.5215,56.0727],[-4.5003,56.0627],[-4.4467,56.0538],[-4.4284,56.0455],[-4.4297,56.0411],[-4.4706,56.0286],[-4.4731,56.0172],[-4.4584,56.003],[-4.432,55.9985],[-4.4086,55.9758],[-4.3903,55.9716]],[[-4.5214,56.0724],[-4.5215,56.0727]],[[-4.3903,55.9716],[-4.3648,55.9756]]]}},{"type":"Feature","properties":{"name":"Renfrewshire - North Ayshire","adm0_name":"United Kingdom","adm0_a3":"GBR","min_zoom":10},"geometry":{"type":"MultiLineString","coordinates":[[[-4.7517,55.8572],[-4.7379,55.8329],[-4.7158,55.8119],[-4.6684,55.7824],[-4.6348,55.7666],[-4.5789,55.7634]],[[-4.5431,55.7645],[-4.5164,55.7628]],[[-4.5789,55.7634],[-4.5431,55.7645]]]}},{"type":"Feature","properties":{"name":"Inverclyde - Renfrewshire","adm0_name":"United Kingdom","adm0_a3":"GBR","min_zoom":10},"geometry":{"type":"MultiLineString","coordinates":[[[-4.6526,55.8424],[-4.6284,55.8424],[-4.6084,55.8424],[-4.5884,55.8508],[-4.5842,55.8635],[-4.5905,55.8813],[-4.6052,55.8982],[-4.6189,55.914],[-4.6268,55.9297],[-4.6268,55.9298]],[[-4.7517,55.8572],[-4.7495,55.8561],[-4.7274,55.8487],[-4.7052,55.8455],[-4.6768,55.8445],[-4.6526,55.8424]]]}},{"type":"Feature","properties":{"name":"Renfrewshire - West Dunbartonshire","adm0_name":"United Kingdom","adm0_a3":"GBR","min_zoom":10},"geometry":{"type":"LineString","coordinates":[[-4.3558,55.864],[-4.3968,55.8835],[-4.44,55.9045],[-4.4642,55.915],[-4.4817,55.921],[-4.4886,55.9257]]}},{"type":"Feature","properties":{"name":"Highland - Moray","adm0_name":"United Kingdom","adm0_a3":"GBR","min_zoom":10},"geometry":{"type":"MultiLineString","coordinates":[[[-3.7184,57.4055],[-3.7242,57.4111],[-3.7192,57.4227],[-3.6847,57.4461],[-3.687,57.4614],[-3.6792,57.493],[-3.6814,57.5083],[-3.6873,57.5224],[-3.7117,57.5324],[-3.7103,57.5494],[-3.7162,57.5594],[-3.7095,57.566],[-3.7089,57.5775],[-3.7289,57.585],[-3.7378,57.606]],[[-3.4525,57.178],[-3.4367,57.1886],[-3.4273,57.2025],[-3.4303,57.213],[-3.4203,57.223],[-3.455,57.2372],[-3.4453,57.2858],[-3.4828,57.2988],[-3.4867,57.3052],[-3.4731,57.3172],[-3.4453,57.3294],[-3.4184,57.3577],[-3.3908,57.3702],[-3.3845,57.3814],[-3.3978,57.4214],[-3.4386,57.4261],[-3.4981,57.4574]],[[-3.4981,57.4574],[-3.5784,57.4488],[-3.5956,57.4447],[-3.6103,57.4344],[-3.6664,57.4308],[-3.7017,57.408],[-3.7184,57.4055]],[[-3.475,57.1786],[-3.4525,57.178]],[[-3.6795,57.0955],[-3.6758,57.0966],[-3.6417,57.1158],[-3.6142,57.1174],[-3.5872,57.1349],[-3.5564,57.1455],[-3.5309,57.1639],[-3.475,57.1786]]]}},{"type":"Feature","properties":{"name":"Moray - Highland","adm0_name":"United Kingdom","adm0_a3":"GBR","min_zoom":10},"geometry":{"type":"LineString","coordinates":[[-3.7546,57.6263],[-3.7546,57.6263],[-3.754,57.6251]]}},{"type":"Feature","properties":{"name":"Dumfries and Galloway - Scottish Borders","adm0_name":"United Kingdom","adm0_a3":"GBR","min_zoom":10},"geometry":{"type":"MultiLineString","coordinates":[[[-3.285,55.3411],[-3.3039,55.3427],[-3.3095,55.3491],[-3.3036,55.3611],[-3.3034,55.3849],[-3.2831,55.4013],[-3.2414,55.4188],[-3.24,55.4258],[-3.2525,55.4288],[-3.2903,55.4296],[-3.3164,55.4383]],[[-3.3164,55.4383],[-3.3359,55.416],[-3.345,55.4119],[-3.4106,55.4119],[-3.4437,55.4044]],[[-3.4437,55.4044],[-3.5003,55.4097]],[[-3.1642,55.3497],[-3.182,55.3627],[-3.2075,55.3722]],[[-3.2075,55.3722],[-3.2595,55.3547],[-3.285,55.3411]],[[-3.0345,55.273],[-3.0459,55.2808],[-3.0442,55.293],[-3.057,55.3072],[-3.0984,55.3296],[-3.0984,55.3463],[-3.1045,55.3522],[-3.1303,55.3566]],[[-3.1303,55.3566],[-3.1642,55.3497]],[[-2.8503,55.1113],[-2.8505,55.1118],[-2.8506,55.1121],[-2.8595,55.1363],[-2.8834,55.1461],[-2.8895,55.1552],[-2.8842,55.2019],[-2.8639,55.2185],[-2.8637,55.231],[-2.8689,55.2369],[-2.8984,55.238],[-2.9056,55.243],[-2.8981,55.253],[-2.8726,55.2619],[-2.8787,55.2722],[-2.8912,55.278],[-2.9239,55.2805],[-2.945,55.288]],[[-2.945,55.288],[-2.9723,55.2819],[-2.9975,55.2683]],[[-2.9975,55.2683],[-3.0117,55.2775]],[[-3.0117,55.2775],[-3.0345,55.273]]]}},{"type":"Feature","properties":{"name":"Scottish Borders - East Lothian","adm0_name":"United Kingdom","adm0_a3":"GBR","min_zoom":10},"geometry":{"type":"LineString","coordinates":[[-2.3604,55.9527],[-2.3604,55.9526],[-2.3651,55.9462]]}},{"type":"Feature","properties":{"name":"East Lothian - Scottish Borders","adm0_name":"United Kingdom","adm0_a3":"GBR","min_zoom":10},"geometry":{"type":"MultiLineString","coordinates":[[[-2.3964,55.8722],[-2.3945,55.8769],[-2.4006,55.8863],[-2.4359,55.8952],[-2.3781,55.9327],[-2.3657,55.9454]],[[-2.4109,55.8739],[-2.3964,55.8722]],[[-2.4898,55.8511],[-2.4745,55.8616],[-2.4264,55.8638],[-2.4109,55.8739]],[[-2.5006,55.8586],[-2.4898,55.8511]],[[-2.5476,55.8416],[-2.5331,55.8563],[-2.5006,55.8586]],[[-2.6545,55.8483],[-2.6409,55.8424],[-2.6403,55.8335],[-2.595,55.8277]],[[-2.7358,55.828],[-2.6545,55.8483]],[[-2.5659,55.8438],[-2.5476,55.8416]],[[-2.595,55.8277],[-2.5795,55.8316],[-2.5659,55.8438]],[[-2.7806,55.8383],[-2.7358,55.828]],[[-2.8209,55.8217],[-2.7806,55.8383]]]}},{"type":"Feature","properties":{"name":"Midlothian - Scottish Borders","adm0_name":"United Kingdom","adm0_a3":"GBR","min_zoom":10},"geometry":{"type":"MultiLineString","coordinates":[[[-2.907,55.7822],[-2.8861,55.788],[-2.8556,55.8133],[-2.8317,55.8172],[-2.8209,55.8217]],[[-2.9428,55.8152],[-2.9345,55.8147],[-2.9275,55.8055],[-2.9325,55.7861],[-2.907,55.7822]],[[-3.1209,55.7119],[-3.0933,55.7186],[-3.0903,55.7257],[-3.0956,55.7361],[-3.0737,55.7513],[-2.9428,55.8152]],[[-3.3602,55.8117],[-3.337,55.7941],[-3.2975,55.7938],[-3.2914,55.7808],[-3.2697,55.7739]],[[-3.1842,55.8016],[-3.1661,55.781],[-3.1642,55.7658],[-3.1434,55.7388],[-3.145,55.7222],[-3.1209,55.7119]],[[-3.2697,55.7739],[-3.23,55.7763],[-3.1842,55.8016]]]}},{"type":"Feature","properties":{"name":"Scottish Borders - West Lothian","adm0_name":"United Kingdom","adm0_a3":"GBR","min_zoom":10},"geometry":{"type":"LineString","coordinates":[[-3.3953,55.8173],[-3.4223,55.8074],[-3.4345,55.7972],[-3.4381,55.78],[-3.4579,55.7696]]}},{"type":"Feature","properties":{"name":"Edinburgh - Scottish Borders","adm0_name":"United Kingdom","adm0_a3":"GBR","min_zoom":10},"geometry":{"type":"MultiLineString","coordinates":[[[-3.3867,55.8205],[-3.3678,55.8174],[-3.3602,55.8117]],[[-3.3953,55.8173],[-3.3867,55.8205]]]}},{"type":"Feature","properties":{"name":"Angus - Perthshire and Kinross","adm0_name":"United Kingdom","adm0_a3":"GBR","min_zoom":10},"geometry":{"type":"LineString","coordinates":[[-3.3951,56.8815],[-3.3919,56.8521],[-3.3803,56.8273],[-3.37,56.82],[-3.3555,56.7967],[-3.3555,56.7777],[-3.3555,56.7603],[-3.3438,56.7369],[-3.335,56.7238],[-3.3044,56.699],[-3.2782,56.6771],[-3.2621,56.6698],[-3.233,56.6655],[-3.2024,56.6611],[-3.1819,56.6582],[-3.1557,56.648],[-3.1484,56.6392],[-3.1469,56.6276],[-3.1294,56.6159],[-3.1046,56.6144],[-3.0842,56.6071],[-3.0842,56.5984],[-3.1119,56.5911],[-3.1425,56.5692],[-3.1688,56.5313],[-3.1703,56.5167],[-3.1469,56.4905],[-3.1119,56.4788],[-3.0842,56.4773],[-3.0793,56.4749]]}},{"type":"Feature","properties":{"name":"Dundee - Perthshire and Kinross","adm0_name":"United Kingdom","adm0_a3":"GBR","min_zoom":10},"geometry":{"type":"LineString","coordinates":[[-3.0793,56.4749],[-3.0667,56.4686],[-3.0566,56.4557],[-3.0556,56.4521]]}},{"type":"Feature","properties":{"name":"Angus - Dundee","adm0_name":"United Kingdom","adm0_a3":"GBR","min_zoom":10},"geometry":{"type":"MultiLineString","coordinates":[[[-2.883,56.5182],[-2.845,56.5167],[-2.8334,56.5065],[-2.8319,56.4933],[-2.8221,56.477],[-2.8193,56.4713]],[[-3.0793,56.4749],[-3.0755,56.4876],[-3.0638,56.5007],[-3.0317,56.505],[-2.969,56.5094],[-2.9282,56.5167],[-2.883,56.5182]]]}},{"type":"Feature","properties":{"name":"Perthshire and Kinross - Aberdeenshire","adm0_name":"United Kingdom","adm0_a3":"GBR","min_zoom":10},"geometry":{"type":"MultiLineString","coordinates":[[[-3.7083,56.9188],[-3.7278,56.9227],[-3.7436,56.9327]],[[-3.7436,56.9327],[-3.7964,56.9302]],[[-3.5495,56.8858],[-3.5625,56.8888],[-3.5698,56.8938],[-3.5695,56.9213],[-3.5881,56.9299]],[[-3.5881,56.9299],[-3.6247,56.9233]],[[-3.6247,56.9233],[-3.6623,56.9299]],[[-3.6623,56.9299],[-3.6878,56.9202],[-3.7083,56.9188]],[[-3.4614,56.8755],[-3.5031,56.8905]],[[-3.5031,56.8905],[-3.5495,56.8858]],[[-3.3951,56.8815],[-3.4331,56.8827]],[[-3.4331,56.8827],[-3.4614,56.8755]]]}},{"type":"Feature","properties":{"name":"Aberdeenshire - Highland","adm0_name":"United Kingdom","adm0_a3":"GBR","min_zoom":10},"geometry":{"type":"LineString","coordinates":[[-3.6795,57.0955],[-3.737,57.0772],[-3.745,57.0666],[-3.7395,57.0602],[-3.7489,57.0277],[-3.7459,56.9916],[-3.7537,56.9816],[-3.7814,56.9644],[-3.7964,56.9302]]}},{"type":"Feature","properties":{"name":"Moray - Aberdeenshire","adm0_name":"United Kingdom","adm0_a3":"GBR","min_zoom":10},"geometry":{"type":"MultiLineString","coordinates":[[[-2.7321,57.5061],[-2.7071,57.5134],[-2.7057,57.5296],[-2.7204,57.5472],[-2.7497,57.5692],[-2.7805,57.5853],[-2.8231,57.6337],[-2.8231,57.6704],[-2.8219,57.6948],[-2.8212,57.7028],[-2.8212,57.7028]],[[-2.8539,57.5222],[-2.8098,57.5208],[-2.7732,57.5119],[-2.7321,57.5061]],[[-3.0446,57.2669],[-3.0299,57.2669],[-3.0094,57.2757],[-2.9859,57.2977],[-2.9668,57.3271],[-2.9668,57.3461],[-2.9698,57.3637],[-2.9874,57.3828],[-3.005,57.4004],[-3.0124,57.418],[-3.0109,57.4488],[-2.9918,57.4768],[-2.936,57.5046],[-2.892,57.5208],[-2.8539,57.5222]],[[-3.1224,57.2772],[-3.093,57.2742],[-3.0667,57.2684],[-3.0446,57.2669]],[[-3.6199,57.082],[-3.5523,57.082],[-3.479,57.082],[-3.4276,57.082],[-3.3807,57.0849],[-3.3454,57.0893],[-3.3234,57.0996],[-3.3234,57.1128],[-3.3337,57.129],[-3.341,57.1393],[-3.3454,57.148],[-3.3425,57.1627],[-3.3322,57.1759],[-3.3073,57.1818],[-3.2809,57.1891],[-3.2574,57.2053],[-3.2339,57.2229],[-3.2134,57.2405],[-3.1899,57.2566],[-3.1444,57.2698],[-3.1224,57.2772]],[[-3.6795,57.0955],[-3.6565,57.0849],[-3.6199,57.082]]]}},{"type":"Feature","properties":{"name":"Aberdeenshire - Aberdeen","adm0_name":"United Kingdom","adm0_a3":"GBR","min_zoom":10},"geometry":{"type":"MultiLineString","coordinates":[[[-2.2303,57.2408],[-2.2071,57.2399],[-2.1901,57.2319],[-2.1749,57.2212]],[[-2.3341,57.0825],[-2.3466,57.0879],[-2.3529,57.0995],[-2.3547,57.1156],[-2.352,57.1281],[-2.3448,57.1353],[-2.3207,57.1353],[-2.2902,57.1362],[-2.275,57.1487],[-2.2679,57.1639],[-2.2742,57.1791],[-2.2849,57.1881],[-2.2983,57.1952],[-2.3028,57.2095],[-2.3001,57.2194],[-2.2938,57.2257],[-2.284,57.2355],[-2.2679,57.2399],[-2.2303,57.2408]],[[-2.0694,57.2382],[-2.0514,57.2355],[-2.0487,57.234],[-2.0416,57.2309],[-2.0416,57.2309]],[[-2.1749,57.2212],[-2.1606,57.2212],[-2.1472,57.2212],[-2.1364,57.2274],[-2.1266,57.2355],[-2.1159,57.2382],[-2.1024,57.2382],[-2.0908,57.2382],[-2.0694,57.2382]],[[-2.0652,57.1005],[-2.0681,57.1049],[-2.0747,57.1094],[-2.1042,57.1111]],[[-2.1042,57.1111],[-2.132,57.1076],[-2.1758,57.1022],[-2.2044,57.0986],[-2.2384,57.0942],[-2.2679,57.0906],[-2.2947,57.0834],[-2.3198,57.0825],[-2.3341,57.0825]]]}},{"type":"Feature","properties":{"name":"Aberdeenshire - Angus","adm0_name":"United Kingdom","adm0_a3":"GBR","min_zoom":10},"geometry":{"type":"MultiLineString","coordinates":[[[-2.8726,56.9846],[-2.8309,56.9736],[-2.8073,56.9588]],[[-2.9281,56.9699],[-2.8934,56.9827],[-2.8726,56.9846]],[[-3.0264,56.9716],[-2.9281,56.9699]],[[-3.1209,56.8905],[-3.1078,56.8975],[-3.0878,56.9455],[-3.0786,56.9555],[-3.0595,56.9641],[-3.0264,56.9716]],[[-2.7589,56.9588],[-2.7423,56.9505],[-2.7259,56.9327],[-2.6861,56.9169],[-2.6753,56.8969],[-2.6542,56.8891],[-2.6561,56.8771],[-2.6731,56.8572],[-2.667,56.8388],[-2.6689,56.8255],[-2.6197,56.785],[-2.5948,56.7761],[-2.5353,56.7716],[-2.4945,56.7441]],[[-2.8073,56.9588],[-2.7589,56.9588]],[[-3.2747,56.9302],[-3.1981,56.9091],[-3.1597,56.9066],[-3.1209,56.8905]],[[-3.3714,56.8808],[-3.345,56.8938],[-3.2934,56.9005],[-3.287,56.9066],[-3.2836,56.9272],[-3.2747,56.9302]],[[-3.3951,56.8815],[-3.3714,56.8808]],[[-2.4462,56.7455],[-2.4359,56.7404]],[[-2.4945,56.7441],[-2.4662,56.7455],[-2.4462,56.7455]]]}},{"type":"Feature","properties":{"name":"Stirling - North Lanarkshire","adm0_name":"United Kingdom","adm0_a3":"GBR","min_zoom":10},"geometry":{"type":"MultiLineString","coordinates":[[[-4.0178,56.0258],[-4.0113,56.0122]],[[-4.1257,56.0055],[-4.1097,56.0088],[-4.082,56.0258],[-4.0178,56.0258]]]}},{"type":"Feature","properties":{"name":"North Lanarkshire - Falkirk","adm0_name":"United Kingdom","adm0_a3":"GBR","min_zoom":10},"geometry":{"type":"MultiLineString","coordinates":[[[-4.0075,56.0044],[-4.0113,56.0122]],[[-3.8089,55.8952],[-3.815,55.9064],[-3.8564,55.9169],[-3.8939,55.9333],[-3.8661,55.9497],[-3.8622,55.953],[-3.865,55.9561],[-3.9225,55.9575],[-3.935,55.9688],[-3.9372,55.9844],[-3.9747,55.9852],[-3.9681,55.9999],[-3.9728,56.0063]],[[-3.9728,56.0063],[-4.0075,56.0044]]]}},{"type":"Feature","properties":{"name":"North Lanarkshire - West Lothian","adm0_name":"United Kingdom","adm0_a3":"GBR","min_zoom":10},"geometry":{"type":"MultiLineString","coordinates":[[[-3.7934,55.8719],[-3.8206,55.8891],[-3.8089,55.8952]],[[-3.7334,55.7835],[-3.7359,55.7888],[-3.7209,55.8038],[-3.7184,55.8124],[-3.745,55.858],[-3.7339,55.8658],[-3.7103,55.8702],[-3.7064,55.8769],[-3.7283,55.8833]],[[-3.7283,55.8833],[-3.7934,55.8719]]]}},{"type":"Feature","properties":{"name":"Stirling - East Dunbartonshire","adm0_name":"United Kingdom","adm0_a3":"GBR","min_zoom":10},"geometry":{"type":"MultiLineString","coordinates":[[[-4.1422,56.0286],[-4.1387,56.0211],[-4.1409,56.0086],[-4.1325,56.0041]],[[-4.1745,56.0105],[-4.1653,56.0149],[-4.1584,56.0258],[-4.1422,56.0286]],[[-4.2773,56.0252],[-4.2476,56.0194]],[[-4.3017,55.9572],[-4.2745,55.9588],[-4.2653,55.968],[-4.2678,55.988],[-4.2875,56.0166],[-4.2773,56.0252]],[[-4.1983,56.0197],[-4.1745,56.0105]],[[-4.2476,56.0194],[-4.1983,56.0197]],[[-4.1325,56.0041],[-4.1257,56.0055]],[[-4.3601,55.9763],[-4.3017,55.9572]],[[-4.3648,55.9756],[-4.3601,55.9763]]]}},{"type":"Feature","properties":{"name":"West Dunbartonshire - East Dunbartonshire","adm0_name":"United Kingdom","adm0_a3":"GBR","min_zoom":10},"geometry":{"type":"LineString","coordinates":[[-4.3517,55.9052],[-4.36,55.9119],[-4.3631,55.934],[-4.3648,55.9756]]}},{"type":"Feature","properties":{"name":"East Dunbartonshire - North Lanarkshire","adm0_name":"United Kingdom","adm0_a3":"GBR","min_zoom":10},"geometry":{"type":"MultiLineString","coordinates":[[[-4.1098,55.9528],[-4.1209,55.9624],[-4.1257,55.9831],[-4.1257,56.0055]],[[-4.1002,55.9082],[-4.0699,55.9082],[-4.0556,55.9113],[-4.0444,55.9241],[-4.0396,55.9417],[-4.0396,55.9528],[-4.0476,55.9576]],[[-4.0476,55.9576],[-4.0747,55.9576],[-4.0986,55.956],[-4.1098,55.9528]],[[-4.1497,55.9097],[-4.1002,55.9082]],[[-4.1619,55.8917],[-4.1704,55.9002],[-4.172,55.905],[-4.1497,55.9097]]]}},{"type":"Feature","properties":{"name":"Glasgow - West Dunbartonshire","adm0_name":"United Kingdom","adm0_a3":"GBR","min_zoom":10},"geometry":{"type":"LineString","coordinates":[[-4.3517,55.9052],[-4.3558,55.8887],[-4.3558,55.8687],[-4.3558,55.864]]}},{"type":"Feature","properties":{"name":"Renfrewshire - Glasgow","adm0_name":"United Kingdom","adm0_a3":"GBR","min_zoom":10},"geometry":{"type":"LineString","coordinates":[[-4.3568,55.8191],[-4.3568,55.8203],[-4.3568,55.8319],[-4.3558,55.8519],[-4.3558,55.864]]}},{"type":"Feature","properties":{"name":"North Lanarkshire - Glasgow","adm0_name":"United Kingdom","adm0_a3":"GBR","min_zoom":10},"geometry":{"type":"MultiLineString","coordinates":[[[-4.1619,55.8917],[-4.1592,55.889],[-4.1353,55.8747],[-4.1193,55.8683]],[[-4.0795,55.8683],[-4.0699,55.8619],[-4.0699,55.8555],[-4.0843,55.8411],[-4.0843,55.8272]],[[-4.1193,55.8683],[-4.097,55.8683],[-4.0795,55.8683]]]}},{"type":"Feature","properties":{"name":"East Dunbartonshire - Glasgow","adm0_name":"United Kingdom","adm0_a3":"GBR","min_zoom":10},"geometry":{"type":"MultiLineString","coordinates":[[[-4.2695,55.9161],[-4.2547,55.9098],[-4.2368,55.8971],[-4.2137,55.8898],[-4.1905,55.8887]],[[-4.3158,55.8971],[-4.3053,55.8971],[-4.2947,55.8982],[-4.2832,55.9055],[-4.2768,55.914],[-4.2695,55.9161]],[[-4.3517,55.9052],[-4.3494,55.9035],[-4.3316,55.9003],[-4.3158,55.8971]],[[-4.1905,55.8887],[-4.1748,55.8898],[-4.1619,55.8917]]]}},{"type":"Feature","properties":{"name":"North Ayshire - East Renfrewshire","adm0_name":"United Kingdom","adm0_a3":"GBR","min_zoom":10},"geometry":{"type":"LineString","coordinates":[[-4.5179,55.7593],[-4.5178,55.7594],[-4.5164,55.7628]]}},{"type":"Feature","properties":{"name":"East Renfrewshire - Renfrewshire","adm0_name":"United Kingdom","adm0_a3":"GBR","min_zoom":10},"geometry":{"type":"LineString","coordinates":[[-4.3568,55.8191],[-4.3842,55.8098],[-4.441,55.7866],[-4.4884,55.7761],[-4.5147,55.7666],[-4.5164,55.7628]]}},{"type":"Feature","properties":{"name":"East Renfrewshire - Glasgow","adm0_name":"United Kingdom","adm0_a3":"GBR","min_zoom":10},"geometry":{"type":"MultiLineString","coordinates":[[[-4.3379,55.7929],[-4.3474,55.794],[-4.3568,55.8045],[-4.3568,55.8191]],[[-4.2404,55.7934],[-4.2568,55.8035]],[[-4.2568,55.8035],[-4.2716,55.8013],[-4.2926,55.795],[-4.32,55.7929],[-4.3379,55.7929]]]}},{"type":"Feature","properties":{"name":"Highland - Moray","adm0_name":"United Kingdom","adm0_a3":"GBR","min_zoom":10},"geometry":{"type":"LineString","coordinates":[[-3.7378,57.606],[-3.754,57.6251]]}},{"type":"Feature","properties":{"name":"East Lothian - Scottish Borders","adm0_name":"United Kingdom","adm0_a3":"GBR","min_zoom":10},"geometry":{"type":"LineString","coordinates":[[-2.3657,55.9454],[-2.3651,55.9462]]}},{"type":"Feature","properties":{"name":"East Ayrshire - South Ayrshire","adm0_name":"United Kingdom","adm0_a3":"GBR","min_zoom":10},"geometry":{"type":"MultiLineString","coordinates":[[[-4.5821,55.5913],[-4.5663,55.5823],[-4.5302,55.5734],[-4.4911,55.5568],[-4.4431,55.5448],[-4.4266,55.5178],[-4.428,55.4982],[-4.4325,55.4832],[-4.4566,55.4667],[-4.4791,55.4576],[-4.4836,55.4457],[-4.4761,55.4336],[-4.4656,55.4231],[-4.4611,55.4111],[-4.4611,55.3946],[-4.4656,55.3856],[-4.4851,55.3856]],[[-4.5437,55.3931],[-4.5693,55.3961]],[[-4.5693,55.3961],[-4.5783,55.3886],[-4.5768,55.3811],[-4.5603,55.3645],[-4.5482,55.3495],[-4.5332,55.339],[-4.5047,55.3255],[-4.4746,55.3104],[-4.4536,55.2954],[-4.4446,55.2819],[-4.4431,55.2654],[-4.4431,55.2413],[-4.4431,55.2233],[-4.4446,55.2008],[-4.4551,55.1843],[-4.4671,55.1647],[-4.4675,55.1578]],[[-4.4851,55.3856],[-4.5152,55.3931]],[[-4.5152,55.3931],[-4.5437,55.3931]]]}},{"type":"Feature","properties":{"name":"North Ayshire - East Ayrshire","adm0_name":"United Kingdom","adm0_a3":"GBR","min_zoom":10},"geometry":{"type":"MultiLineString","coordinates":[[[-4.5882,55.656],[-4.6107,55.6575],[-4.6258,55.665],[-4.6182,55.677],[-4.5927,55.6921],[-4.5581,55.7146],[-4.5311,55.7461],[-4.5179,55.7593]],[[-4.5821,55.5913],[-4.5761,55.5944],[-4.5417,55.6079],[-4.51,55.6214],[-4.5011,55.6364],[-4.5011,55.6454],[-4.5341,55.656]],[[-4.5341,55.656],[-4.5581,55.656],[-4.5882,55.656]]]}},{"type":"Feature","properties":{"name":"Dumfries and Galloway - East Ayrshire","adm0_name":"United Kingdom","adm0_a3":"GBR","min_zoom":10},"geometry":{"type":"MultiLineString","coordinates":[[[-3.9832,55.461],[-3.9989,55.4577],[-4.0086,55.4541],[-3.9992,55.438],[-4.0031,55.435],[-4.0706,55.4149],[-4.0942,55.3961],[-4.0978,55.3713],[-4.0856,55.3472],[-4.1136,55.3166],[-4.1134,55.2999],[-4.1353,55.2841]],[[-4.1353,55.2841],[-4.1523,55.2888],[-4.1734,55.308],[-4.1886,55.3138],[-4.2314,55.3166]],[[-4.2314,55.3166],[-4.2375,55.3055],[-4.2442,55.3044]],[[-4.2442,55.3044],[-4.2845,55.31]],[[-4.2845,55.31],[-4.297,55.3077],[-4.3217,55.2752],[-4.349,55.2627],[-4.3534,55.2413],[-4.3772,55.2175],[-4.3847,55.1819],[-4.4023,55.1733],[-4.4033,55.153],[-4.4186,55.143],[-4.4314,55.142]],[[-4.4314,55.142],[-4.4372,55.1755]],[[-4.4372,55.1755],[-4.4503,55.1755],[-4.4584,55.1605],[-4.4675,55.1578]]]}},{"type":"Feature","properties":{"name":"East Ayrshire - East Renfrewshire","adm0_name":"United Kingdom","adm0_a3":"GBR","min_zoom":10},"geometry":{"type":"MultiLineString","coordinates":[[[-4.2537,55.6855],[-4.2842,55.6908],[-4.3474,55.7108],[-4.5063,55.7508],[-4.5179,55.7593]],[[-4.251,55.686],[-4.2537,55.6855]]]}},{"type":"Feature","properties":{"name":"Perthshire and Kinross - Highland","adm0_name":"United Kingdom","adm0_a3":"GBR","min_zoom":10},"geometry":{"type":"LineString","coordinates":[[-4.4471,56.7784],[-4.4745,56.7858]]}},{"type":"Feature","properties":{"name":"Dumfries and Galloway - South Lanarkshire","adm0_name":"United Kingdom","adm0_a3":"GBR","min_zoom":10},"geometry":{"type":"MultiLineString","coordinates":[[[-3.9567,55.4544],[-3.9764,55.4625]],[[-3.9764,55.4625],[-3.9832,55.461]],[[-3.6423,55.2896],[-3.6711,55.31],[-3.7014,55.3208],[-3.7075,55.3308],[-3.7083,55.3627],[-3.7431,55.371],[-3.7695,55.4091],[-3.8259,55.4463],[-3.8786,55.4549]],[[-3.8786,55.4549],[-3.9567,55.4544]],[[-3.5003,55.4097],[-3.5675,55.3839],[-3.5656,55.3647],[-3.5717,55.3491],[-3.572,55.3296],[-3.6073,55.3188],[-3.6134,55.3124],[-3.6167,55.2927],[-3.6423,55.2896]]]}},{"type":"Feature","properties":{"name":"South Lanarkshire - West Lothian","adm0_name":"United Kingdom","adm0_a3":"GBR","min_zoom":10},"geometry":{"type":"MultiLineString","coordinates":[[[-3.4579,55.7696],[-3.5228,55.7855],[-3.565,55.7877],[-3.59,55.8016],[-3.6112,55.8038]],[[-3.6112,55.8038],[-3.6881,55.7952],[-3.7086,55.7888],[-3.7239,55.778]],[[-3.7239,55.778],[-3.7312,55.7786],[-3.7334,55.7835]]]}},{"type":"Feature","properties":{"name":"Scottish Borders - South Lanarkshire","adm0_name":"United Kingdom","adm0_a3":"GBR","min_zoom":10},"geometry":{"type":"MultiLineString","coordinates":[[[-3.4579,55.7696],[-3.4586,55.761],[-3.4353,55.7341],[-3.4359,55.7183],[-3.4225,55.7127]],[[-3.4003,55.7133],[-3.3945,55.7077],[-3.4795,55.6485],[-3.4809,55.6372],[-3.4717,55.633],[-3.4689,55.6258],[-3.4781,55.6122],[-3.5164,55.6085],[-3.527,55.6002],[-3.5033,55.5777],[-3.5015,55.5661],[-3.4872,55.5602],[-3.4837,55.553],[-3.489,55.5425],[-3.485,55.515],[-3.5122,55.4922],[-3.5131,55.4788],[-3.5348,55.438],[-3.5003,55.4097]],[[-3.4225,55.7127],[-3.4003,55.7133]]]}},{"type":"Feature","properties":{"name":"South Lanarkshire - North Lanarkshire","adm0_name":"United Kingdom","adm0_a3":"GBR","min_zoom":10},"geometry":{"type":"MultiLineString","coordinates":[[[-3.8817,55.7327],[-3.8977,55.7343],[-3.9248,55.7471],[-3.9822,55.7758],[-4.0651,55.8125],[-4.0843,55.8252],[-4.0843,55.8272]],[[-3.7334,55.7835],[-3.7812,55.763],[-3.8466,55.7439],[-3.8817,55.7327]]]}},{"type":"Feature","properties":{"name":"Glasgow - South Lanarkshire","adm0_name":"United Kingdom","adm0_a3":"GBR","min_zoom":10},"geometry":{"type":"MultiLineString","coordinates":[[[-4.1516,55.8308],[-4.1063,55.8255]],[[-4.2263,55.7845],[-4.2021,55.7845],[-4.1895,55.795],[-4.1884,55.8066],[-4.1969,55.8203],[-4.1926,55.8266],[-4.1769,55.8308],[-4.1516,55.8308]],[[-4.1063,55.8255],[-4.0843,55.8272]],[[-4.2404,55.7934],[-4.2379,55.7918],[-4.2263,55.7845]]]}},{"type":"Feature","properties":{"name":"East Renfrewshire - South Lanarkshire","adm0_name":"United Kingdom","adm0_a3":"GBR","min_zoom":10},"geometry":{"type":"LineString","coordinates":[[-4.251,55.686],[-4.2389,55.6877],[-4.2253,55.6908],[-4.221,55.7034],[-4.2189,55.7203],[-4.2253,55.735],[-4.2347,55.7414],[-4.2516,55.7498],[-4.2579,55.7614],[-4.2526,55.7655],[-4.2442,55.7729],[-4.24,55.7845],[-4.2404,55.7934]]}},{"type":"Feature","properties":{"name":"South Lanarkshire - East Ayrshire","adm0_name":"United Kingdom","adm0_a3":"GBR","min_zoom":10},"geometry":{"type":"MultiLineString","coordinates":[[[-4.251,55.686],[-4.2403,55.6665],[-4.2177,55.6409],[-4.2012,55.629],[-4.1802,55.6169],[-4.1726,55.6064],[-4.1726,55.5989],[-4.1832,55.5884],[-4.2072,55.5719],[-4.2117,55.5598],[-4.1967,55.5523]],[[-4.0104,55.5734],[-3.9924,55.5704],[-3.9713,55.5553],[-3.9608,55.5403],[-3.9608,55.5223],[-3.9638,55.5073],[-3.9743,55.4802],[-3.9832,55.461]],[[-4.1967,55.5523],[-4.1772,55.5523],[-4.1516,55.5523],[-4.096,55.5523],[-4.0645,55.5538],[-4.048,55.5644],[-4.0299,55.5719],[-4.0104,55.5734]]]}},{"type":"Feature","properties":{"name":"Fermanagh - Strabane","adm0_name":"United Kingdom","adm0_a3":"GBR","min_zoom":10},"geometry":{"type":"LineString","coordinates":[[-7.6934,54.6008],[-7.7079,54.6047]]}},{"type":"Feature","properties":{"name":"Down - Newry and Mourne","adm0_name":"United Kingdom","adm0_a3":"GBR","min_zoom":10},"geometry":{"type":"MultiLineString","coordinates":[[[-6.0453,54.2466],[-6.0784,54.2338],[-6.0628,54.2307],[-6.0553,54.2016],[-6.0322,54.1711],[-6.0269,54.1697]],[[-5.9661,54.1935],[-5.925,54.1788]],[[-6.0269,54.1697],[-6.0039,54.1855],[-5.9825,54.186],[-5.9661,54.1935]],[[-5.8908,54.1852],[-5.8748,54.1843],[-5.866,54.1841]],[[-5.925,54.1788],[-5.8908,54.1852]]]}},{"type":"Feature","properties":{"name":"Newry and Mourne - Armagh","adm0_name":"United Kingdom","adm0_a3":"GBR","min_zoom":10},"geometry":{"type":"MultiLineString","coordinates":[[[-6.36,54.2769],[-6.3739,54.2672]],[[-6.3739,54.2672],[-6.4009,54.2763]],[[-6.4009,54.2763],[-6.4161,54.2691],[-6.445,54.2683],[-6.4634,54.2558],[-6.4856,54.2536],[-6.4942,54.2349],[-6.5048,54.2333],[-6.512,54.2258]],[[-6.512,54.2258],[-6.5378,54.2347]],[[-6.5378,54.2347],[-6.5656,54.2269],[-6.577,54.2169]],[[-6.577,54.2169],[-6.6053,54.2183]],[[-6.6053,54.2183],[-6.6381,54.1986],[-6.6469,54.1876],[-6.644,54.1772],[-6.6484,54.1737]]]}},{"type":"Feature","properties":{"name":"Fermanagh - Dungannon","adm0_name":"United Kingdom","adm0_a3":"GBR","min_zoom":10},"geometry":{"type":"MultiLineString","coordinates":[[[-7.3162,54.3658],[-7.3322,54.371],[-7.3387,54.3836],[-7.3297,54.4033],[-7.3592,54.4175],[-7.3645,54.4302]],[[-7.2317,54.3219],[-7.2531,54.3283],[-7.2778,54.3633],[-7.2881,54.3683]],[[-7.2881,54.3683],[-7.3162,54.3658]],[[-7.1895,54.3357],[-7.1897,54.336],[-7.1903,54.3369]],[[-7.1903,54.3369],[-7.2317,54.3219]]]}},{"type":"Feature","properties":{"name":"Armagh - Dungannon","adm0_name":"United Kingdom","adm0_a3":"GBR","min_zoom":10},"geometry":{"type":"MultiLineString","coordinates":[[[-6.6131,54.4494],[-6.6581,54.4641]],[[-6.6581,54.4641],[-6.6756,54.4514],[-6.6989,54.4444],[-6.7009,54.4377],[-6.6956,54.4314],[-6.7053,54.4236],[-6.7109,54.4069],[-6.7173,54.4038]],[[-6.5547,54.4633],[-6.567,54.4583]],[[-6.567,54.4583],[-6.5928,54.4588]],[[-6.5928,54.4588],[-6.6131,54.4494]],[[-6.7173,54.4038],[-6.7959,54.413]],[[-6.7959,54.413],[-6.8103,54.4011],[-6.8034,54.3872],[-6.8056,54.3802],[-6.8328,54.3589],[-6.83,54.3413],[-6.8439,54.333],[-6.8631,54.3288],[-6.8674,54.3279],[-6.87,54.326]]]}},{"type":"Feature","properties":{"name":"Magherafelt - Strabane","adm0_name":"United Kingdom","adm0_a3":"GBR","min_zoom":10},"geometry":{"type":"LineString","coordinates":[[-6.9175,54.8158],[-6.9189,54.8016],[-6.8989,54.7894],[-6.8964,54.7824],[-6.9011,54.7755],[-6.9298,54.7677]]}},{"type":"Feature","properties":{"name":"Fermanagh - Omagh","adm0_name":"United Kingdom","adm0_a3":"GBR","min_zoom":10},"geometry":{"type":"MultiLineString","coordinates":[[[-7.67,54.5786],[-7.6934,54.6008]],[[-7.5975,54.5613],[-7.6387,54.5797]],[[-7.6387,54.5797],[-7.67,54.5786]],[[-7.5081,54.4049],[-7.5353,54.4147],[-7.5481,54.4277],[-7.5592,54.4291],[-7.5597,54.4563],[-7.5761,54.4835],[-7.5686,54.4958],[-7.5787,54.5055],[-7.5611,54.543],[-7.5337,54.5463],[-7.5339,54.553],[-7.5489,54.5652]],[[-7.5489,54.5652],[-7.5975,54.5613]],[[-7.3645,54.4302],[-7.4206,54.4361]],[[-7.4206,54.4361],[-7.44,54.4247],[-7.4658,54.4222],[-7.5081,54.4049]]]}},{"type":"Feature","properties":{"name":"Omagh - Strabane","adm0_name":"United Kingdom","adm0_a3":"GBR","min_zoom":10},"geometry":{"type":"MultiLineString","coordinates":[[[-6.9539,54.7674],[-6.9731,54.7755],[-7.0001,54.7772]],[[-7.0001,54.7772],[-7.0223,54.7683],[-7.0828,54.7608],[-7.1097,54.7489]],[[-6.9298,54.7677],[-6.9539,54.7674]],[[-7.1097,54.7489],[-7.2056,54.7527]],[[-7.2056,54.7527],[-7.2409,54.7444],[-7.2683,54.7288]],[[-7.2683,54.7288],[-7.2814,54.7344]],[[-7.2814,54.7344],[-7.3081,54.7316],[-7.3297,54.7091],[-7.3903,54.6924],[-7.4145,54.6683],[-7.4395,54.6558],[-7.442,54.6435],[-7.4653,54.6416]],[[-7.4653,54.6416],[-7.4825,54.651]],[[-7.4825,54.651],[-7.5103,54.648],[-7.5434,54.6372]],[[-7.5434,54.6372],[-7.5461,54.643]],[[-7.5461,54.643],[-7.5597,54.6421],[-7.612,54.6241]],[[-7.612,54.6241],[-7.6531,54.6255]],[[-7.6531,54.6255],[-7.6934,54.6008]]]}},{"type":"Feature","properties":{"name":"Dungannon - Omagh","adm0_name":"United Kingdom","adm0_a3":"GBR","min_zoom":10},"geometry":{"type":"MultiLineString","coordinates":[[[-6.9614,54.5766],[-6.9753,54.558],[-6.9667,54.5482],[-6.9728,54.538],[-7.0017,54.5216],[-7.0267,54.5194],[-7.032,54.5058],[-7.0378,54.503],[-7.0906,54.4936],[-7.1034,54.4763],[-7.1128,54.471],[-7.1253,54.4688]],[[-7.1253,54.4688],[-7.14,54.4747]],[[-7.14,54.4747],[-7.1483,54.4694]],[[-7.1483,54.4694],[-7.17,54.4705]],[[-7.17,54.4705],[-7.2167,54.4594],[-7.2309,54.4483],[-7.247,54.4452]],[[-7.247,54.4452],[-7.2642,54.4483]],[[-7.2642,54.4483],[-7.3106,54.4366]],[[-7.3106,54.4366],[-7.3456,54.4377]],[[-7.3456,54.4377],[-7.3645,54.4302]]]}},{"type":"Feature","properties":{"name":"Omagh - Magherafelt","adm0_name":"United Kingdom","adm0_a3":"GBR","min_zoom":10},"geometry":{"type":"LineString","coordinates":[[-6.9697,54.7416],[-6.9367,54.7519],[-6.9298,54.7677]]}},{"type":"Feature","properties":{"name":"Dungannon - Cookstown","adm0_name":"United Kingdom","adm0_a3":"GBR","min_zoom":10},"geometry":{"type":"MultiLineString","coordinates":[[[-6.8961,54.5644],[-6.9614,54.5766]],[[-6.7667,54.5639],[-6.7992,54.5672],[-6.8239,54.5758]],[[-6.8239,54.5758],[-6.8539,54.5672]],[[-6.7042,54.548],[-6.7148,54.5513],[-6.7387,54.5722]],[[-6.7387,54.5722],[-6.7667,54.5639]],[[-6.8539,54.5672],[-6.87,54.5697]],[[-6.87,54.5697],[-6.8961,54.5644]],[[-6.5312,54.5388],[-6.57,54.5506],[-6.5903,54.5553],[-6.5887,54.5558],[-6.6378,54.5658]],[[-6.6378,54.5658],[-6.6478,54.5563]],[[-6.6478,54.5563],[-6.6853,54.5605]],[[-6.6853,54.5605],[-6.7042,54.548]],[[-6.5278,54.5398],[-6.5312,54.5388]]]}},{"type":"Feature","properties":{"name":"Magherafelt - Cookstown","adm0_name":"United Kingdom","adm0_a3":"GBR","min_zoom":10},"geometry":{"type":"MultiLineString","coordinates":[[[-6.9697,54.7416],[-6.9561,54.7313],[-6.9453,54.7294]],[[-6.8264,54.7408],[-6.7811,54.7308]],[[-6.8909,54.7283],[-6.8264,54.7408]],[[-6.7611,54.736],[-6.7214,54.7061],[-6.6836,54.6958]],[[-6.7811,54.7308],[-6.7611,54.736]],[[-6.912,54.7325],[-6.8909,54.7283]],[[-6.9453,54.7294],[-6.912,54.7325]],[[-6.5595,54.7272],[-6.5238,54.7164],[-6.5224,54.7159]],[[-6.5737,54.7119],[-6.5636,54.7172],[-6.5595,54.7272]],[[-6.5223,54.7163],[-6.5076,54.711],[-6.4986,54.7062]],[[-6.5224,54.7159],[-6.5223,54.7163]],[[-6.6003,54.716],[-6.5737,54.7119]],[[-6.6836,54.6958],[-6.6611,54.6966],[-6.6448,54.7072],[-6.6003,54.716]]]}},{"type":"Feature","properties":{"name":"Cookstown - Omagh","adm0_name":"United Kingdom","adm0_a3":"GBR","min_zoom":10},"geometry":{"type":"LineString","coordinates":[[-6.9697,54.7416],[-6.995,54.7308],[-6.9878,54.6936],[-7.0003,54.6747],[-6.9689,54.663],[-6.9831,54.6524],[-6.9722,54.643],[-6.95,54.6061],[-6.9614,54.5766]]}},{"type":"Feature","properties":{"name":"Armagh - Craigavon","adm0_name":"United Kingdom","adm0_a3":"GBR","min_zoom":10},"geometry":{"type":"MultiLineString","coordinates":[[[-6.435,54.3771],[-6.4622,54.3783],[-6.4842,54.3952],[-6.4845,54.4169],[-6.5103,54.4183],[-6.5547,54.4633]],[[-6.4053,54.3938],[-6.435,54.3771]]]}},{"type":"Feature","properties":{"name":"Dungannon - Craigavon","adm0_name":"United Kingdom","adm0_a3":"GBR","min_zoom":10},"geometry":{"type":"LineString","coordinates":[[-6.5547,54.4633],[-6.565,54.4802],[-6.5653,54.4936],[-6.5836,54.5083],[-6.572,54.513],[-6.5725,54.5133],[-6.5435,54.5297],[-6.5278,54.5398]]}},{"type":"Feature","properties":{"name":"Craigavon - Cookstown","adm0_name":"United Kingdom","adm0_a3":"GBR","min_zoom":10},"geometry":{"type":"LineString","coordinates":[[-6.437,54.5688],[-6.4822,54.5534],[-6.5278,54.5398]]}},{"type":"Feature","properties":{"name":"Newry and Mourne - Banbridge","adm0_name":"United Kingdom","adm0_a3":"GBR","min_zoom":10},"geometry":{"type":"MultiLineString","coordinates":[[[-6.3439,54.2652],[-6.36,54.2769]],[[-6.3036,54.2619],[-6.3222,54.2666]],[[-6.3222,54.2666],[-6.3439,54.2652]],[[-6.1923,54.246],[-6.282,54.2652]],[[-6.282,54.2652],[-6.3036,54.2619]],[[-6.0453,54.2466],[-6.0737,54.2525]],[[-6.0737,54.2525],[-6.115,54.2422]],[[-6.115,54.2422],[-6.1536,54.2444],[-6.1686,54.2511]],[[-6.1686,54.2511],[-6.1923,54.246]]]}},{"type":"Feature","properties":{"name":"Down - Banbridge","adm0_name":"United Kingdom","adm0_a3":"GBR","min_zoom":10},"geometry":{"type":"MultiLineString","coordinates":[[[-5.9504,54.3797],[-5.9378,54.3663],[-5.9395,54.3627],[-5.9706,54.3411],[-5.9673,54.3205],[-5.9476,54.2905],[-5.9486,54.2869],[-5.9656,54.2841],[-5.9636,54.2733],[-5.9742,54.2627],[-5.9675,54.2499],[-5.9889,54.2452]],[[-5.9889,54.2452],[-6.0378,54.2636]],[[-6.0378,54.2636],[-6.0433,54.2616],[-6.0453,54.2466]]]}},{"type":"Feature","properties":{"name":"Banbridge - Armagh","adm0_name":"United Kingdom","adm0_a3":"GBR","min_zoom":10},"geometry":{"type":"LineString","coordinates":[[-6.4053,54.3938],[-6.4031,54.3794],[-6.3895,54.3669],[-6.3867,54.3544],[-6.3748,54.3408],[-6.3778,54.2933],[-6.36,54.2769]]}},{"type":"Feature","properties":{"name":"Craigavon - Banbridge","adm0_name":"United Kingdom","adm0_a3":"GBR","min_zoom":10},"geometry":{"type":"MultiLineString","coordinates":[[[-6.2242,54.4333],[-6.2105,54.4332]],[[-6.3067,54.3947],[-6.2378,54.3975],[-6.2334,54.4069],[-6.2148,54.4127],[-6.225,54.4233],[-6.2242,54.4333]],[[-6.3917,54.4011],[-6.33,54.3914]],[[-6.4053,54.3938],[-6.3917,54.4011]],[[-6.3242,54.3983],[-6.3067,54.3947]],[[-6.33,54.3914],[-6.325,54.3916],[-6.3242,54.3983]]]}},{"type":"Feature","properties":{"name":"Antrim - Magherafelt","adm0_name":"United Kingdom","adm0_a3":"GBR","min_zoom":10},"geometry":{"type":"LineString","coordinates":[[-6.4807,54.7827],[-6.4805,54.7796],[-6.4762,54.7732],[-6.4714,54.7683],[-6.4709,54.7683],[-6.4701,54.7678],[-6.4767,54.7455],[-6.4779,54.7455],[-6.4867,54.7357],[-6.4957,54.7228],[-6.4968,54.7138],[-6.4986,54.7062]]}},{"type":"Feature","properties":{"name":"Cookstown - Antrim","adm0_name":"United Kingdom","adm0_a3":"GBR","min_zoom":10},"geometry":{"type":"LineString","coordinates":[[-6.437,54.5688],[-6.436,54.5692],[-6.436,54.5866],[-6.4338,54.6029],[-6.4248,54.626],[-6.4181,54.6401],[-6.4208,54.6547],[-6.4378,54.6677],[-6.4749,54.6936],[-6.4986,54.7062]]}},{"type":"Feature","properties":{"name":"Antrim - Craigavon","adm0_name":"United Kingdom","adm0_a3":"GBR","min_zoom":10},"geometry":{"type":"MultiLineString","coordinates":[[[-6.2792,54.6111],[-6.2656,54.6049],[-6.2641,54.5925]],[[-6.301,54.5844],[-6.2891,54.5844],[-6.283,54.5911],[-6.2836,54.6029],[-6.2843,54.6102],[-6.2792,54.6111]],[[-6.333,54.5984],[-6.3218,54.5934],[-6.3117,54.5872],[-6.301,54.5844]],[[-6.431,54.5675],[-6.3758,54.5855],[-6.3426,54.5962],[-6.333,54.5984]],[[-6.437,54.5688],[-6.431,54.5675]]]}},{"type":"Feature","properties":{"name":"Lisburn - Down","adm0_name":"United Kingdom","adm0_a3":"GBR","min_zoom":10},"geometry":{"type":"LineString","coordinates":[[-5.9504,54.3797],[-5.9325,54.3905],[-5.9428,54.4097],[-5.9383,54.4166],[-5.91,54.4333],[-5.9156,54.4496],[-5.9006,54.4544],[-5.8961,54.4633],[-5.8792,54.4661],[-5.8681,54.4791]]}},{"type":"Feature","properties":{"name":"Lisburn - Craigavon","adm0_name":"United Kingdom","adm0_a3":"GBR","min_zoom":10},"geometry":{"type":"LineString","coordinates":[[-6.2641,54.5925],[-6.2761,54.5763],[-6.2964,54.5691],[-6.2842,54.5641],[-6.2753,54.5496],[-6.2736,54.5222],[-6.2392,54.5022],[-6.2389,54.4955],[-6.2526,54.4855],[-6.2451,54.4794],[-6.242,54.4666],[-6.2125,54.4496],[-6.2105,54.4332]]}},{"type":"Feature","properties":{"name":"Lisburn - Banbridge","adm0_name":"United Kingdom","adm0_a3":"GBR","min_zoom":10},"geometry":{"type":"MultiLineString","coordinates":[[[-6.1664,54.4441],[-6.1656,54.4341]],[[-6.2105,54.4332],[-6.1664,54.4441]],[[-6.137,54.4371],[-6.06,54.4074],[-6.0584,54.4044],[-6.0689,54.3989],[-6.0642,54.3883],[-6.0092,54.3763]],[[-6.1656,54.4341],[-6.137,54.4371]],[[-5.9698,54.3838],[-5.9504,54.3797]],[[-6.0092,54.3763],[-5.9698,54.3838]]]}},{"type":"Feature","properties":{"name":"Antrim - Lisburn","adm0_name":"United Kingdom","adm0_a3":"GBR","min_zoom":10},"geometry":{"type":"MultiLineString","coordinates":[[[-6.2297,54.5916],[-6.215,54.6008],[-6.1909,54.6019],[-6.1381,54.6186],[-6.0659,54.6227]],[[-6.2641,54.5925],[-6.2297,54.5916]]]}},{"type":"Feature","properties":{"name":"Strabane - Derry","adm0_name":"United Kingdom","adm0_a3":"GBR","min_zoom":10},"geometry":{"type":"MultiLineString","coordinates":[[[-7.3448,54.9155],[-7.3739,54.918],[-7.3917,54.9369],[-7.4147,54.9437],[-7.4158,54.9444]],[[-7.1955,54.8449],[-7.2059,54.848],[-7.1955,54.8566],[-7.2089,54.8647],[-7.2095,54.8836],[-7.2764,54.8871],[-7.2792,54.8938],[-7.2608,54.9105],[-7.2622,54.9139],[-7.3176,54.9224]],[[-7.3176,54.9224],[-7.3448,54.9155]],[[-7.0695,54.8058],[-7.1095,54.8138],[-7.1159,54.8241],[-7.1622,54.851]],[[-7.1622,54.851],[-7.1955,54.8449]],[[-7.0103,54.8155],[-7.0464,54.8138],[-7.0695,54.8058]]]}},{"type":"Feature","properties":{"name":"Ballymoney - Magherafelt","adm0_name":"United Kingdom","adm0_a3":"GBR","min_zoom":10},"geometry":{"type":"LineString","coordinates":[[-6.5204,54.9451],[-6.5053,54.9227],[-6.5069,54.916]]}},{"type":"Feature","properties":{"name":"Magherafelt - Ballymena","adm0_name":"United Kingdom","adm0_a3":"GBR","min_zoom":10},"geometry":{"type":"LineString","coordinates":[[-6.4807,54.7827],[-6.4817,54.7833],[-6.4824,54.7935],[-6.4817,54.7993],[-6.4762,54.8101],[-6.4762,54.8103],[-6.4756,54.8105],[-6.4711,54.8275],[-6.4822,54.8522],[-6.4817,54.8697],[-6.4914,54.8905],[-6.5103,54.9069],[-6.5069,54.916]]}},{"type":"Feature","properties":{"name":"Antrim - Ballymena","adm0_name":"United Kingdom","adm0_a3":"GBR","min_zoom":10},"geometry":{"type":"MultiLineString","coordinates":[[[-6.0842,54.7919],[-6.1526,54.8071]],[[-6.1526,54.8071],[-6.1925,54.8022],[-6.2128,54.7819]],[[-6.3297,54.7885],[-6.3531,54.7958]],[[-6.3531,54.7958],[-6.3886,54.7766]],[[-6.2128,54.7819],[-6.2411,54.7838],[-6.247,54.7899],[-6.2681,54.7944]],[[-6.2681,54.7944],[-6.2773,54.7869]],[[-6.2773,54.7869],[-6.3042,54.7919]],[[-6.3042,54.7919],[-6.3297,54.7885]],[[-6.4762,54.7802],[-6.4807,54.7827]],[[-6.3886,54.7766],[-6.4664,54.7815]],[[-6.4664,54.7815],[-6.4664,54.7814],[-6.4762,54.7802]]]}},{"type":"Feature","properties":{"name":"Ballymena - Ballymoney","adm0_name":"United Kingdom","adm0_a3":"GBR","min_zoom":10},"geometry":{"type":"MultiLineString","coordinates":[[[-6.1925,55.0283],[-6.1956,55.0222]],[[-6.1956,55.0222],[-6.2117,55.0249]],[[-6.2117,55.0249],[-6.2422,55.0111],[-6.2712,55.0085],[-6.2873,55.0016]],[[-6.2873,55.0016],[-6.3256,55.003]],[[-6.3256,55.003],[-6.3317,54.9922],[-6.3275,54.976],[-6.3339,54.9716]],[[-6.3339,54.9716],[-6.3487,54.9802]],[[-6.3487,54.9802],[-6.3595,54.9786],[-6.3703,54.9699]],[[-6.3703,54.9699],[-6.3931,54.9766]],[[-6.3931,54.9766],[-6.4117,54.965],[-6.4514,54.9605],[-6.4533,54.9574],[-6.4434,54.9472],[-6.4225,54.9388],[-6.4381,54.9305],[-6.4336,54.9108]],[[-6.4336,54.9108],[-6.46,54.9177]],[[-6.46,54.9177],[-6.5069,54.916]]]}},{"type":"Feature","properties":{"name":"Coleraine - Magherafelt","adm0_name":"United Kingdom","adm0_a3":"GBR","min_zoom":10},"geometry":{"type":"MultiLineString","coordinates":[[[-6.5853,54.9216],[-6.5581,54.9249],[-6.542,54.9283],[-6.5361,54.941],[-6.5204,54.9451]],[[-6.6406,54.9344],[-6.5853,54.9216]],[[-6.6948,54.916],[-6.6553,54.9233],[-6.6406,54.9344]],[[-6.7369,54.9288],[-6.7095,54.9266],[-6.6948,54.916]],[[-6.7703,54.9108],[-6.7369,54.9288]],[[-6.7811,54.9111],[-6.7703,54.9108]]]}},{"type":"Feature","properties":{"name":"Ballymoney - Coleraine","adm0_name":"United Kingdom","adm0_a3":"GBR","min_zoom":10},"geometry":{"type":"LineString","coordinates":[[-6.5153,55.1491],[-6.5175,55.1433],[-6.5436,55.1433],[-6.5728,55.1311],[-6.5786,55.098],[-6.5867,55.0886],[-6.6139,55.0766],[-6.5939,55.0608],[-6.5826,55.0405],[-6.5831,55.0291],[-6.592,55.0202],[-6.582,54.9952],[-6.5514,54.9763],[-6.5525,54.9594],[-6.5467,54.9535],[-6.5204,54.9451]]}},{"type":"Feature","properties":{"name":"Ballymena - Larne","adm0_name":"United Kingdom","adm0_a3":"GBR","min_zoom":10},"geometry":{"type":"MultiLineString","coordinates":[[[-5.9983,54.8508],[-6.0284,54.8591],[-6.0389,54.8966],[-6.0272,54.9099],[-6.0236,54.9347],[-6.0353,54.9483],[-6.0667,54.9638],[-6.0853,54.9827],[-6.1019,54.9869]],[[-6.007,54.7986],[-6.0211,54.8127],[-6.0195,54.8186],[-5.9592,54.8208],[-5.9481,54.8261],[-5.9448,54.8327],[-5.9651,54.8549],[-5.9875,54.8552]],[[-5.9875,54.8552],[-5.9983,54.8508]]]}},{"type":"Feature","properties":{"name":"Carrickfergus - Newtownabbey","adm0_name":"United Kingdom","adm0_a3":"GBR","min_zoom":10},"geometry":{"type":"LineString","coordinates":[[-5.8892,54.7694],[-5.9045,54.7597],[-5.902,54.7489],[-5.8922,54.7427],[-5.9059,54.7122],[-5.8914,54.7075],[-5.882,54.6946],[-5.8842,54.6874],[-5.8787,54.6829],[-5.8779,54.6823]]}},{"type":"Feature","properties":{"name":"Newtownabbey - Antrim","adm0_name":"United Kingdom","adm0_a3":"GBR","min_zoom":10},"geometry":{"type":"LineString","coordinates":[[-6.0842,54.7919],[-6.0456,54.7744],[-6.0484,54.7546],[-6.0637,54.748],[-6.0564,54.7258],[-6.0397,54.7141],[-6.0414,54.7047],[-6.0517,54.6952],[-6.0514,54.671],[-6.0447,54.6652],[-6.0225,54.6625]]}},{"type":"Feature","properties":{"name":"Ballymena - Newtownabbey","adm0_name":"United Kingdom","adm0_a3":"GBR","min_zoom":10},"geometry":{"type":"LineString","coordinates":[[-6.0842,54.7919],[-6.007,54.7986]]}},{"type":"Feature","properties":{"name":"Larne - Carrickfergus","adm0_name":"United Kingdom","adm0_a3":"GBR","min_zoom":10},"geometry":{"type":"MultiLineString","coordinates":[[[-5.7911,54.7766],[-5.7695,54.7722],[-5.7548,54.7527]],[[-5.8011,54.7724],[-5.7911,54.7766]],[[-5.8236,54.7758],[-5.8011,54.7724]],[[-5.8892,54.7694],[-5.8236,54.7758]],[[-5.7548,54.7527],[-5.7422,54.7638],[-5.6921,54.7705],[-5.6921,54.7705]]]}},{"type":"Feature","properties":{"name":"Newtownabbey - Larne","adm0_name":"United Kingdom","adm0_a3":"GBR","min_zoom":10},"geometry":{"type":"MultiLineString","coordinates":[[[-5.9903,54.773],[-6.0081,54.7869],[-6.007,54.7986]],[[-5.8892,54.7694],[-5.9036,54.7774]],[[-5.9036,54.7774],[-5.9255,54.7711]],[[-5.9255,54.7711],[-5.9484,54.7755]],[[-5.9484,54.7755],[-5.9598,54.7702]],[[-5.9598,54.7702],[-5.9748,54.7747]],[[-5.9748,54.7747],[-5.9903,54.773]]]}},{"type":"Feature","properties":{"name":"Castlereagh - Down","adm0_name":"United Kingdom","adm0_a3":"GBR","min_zoom":10},"geometry":{"type":"LineString","coordinates":[[-5.8681,54.4791],[-5.8351,54.4916],[-5.8187,54.4916]]}},{"type":"Feature","properties":{"name":"Castlereagh - Lisburn","adm0_name":"United Kingdom","adm0_a3":"GBR","min_zoom":10},"geometry":{"type":"LineString","coordinates":[[-5.9547,54.5544],[-5.9239,54.5397],[-5.9183,54.5266],[-5.9034,54.5194],[-5.8973,54.5013],[-5.887,54.5002],[-5.8845,54.4905],[-5.8681,54.4791]]}},{"type":"Feature","properties":{"name":"Strabane - Limavady","adm0_name":"United Kingdom","adm0_a3":"GBR","min_zoom":10},"geometry":{"type":"MultiLineString","coordinates":[[[-6.9175,54.8158],[-6.9423,54.8277]],[[-6.9423,54.8277],[-6.9647,54.8233]],[[-6.9647,54.8233],[-6.992,54.8252]],[[-6.992,54.8252],[-7.0103,54.8155]]]}},{"type":"Feature","properties":{"name":"Limavady - Magherafelt","adm0_name":"United Kingdom","adm0_a3":"GBR","min_zoom":10},"geometry":{"type":"MultiLineString","coordinates":[[[-6.8114,54.8466],[-6.777,54.8652],[-6.7767,54.8883],[-6.7686,54.9013],[-6.7811,54.9111]],[[-6.89,54.8516],[-6.8114,54.8466]],[[-6.9175,54.8158],[-6.889,54.8308],[-6.89,54.8516]]]}},{"type":"Feature","properties":{"name":"Derry - Limavady","adm0_name":"United Kingdom","adm0_a3":"GBR","min_zoom":10},"geometry":{"type":"MultiLineString","coordinates":[[[-7.1311,54.9833],[-7.1531,55.018],[-7.1742,55.0316],[-7.1507,55.0479],[-7.1499,55.0486],[-7.1499,55.0487]],[[-7.0103,54.8155],[-7.0395,54.8388],[-7.0406,54.8686],[-7.0339,54.8808],[-7.0453,54.8883],[-7.0531,54.9113],[-7.0834,54.9244],[-7.0934,54.941],[-7.0978,54.9647],[-7.087,54.9835],[-7.1142,54.9872]],[[-7.1142,54.9872],[-7.1311,54.9833]]]}},{"type":"Feature","properties":{"name":"Limavady - Coleraine","adm0_name":"United Kingdom","adm0_a3":"GBR","min_zoom":10},"geometry":{"type":"LineString","coordinates":[[-6.7811,54.9111],[-6.7953,54.9569],[-6.8086,54.9688],[-6.8036,54.9786],[-6.7801,54.9908],[-6.8039,54.9991],[-6.8098,55.0085],[-6.8117,55.0402],[-6.807,55.0705],[-6.8214,55.1019],[-6.8623,55.1255],[-6.85,55.1375],[-6.8512,55.1474],[-6.8409,55.1563],[-6.8396,55.1662],[-6.8384,55.1754],[-6.8384,55.1754]]}},{"type":"Feature","properties":{"name":"Ballymoney - Moyle","adm0_name":"United Kingdom","adm0_a3":"GBR","min_zoom":10},"geometry":{"type":"MultiLineString","coordinates":[[[-6.4606,55.138],[-6.4778,55.1486],[-6.5153,55.1491]],[[-6.4253,55.126],[-6.4372,55.1366],[-6.4364,55.1424]],[[-6.4364,55.1424],[-6.4606,55.138]],[[-6.3242,55.1041],[-6.3465,55.1088],[-6.3639,55.1283],[-6.3795,55.1377]],[[-6.3795,55.1377],[-6.3953,55.1377],[-6.4253,55.126]],[[-6.1925,55.0283],[-6.195,55.0355],[-6.2297,55.0686],[-6.23,55.0816],[-6.2354,55.0888],[-6.2261,55.0983],[-6.2281,55.1205]],[[-6.2281,55.1205],[-6.3242,55.1041]]]}},{"type":"Feature","properties":{"name":"Moyle - Ballymena","adm0_name":"United Kingdom","adm0_a3":"GBR","min_zoom":10},"geometry":{"type":"MultiLineString","coordinates":[[[-6.1925,55.0283],[-6.1689,55.0219],[-6.1601,55.0022],[-6.1403,54.9863],[-6.1245,54.9827]],[[-6.1245,54.9827],[-6.1019,54.9869]]]}},{"type":"Feature","properties":{"name":"Moyle - Coleraine","adm0_name":"United Kingdom","adm0_a3":"GBR","min_zoom":10},"geometry":{"type":"LineString","coordinates":[[-6.5461,55.2252],[-6.5461,55.2252],[-6.5415,55.2212],[-6.5417,55.2208],[-6.5314,55.2116],[-6.5328,55.1983],[-6.5242,55.1886],[-6.5267,55.1652],[-6.5153,55.1491]]}},{"type":"Feature","properties":{"name":"Moyle - Larne","adm0_name":"United Kingdom","adm0_a3":"GBR","min_zoom":10},"geometry":{"type":"LineString","coordinates":[[-6.1019,54.9869],[-6.0381,55.0222],[-6.0298,55.0322],[-6.0117,55.0344],[-5.9828,55.0544],[-5.9811,55.0556],[-5.981,55.0557]]}},{"type":"Feature","properties":{"name":"Down - Ards","adm0_name":"United Kingdom","adm0_a3":"GBR","min_zoom":10},"geometry":{"type":"MultiLineString","coordinates":[[[-5.7159,54.4472],[-5.7317,54.4516],[-5.7381,54.4605],[-5.7909,54.4661],[-5.8187,54.4916]],[[-5.6391,54.4644],[-5.6391,54.4644],[-5.6459,54.4587]],[[-5.6459,54.4587],[-5.646,54.4589]],[[-5.646,54.4589],[-5.7159,54.4472]]]}},{"type":"Feature","properties":{"name":"Ards - Castlereagh","adm0_name":"United Kingdom","adm0_a3":"GBR","min_zoom":10},"geometry":{"type":"LineString","coordinates":[[-5.757,54.6158],[-5.7609,54.5938],[-5.7534,54.5869],[-5.7548,54.5833],[-5.775,54.5763],[-5.7928,54.5591],[-5.7878,54.5469],[-5.8234,54.5258],[-5.8187,54.4916]]}},{"type":"Feature","properties":{"name":"Castlereagh - North Down","adm0_name":"United Kingdom","adm0_a3":"GBR","min_zoom":10},"geometry":{"type":"MultiLineString","coordinates":[[[-5.757,54.6158],[-5.7917,54.6194]],[[-5.7917,54.6194],[-5.8078,54.6144]]]}},{"type":"Feature","properties":{"name":"Ards - North Down","adm0_name":"United Kingdom","adm0_a3":"GBR","min_zoom":10},"geometry":{"type":"MultiLineString","coordinates":[[[-5.565,54.6723],[-5.565,54.6723],[-5.572,54.6687],[-5.5789,54.6666],[-5.5773,54.6536],[-5.6047,54.6458],[-5.6161,54.6302],[-5.65,54.6188],[-5.6989,54.6186]],[[-5.6989,54.6186],[-5.7289,54.6288]],[[-5.7289,54.6288],[-5.757,54.6158]]]}},{"type":"Feature","properties":{"name":"Belfast - Antrim","adm0_name":"United Kingdom","adm0_a3":"GBR","min_zoom":10},"geometry":{"type":"LineString","coordinates":[[-6.0225,54.6625],[-6.0364,54.6544],[-6.0587,54.6527],[-6.0617,54.6494],[-6.0456,54.6297],[-6.0659,54.6227]]}},{"type":"Feature","properties":{"name":"Lisburn - Belfast","adm0_name":"United Kingdom","adm0_a3":"GBR","min_zoom":10},"geometry":{"type":"MultiLineString","coordinates":[[[-5.9681,54.5402],[-5.98,54.5421],[-5.9881,54.5622],[-6.0317,54.5808],[-6.0334,54.5941],[-6.0428,54.6083],[-6.0659,54.6227]],[[-5.9547,54.5544],[-5.9642,54.5496],[-5.9681,54.5402]]]}},{"type":"Feature","properties":{"name":"Newtownabbey - Belfast","adm0_name":"United Kingdom","adm0_a3":"GBR","min_zoom":10},"geometry":{"type":"MultiLineString","coordinates":[[[-5.9839,54.663],[-5.9651,54.6469]],[[-6.0225,54.6625],[-5.9839,54.663]],[[-5.9406,54.6597],[-5.9143,54.6468]],[[-5.9651,54.6469],[-5.9406,54.6597]]]}},{"type":"Feature","properties":{"name":"Belfast - Castlereagh","adm0_name":"United Kingdom","adm0_a3":"GBR","min_zoom":10},"geometry":{"type":"MultiLineString","coordinates":[[[-5.8161,54.593],[-5.8078,54.6144]],[[-5.8378,54.5938],[-5.8161,54.593]],[[-5.9547,54.5544],[-5.9489,54.5613],[-5.9067,54.5733],[-5.8948,54.5821],[-5.8595,54.5855],[-5.8378,54.5938]]]}},{"type":"Feature","properties":{"name":"Belfast - North Down","adm0_name":"United Kingdom","adm0_a3":"GBR","min_zoom":10},"geometry":{"type":"MultiLineString","coordinates":[[[-5.8697,54.6227],[-5.8704,54.6228],[-5.8705,54.6228]],[[-5.8078,54.6144],[-5.8697,54.6228]],[[-5.8697,54.6228],[-5.8697,54.6227]]]}},{"type":"Feature","properties":{"name":"Merton - Wandsworth","adm0_name":"United Kingdom","adm0_a3":"GBR","min_zoom":10},"geometry":{"type":"MultiLineString","coordinates":[[[-0.1317,51.4177],[-0.1541,51.4188],[-0.1749,51.4263],[-0.1775,51.4283],[-0.1818,51.4339],[-0.1846,51.4355],[-0.1877,51.4363]],[[-0.1877,51.4363],[-0.2443,51.4325]]]}},{"type":"Feature","properties":{"name":"Wandsworth - Westminster","adm0_name":"United Kingdom","adm0_a3":"GBR","min_zoom":10},"geometry":{"type":"LineString","coordinates":[[-0.1279,51.4921],[-0.1355,51.4871],[-0.1429,51.4837]]}},{"type":"Feature","properties":{"name":"Westminster - Kensington and Chelsea","adm0_name":"United Kingdom","adm0_a3":"GBR","min_zoom":10},"geometry":{"type":"MultiLineString","coordinates":[[[-0.2111,51.522],[-0.1966,51.5204],[-0.1958,51.52],[-0.1952,51.5195],[-0.1949,51.5188],[-0.1944,51.5154],[-0.1941,51.5146],[-0.1935,51.5139],[-0.1907,51.5114],[-0.1819,51.5078],[-0.1737,51.501],[-0.1695,51.4943],[-0.1664,51.4921],[-0.1653,51.4917],[-0.1606,51.4913]],[[-0.1498,51.4937],[-0.1485,51.4933],[-0.1479,51.4929],[-0.1474,51.4921],[-0.1456,51.4878],[-0.1429,51.4837]],[[-0.1606,51.4913],[-0.1498,51.4937]]]}},{"type":"Feature","properties":{"name":"Wandsworth - Kensington and Chelsea","adm0_name":"United Kingdom","adm0_a3":"GBR","min_zoom":10},"geometry":{"type":"LineString","coordinates":[[-0.1429,51.4837],[-0.1567,51.4773],[-0.1712,51.4726]]}},{"type":"Feature","properties":{"name":"Ealing - Hounslow","adm0_name":"United Kingdom","adm0_a3":"GBR","min_zoom":10},"geometry":{"type":"MultiLineString","coordinates":[[[-0.2709,51.4963],[-0.2573,51.4925],[-0.2528,51.4925]],[[-0.3009,51.4895],[-0.2989,51.4899],[-0.2901,51.4946],[-0.2709,51.4963]],[[-0.2528,51.4925],[-0.2445,51.4944]],[[-0.3927,51.4936],[-0.3654,51.4883]],[[-0.3392,51.4927],[-0.3009,51.4895]],[[-0.3654,51.4883],[-0.3392,51.4927]]]}},{"type":"Feature","properties":{"name":"Wandsworth - Hammersmith and Fulham","adm0_name":"United Kingdom","adm0_a3":"GBR","min_zoom":10},"geometry":{"type":"MultiLineString","coordinates":[[[-0.1983,51.4674],[-0.21,51.4706],[-0.2127,51.4729]],[[-0.1712,51.4726],[-0.1793,51.47],[-0.1983,51.4674]]]}},{"type":"Feature","properties":{"name":"Hammersmith and Fulham - Ealing","adm0_name":"United Kingdom","adm0_a3":"GBR","min_zoom":10},"geometry":{"type":"LineString","coordinates":[[-0.2366,51.5265],[-0.2355,51.5098],[-0.2368,51.5048],[-0.2393,51.5001],[-0.2445,51.4944]]}},{"type":"Feature","properties":{"name":"Kensington and Chelsea - Hammersmith and Fulham","adm0_name":"United Kingdom","adm0_a3":"GBR","min_zoom":10},"geometry":{"type":"LineString","coordinates":[[-0.2111,51.522],[-0.2149,51.5196],[-0.2155,51.5182],[-0.2163,51.5147],[-0.2163,51.5138],[-0.2155,51.5124],[-0.2143,51.5114],[-0.2053,51.5078],[-0.2046,51.5072],[-0.2039,51.5063],[-0.2038,51.5056],[-0.2038,51.4976],[-0.2023,51.4938],[-0.1993,51.4905],[-0.1712,51.4726]]}},{"type":"Feature","properties":{"name":"Hounslow - Hammersmith and Fulham","adm0_name":"United Kingdom","adm0_a3":"GBR","min_zoom":10},"geometry":{"type":"LineString","coordinates":[[-0.2367,51.4872],[-0.2368,51.4877],[-0.2383,51.4911],[-0.2392,51.4919],[-0.2404,51.4927],[-0.242,51.4934],[-0.2445,51.4944]]}},{"type":"Feature","properties":{"name":"Darlington - Stockton-on-Tees","adm0_name":"United Kingdom","adm0_a3":"GBR","min_zoom":10},"geometry":{"type":"LineString","coordinates":[[-1.432,54.4811],[-1.4187,54.4927],[-1.412,54.5124],[-1.4345,54.535],[-1.4248,54.5549],[-1.4011,54.5644],[-1.3984,54.5719],[-1.397,54.5847],[-1.4123,54.598],[-1.4126,54.6]]}},{"type":"Feature","properties":{"name":"Middlesbrough - Stockton-on-Tees","adm0_name":"United Kingdom","adm0_a3":"GBR","min_zoom":10},"geometry":{"type":"MultiLineString","coordinates":[[[-1.2187,54.5754],[-1.232,54.5775]],[[-1.232,54.5775],[-1.2485,54.5775],[-1.2595,54.5775],[-1.2691,54.572],[-1.2759,54.5658],[-1.2855,54.5549],[-1.293,54.5446],[-1.2978,54.5309],[-1.2999,54.5151],[-1.2923,54.5021],[-1.2731,54.4946],[-1.2508,54.4866]]]}},{"type":"Feature","properties":{"name":"Wandsworth - Richmond upon Thames","adm0_name":"United Kingdom","adm0_a3":"GBR","min_zoom":10},"geometry":{"type":"LineString","coordinates":[[-0.2127,51.4729],[-0.2139,51.4718],[-0.221,51.4633],[-0.2226,51.462],[-0.224,51.4616],[-0.2402,51.4615],[-0.2425,51.4605],[-0.2438,51.4595],[-0.2457,51.4557],[-0.2461,51.4533],[-0.246,51.4517],[-0.2435,51.4471],[-0.2436,51.4449],[-0.2457,51.438],[-0.2443,51.4325]]}},{"type":"Feature","properties":{"name":"Richmond upon Thames - Hounslow","adm0_name":"United Kingdom","adm0_a3":"GBR","min_zoom":10},"geometry":{"type":"LineString","coordinates":[[-0.2367,51.4872],[-0.2471,51.4851],[-0.2597,51.4757],[-0.271,51.4736],[-0.3102,51.4726],[-0.3232,51.4647],[-0.316,51.4556],[-0.364,51.4507],[-0.368,51.4494],[-0.375,51.444],[-0.3766,51.4421],[-0.3768,51.4415],[-0.3768,51.4409],[-0.3767,51.4403],[-0.3763,51.4398],[-0.3746,51.4384],[-0.3725,51.4373],[-0.3706,51.4369],[-0.3568,51.4367],[-0.3559,51.4363],[-0.3557,51.4358],[-0.3559,51.4353],[-0.3569,51.4342],[-0.3674,51.4299],[-0.376,51.4227],[-0.3785,51.4189],[-0.3844,51.4137]]}},{"type":"Feature","properties":{"name":"Richmond upon Thames - Hammersmith and Fulham","adm0_name":"United Kingdom","adm0_a3":"GBR","min_zoom":10},"geometry":{"type":"MultiLineString","coordinates":[[[-0.2127,51.4729],[-0.2261,51.4841],[-0.2365,51.4872]],[[-0.2365,51.4872],[-0.2367,51.4872]]]}},{"type":"Feature","properties":{"name":"Tower Hamlets - City","adm0_name":"United Kingdom","adm0_a3":"GBR","min_zoom":10},"geometry":{"type":"LineString","coordinates":[[-0.072,51.516],[-0.071,51.5146],[-0.0698,51.5132],[-0.0683,51.5121],[-0.0662,51.5109],[-0.0656,51.5104],[-0.0653,51.51],[-0.0651,51.5095],[-0.0652,51.5091],[-0.0654,51.5086],[-0.0658,51.5083],[-0.0664,51.508],[-0.0669,51.5079]]}},{"type":"Feature","properties":{"name":"Durham - Darlington","adm0_name":"United Kingdom","adm0_a3":"GBR","min_zoom":10},"geometry":{"type":"MultiLineString","coordinates":[[[-1.5484,54.5715],[-1.5233,54.5715],[-1.4832,54.5725],[-1.4501,54.5795],[-1.42,54.5986],[-1.4126,54.6]],[[-1.6287,54.5956],[-1.5965,54.5876],[-1.5725,54.5725],[-1.5484,54.5715]],[[-1.6818,54.5311],[-1.6818,54.5424],[-1.6818,54.5595],[-1.6808,54.5785],[-1.6728,54.5916],[-1.6527,54.5956],[-1.6287,54.5956]]]}},{"type":"Feature","properties":{"name":"Durham - Stockton-on-Tees","adm0_name":"United Kingdom","adm0_a3":"GBR","min_zoom":10},"geometry":{"type":"LineString","coordinates":[[-1.4126,54.6],[-1.4137,54.6061],[-1.397,54.6152],[-1.3885,54.6267]]}},{"type":"Feature","properties":{"name":"Sunderland - Durham","adm0_name":"United Kingdom","adm0_a3":"GBR","min_zoom":10},"geometry":{"type":"MultiLineString","coordinates":[[[-1.5773,54.886],[-1.56,54.8796],[-1.5539,54.8724],[-1.5524,54.8578],[-1.5355,54.8405],[-1.5232,54.8317],[-1.5202,54.8172],[-1.5156,54.8042],[-1.5064,54.7999],[-1.4742,54.797]],[[-1.4742,54.797],[-1.4404,54.797],[-1.4113,54.8013],[-1.4021,54.8114],[-1.4036,54.8346],[-1.3945,54.8535],[-1.3899,54.8607],[-1.3684,54.8651],[-1.352,54.8696],[-1.3408,54.8727],[-1.3408,54.8727]]]}},{"type":"Feature","properties":{"name":"Gateshead - Durham","adm0_name":"United Kingdom","adm0_a3":"GBR","min_zoom":10},"geometry":{"type":"MultiLineString","coordinates":[[[-1.8201,54.9047],[-1.7656,54.8985],[-1.7012,54.8941]],[[-1.649,54.8956],[-1.5953,54.8926],[-1.5773,54.886]],[[-1.7012,54.8941],[-1.649,54.8956]]]}},{"type":"Feature","properties":{"name":"Stockton-on-Tees - Hartlepool","adm0_name":"United Kingdom","adm0_a3":"GBR","min_zoom":10},"geometry":{"type":"LineString","coordinates":[[-1.2117,54.6066],[-1.2626,54.6076],[-1.3187,54.6116],[-1.3719,54.6197],[-1.3885,54.6267]]}},{"type":"Feature","properties":{"name":"Durham - Hartlepool","adm0_name":"United Kingdom","adm0_a3":"GBR","min_zoom":10},"geometry":{"type":"LineString","coordinates":[[-1.3885,54.6267],[-1.3795,54.6388],[-1.3337,54.6474],[-1.3259,54.6822],[-1.305,54.6933],[-1.2942,54.7113],[-1.2495,54.7242],[-1.2454,54.7254],[-1.2453,54.7254]]}},{"type":"Feature","properties":{"name":"Redcar and Cleveland - Middlesbrough","adm0_name":"United Kingdom","adm0_a3":"GBR","min_zoom":10},"geometry":{"type":"LineString","coordinates":[[-1.2187,54.5754],[-1.2197,54.5665],[-1.2176,54.5535],[-1.2101,54.5398],[-1.1991,54.5254],[-1.1868,54.5117],[-1.1795,54.5038]]}},{"type":"Feature","properties":{"name":"Redcar and Cleveland - Stockton-on-Tees","adm0_name":"United Kingdom","adm0_a3":"GBR","min_zoom":10},"geometry":{"type":"LineString","coordinates":[[-1.2117,54.6066],[-1.2163,54.5967],[-1.2187,54.5754]]}},{"type":"Feature","properties":{"name":"Hartlepool - Redcar and Cleveland","adm0_name":"United Kingdom","adm0_a3":"GBR","min_zoom":10},"geometry":{"type":"MultiLineString","coordinates":[[[-1.2094,54.6066],[-1.1994,54.6136],[-1.1955,54.6175],[-1.1927,54.6199],[-1.1926,54.62]],[[-1.2117,54.6066],[-1.2094,54.6066]]]}},{"type":"Feature","properties":{"name":"Durham - Northumberland","adm0_name":"United Kingdom","adm0_a3":"GBR","min_zoom":10},"geometry":{"type":"MultiLineString","coordinates":[[[-1.8201,54.9047],[-1.8217,54.8938],[-1.8464,54.8744],[-1.8667,54.8483],[-1.9042,54.8341]],[[-1.9042,54.8341],[-1.914,54.8352],[-1.9203,54.8449],[-1.9931,54.8647]],[[-1.9931,54.8647],[-2.0822,54.8305]],[[-2.0822,54.8305],[-2.1297,54.8369]],[[-2.1297,54.8369],[-2.1284,54.8285],[-2.1331,54.8219],[-2.1517,54.8141],[-2.1603,54.8035]],[[-2.1603,54.8035],[-2.1761,54.8052]],[[-2.1761,54.8052],[-2.1914,54.8002],[-2.2034,54.7827],[-2.2114,54.7786]],[[-2.2114,54.7786],[-2.2725,54.7922]],[[-2.2725,54.7922],[-2.305,54.7832]]]}},{"type":"Feature","properties":{"name":"Northumberland - Newcastle upon Tyne","adm0_name":"United Kingdom","adm0_a3":"GBR","min_zoom":10},"geometry":{"type":"MultiLineString","coordinates":[[[-1.6889,55.0721],[-1.6493,55.0677]],[[-1.7495,55.0027],[-1.7284,55.028],[-1.6973,55.033],[-1.6803,55.0413],[-1.68,55.0488],[-1.7,55.0563],[-1.6967,55.0663],[-1.6889,55.0721]]]}},{"type":"Feature","properties":{"name":"Northumberland - North Tyneside","adm0_name":"United Kingdom","adm0_a3":"GBR","min_zoom":10},"geometry":{"type":"MultiLineString","coordinates":[[[-1.5142,55.048],[-1.4937,55.0491],[-1.4678,55.0666],[-1.4556,55.0697],[-1.4556,55.0697]],[[-1.6493,55.0677],[-1.5862,55.0605],[-1.56,55.0511],[-1.5142,55.048]]]}},{"type":"Feature","properties":{"name":"Northumberland - Gateshead","adm0_name":"United Kingdom","adm0_a3":"GBR","min_zoom":10},"geometry":{"type":"LineString","coordinates":[[-1.8201,54.9047],[-1.8489,54.9125],[-1.8506,54.9197],[-1.8217,54.9294],[-1.8001,54.9722],[-1.7931,54.978],[-1.7667,54.9844],[-1.7645,54.9972],[-1.7495,55.0027]]}},{"type":"Feature","properties":{"name":"North Yorkshire - Darlington","adm0_name":"United Kingdom","adm0_a3":"GBR","min_zoom":10},"geometry":{"type":"MultiLineString","coordinates":[[[-1.63,54.5083],[-1.6353,54.5097],[-1.6423,54.5233],[-1.6622,54.5308],[-1.6818,54.5311]],[[-1.5325,54.4652],[-1.5778,54.4896],[-1.5909,54.5086],[-1.6003,54.5124]],[[-1.6003,54.5124],[-1.63,54.5083]],[[-1.432,54.4811],[-1.4361,54.4905],[-1.447,54.4977],[-1.4595,54.4985]],[[-1.4595,54.4985],[-1.467,54.4941],[-1.4667,54.4827],[-1.4461,54.451],[-1.4492,54.4444],[-1.4603,54.4416]],[[-1.4603,54.4416],[-1.4723,54.448],[-1.4845,54.471],[-1.495,54.4788],[-1.5256,54.4808]],[[-1.5256,54.4808],[-1.5203,54.4666],[-1.5325,54.4652]]]}},{"type":"Feature","properties":{"name":"Middlesbrough - North Yorkshire","adm0_name":"United Kingdom","adm0_a3":"GBR","min_zoom":10},"geometry":{"type":"MultiLineString","coordinates":[[[-1.2017,54.5058],[-1.1795,54.5038]],[[-1.2508,54.4866],[-1.2483,54.4874],[-1.235,54.4997],[-1.2017,54.5058]]]}},{"type":"Feature","properties":{"name":"North Yorkshire - York","adm0_name":"United Kingdom","adm0_a3":"GBR","min_zoom":10},"geometry":{"type":"MultiLineString","coordinates":[[[-1.049,54.0403],[-1.0266,54.0389],[-1.007,54.0278],[-1.0042,54.0082],[-1.0042,53.99],[-0.9875,53.9747],[-0.954,53.9718]],[[-1.0811,53.8573],[-1.1412,53.8601],[-1.1775,53.8769],[-1.218,53.9146],[-1.2348,53.9453],[-1.232,53.9691],[-1.2152,53.9761],[-1.1957,53.9789],[-1.1775,53.9803],[-1.1635,53.997],[-1.158,54.0152],[-1.1468,54.0278],[-1.123,54.0333],[-1.0923,54.0403],[-1.049,54.0403]],[[-0.954,53.9718],[-0.928,53.9718]],[[-0.9405,53.868],[-0.9693,53.8713]],[[-0.9693,53.8713],[-1.0252,53.8573],[-1.0811,53.8573]]]}},{"type":"Feature","properties":{"name":"Stockton-on-Tees - North Yorkshire","adm0_name":"United Kingdom","adm0_a3":"GBR","min_zoom":10},"geometry":{"type":"MultiLineString","coordinates":[[[-1.3821,54.4935],[-1.3697,54.4888],[-1.362,54.4675]],[[-1.3881,54.4888],[-1.3821,54.4935]],[[-1.4084,54.4924],[-1.3881,54.4888]],[[-1.4167,54.4777],[-1.4084,54.4924]],[[-1.3267,54.4622],[-1.2508,54.4866]],[[-1.432,54.4811],[-1.4167,54.4777]],[[-1.3333,54.4675],[-1.3267,54.4622]],[[-1.362,54.4675],[-1.3333,54.4675]]]}},{"type":"Feature","properties":{"name":"Durham - North Yorkshire","adm0_name":"United Kingdom","adm0_a3":"GBR","min_zoom":10},"geometry":{"type":"MultiLineString","coordinates":[[[-1.7136,54.5316],[-1.6818,54.5311]],[[-1.7248,54.5249],[-1.7136,54.5316]],[[-1.7489,54.5305],[-1.7248,54.5249]],[[-1.7872,54.4816],[-1.7795,54.5011],[-1.7673,54.5138],[-1.767,54.5286],[-1.7489,54.5305]],[[-1.8359,54.5044],[-1.8245,54.5027],[-1.7872,54.4816]],[[-1.9562,54.4544],[-1.9306,54.4547],[-1.8509,54.4805],[-1.8498,54.4933],[-1.8359,54.5044]],[[-2.0456,54.4797],[-2.007,54.4724],[-1.9562,54.4544]],[[-2.1389,54.4496],[-2.0998,54.468],[-2.0456,54.4797]],[[-2.1552,54.4556],[-2.1389,54.4496]]]}},{"type":"Feature","properties":{"name":"Redcar and Cleveland - North Yorkshire","adm0_name":"United Kingdom","adm0_a3":"GBR","min_zoom":10},"geometry":{"type":"MultiLineString","coordinates":[[[-0.8383,54.4872],[-0.8378,54.5158],[-0.8295,54.53],[-0.8147,54.5405],[-0.7884,54.5472],[-0.7795,54.5566],[-0.7788,54.5573],[-0.7788,54.5573],[-0.7788,54.5574]],[[-1.0745,54.5049],[-1.0292,54.4924]],[[-1.1142,54.498],[-1.0745,54.5049]],[[-1.1795,54.5038],[-1.1142,54.498]],[[-0.9761,54.4999],[-0.9553,54.4974],[-0.9325,54.4866]],[[-1.0292,54.4924],[-0.9761,54.4999]],[[-0.8808,54.4958],[-0.8383,54.4872]],[[-0.9325,54.4866],[-0.8808,54.4958]]]}},{"type":"Feature","properties":{"name":"Cumbria - Durham","adm0_name":"United Kingdom","adm0_a3":"GBR","min_zoom":10},"geometry":{"type":"LineString","coordinates":[[-2.1552,54.4556],[-2.1503,54.473],[-2.1581,54.4855],[-2.1631,54.528],[-2.1917,54.5313],[-2.2095,54.5522],[-2.2853,54.588],[-2.2964,54.603],[-2.3056,54.6277],[-2.2862,54.6402],[-2.2792,54.6502],[-2.2806,54.6577],[-2.2909,54.6658],[-2.3448,54.6822],[-2.3539,54.6908],[-2.3272,54.7274],[-2.305,54.7832]]}},{"type":"Feature","properties":{"name":"Northumberland - Cumbria","adm0_name":"United Kingdom","adm0_a3":"GBR","min_zoom":10},"geometry":{"type":"MultiLineString","coordinates":[[[-2.685,55.1908],[-2.6775,55.1858],[-2.6542,55.1433],[-2.6409,55.1321],[-2.5978,55.1236],[-2.5875,55.103],[-2.5551,55.0894],[-2.5473,55.0799]],[[-2.5053,55.0869],[-2.4853,55.0794],[-2.4959,55.0719],[-2.4914,55.0652],[-2.4948,55.058],[-2.482,55.0391],[-2.56,55.0119],[-2.567,55.0058],[-2.5678,54.9861],[-2.592,54.9666],[-2.565,54.9577],[-2.5573,54.9374],[-2.5417,54.923],[-2.5595,54.9158],[-2.5703,54.893],[-2.5936,54.8827],[-2.5875,54.873],[-2.5664,54.8583],[-2.5634,54.8469],[-2.5703,54.8363],[-2.5636,54.8236],[-2.5336,54.808],[-2.5,54.8052]],[[-2.5473,55.0799],[-2.5053,55.0869]],[[-2.4,54.8472],[-2.362,54.8108],[-2.305,54.7832]],[[-2.5,54.8052],[-2.4309,54.833],[-2.4122,54.8455],[-2.4,54.8472]]]}},{"type":"Feature","properties":{"name":"Cumbria - North Yorkshire","adm0_name":"United Kingdom","adm0_a3":"GBR","min_zoom":10},"geometry":{"type":"MultiLineString","coordinates":[[[-2.1684,54.4597],[-2.1552,54.4556]],[[-2.1942,54.4466],[-2.1684,54.4597]],[[-2.2447,54.448],[-2.1942,54.4466]],[[-2.3295,54.2408],[-2.3098,54.2433],[-2.3039,54.2486],[-2.3003,54.2652],[-2.3114,54.2813],[-2.3056,54.2924],[-2.3061,54.3205],[-2.3128,54.3299],[-2.3412,54.3422],[-2.3472,54.3502],[-2.2834,54.3827],[-2.2834,54.3947],[-2.2956,54.4177],[-2.2767,54.4355],[-2.2447,54.448]],[[-2.3525,54.2505],[-2.3295,54.2408]],[[-2.4006,54.2283],[-2.3828,54.2416],[-2.3525,54.2505]],[[-2.4475,54.2302],[-2.4006,54.2283]]]}},{"type":"Feature","properties":{"name":"Halton - Merseyside","adm0_name":"United Kingdom","adm0_a3":"GBR","min_zoom":10},"geometry":{"type":"MultiLineString","coordinates":[[[-2.6806,53.3788],[-2.7411,53.3883]],[[-2.7411,53.3883],[-2.7547,53.3781]]]}},{"type":"Feature","properties":{"name":"York - East Riding of Yorkshire","adm0_name":"United Kingdom","adm0_a3":"GBR","min_zoom":10},"geometry":{"type":"LineString","coordinates":[[-0.9405,53.868],[-0.94,53.8919],[-0.9209,53.9438],[-0.9298,53.9691],[-0.928,53.9718]]}},{"type":"Feature","properties":{"name":"North Yorkshire - East Riding of Yorkshire","adm0_name":"United Kingdom","adm0_a3":"GBR","min_zoom":10},"geometry":{"type":"LineString","coordinates":[[-0.928,53.9718],[-0.9181,53.9869],[-0.8893,54.0071],[-0.7339,54.0222],[-0.702,54.0083],[-0.6684,54.0071],[-0.6656,54.0249],[-0.6409,54.0322],[-0.6378,54.0475],[-0.645,54.056],[-0.6412,54.0588],[-0.6042,54.0677],[-0.5709,54.0847],[-0.5478,54.0874],[-0.5133,54.0833],[-0.4467,54.1072],[-0.4417,54.1141],[-0.4486,54.1235],[-0.4203,54.1386],[-0.4159,54.1627],[-0.3981,54.1699],[-0.3739,54.1655],[-0.355,54.1494],[-0.3119,54.1447],[-0.2945,54.136],[-0.2228,54.133],[-0.2097,54.1397],[-0.2006,54.1517],[-0.1999,54.1524],[-0.1999,54.1525]]}},{"type":"Feature","properties":{"name":"North Yorkshire - East Riding of Yorkshire","adm0_name":"United Kingdom","adm0_a3":"GBR","min_zoom":10},"geometry":{"type":"MultiLineString","coordinates":[[[-1.0206,53.6947],[-0.9828,53.7025],[-0.9425,53.7199],[-0.9256,53.7227],[-0.9593,53.7369],[-0.9637,53.743],[-0.9342,53.7683],[-0.9312,53.7897],[-0.9203,53.8077],[-0.9411,53.8355],[-0.9405,53.868]],[[-1.0939,53.7136],[-1.0206,53.6947]],[[-1.0739,53.6477],[-1.1097,53.6755],[-1.095,53.6935],[-1.0939,53.7136]]]}},{"type":"Feature","properties":{"name":"Halton - Cheshire West and Chester","adm0_name":"United Kingdom","adm0_a3":"GBR","min_zoom":10},"geometry":{"type":"MultiLineString","coordinates":[[[-3.0667,53.3055],[-3.0253,53.2935]],[[-3.0959,53.2871],[-3.0667,53.3055]],[[-2.945,53.2894],[-2.935,53.293],[-2.9283,53.3021],[-2.9264,53.3048],[-2.9264,53.3048]],[[-2.9745,53.2966],[-2.945,53.2894]],[[-3.0253,53.2935],[-2.9745,53.2966]]]}},{"type":"Feature","properties":{"name":"North Yorkshire - Lancashire","adm0_name":"United Kingdom","adm0_a3":"GBR","min_zoom":10},"geometry":{"type":"MultiLineString","coordinates":[[[-2.4475,54.2302],[-2.4534,54.2172],[-2.5117,54.1716],[-2.5189,54.1602],[-2.5476,54.1511],[-2.5514,54.1283],[-2.545,54.1135],[-2.5192,54.0972],[-2.4678,54.0797],[-2.4595,54.0716],[-2.4583,54.0472],[-2.4486,54.0399],[-2.427,54.038]],[[-2.3806,54.0455],[-2.3547,54.0424],[-2.3489,54.0369],[-2.3458,54.0219],[-2.337,54.018],[-2.3475,54.0022],[-2.3351,53.991],[-2.3,53.9891],[-2.2872,53.9711],[-2.2742,53.9699]],[[-2.427,54.038],[-2.3806,54.0455]],[[-2.2275,53.9827],[-2.2284,53.9727],[-2.2222,53.968],[-2.1906,53.9658],[-2.1786,53.9546],[-2.1742,53.936],[-2.105,53.9146],[-2.0975,53.8885],[-2.0661,53.8627],[-2.0326,53.8476]],[[-2.2742,53.9699],[-2.2275,53.9827]]]}},{"type":"Feature","properties":{"name":"Lancashire - Cumbria","adm0_name":"United Kingdom","adm0_a3":"GBR","min_zoom":10},"geometry":{"type":"MultiLineString","coordinates":[[[-2.4475,54.2302],[-2.4578,54.2383]],[[-2.4578,54.2383],[-2.5317,54.2086],[-2.5767,54.1961]],[[-2.5767,54.1961],[-2.6281,54.1991]],[[-2.6281,54.1991],[-2.657,54.1741],[-2.6623,54.1624],[-2.6711,54.1586]],[[-2.6711,54.1586],[-2.7092,54.1644],[-2.7331,54.183],[-2.7923,54.1908]],[[-2.7923,54.1908],[-2.8114,54.1735],[-2.8348,54.1681],[-2.8364,54.1676]]]}},{"type":"Feature","properties":{"name":"Hertfordshire - Enfield","adm0_name":"United Kingdom","adm0_a3":"GBR","min_zoom":10},"geometry":{"type":"MultiLineString","coordinates":[[[-0.1481,51.6891],[-0.0113,51.6772]],[[-0.1654,51.6713],[-0.1584,51.6758],[-0.1481,51.6891]]]}},{"type":"Feature","properties":{"name":"Hertfordshire - Barnet","adm0_name":"United Kingdom","adm0_a3":"GBR","min_zoom":10},"geometry":{"type":"MultiLineString","coordinates":[[[-0.2384,51.6722],[-0.2289,51.6686],[-0.2175,51.6541]],[[-0.2936,51.6383],[-0.2542,51.6441],[-0.2453,51.6674],[-0.2384,51.6722]],[[-0.2175,51.6541],[-0.2006,51.6622],[-0.1734,51.6663],[-0.1654,51.6713]]]}},{"type":"Feature","properties":{"name":"Enfield - Waltham Forest","adm0_name":"United Kingdom","adm0_a3":"GBR","min_zoom":10},"geometry":{"type":"LineString","coordinates":[[-0.03,51.6011],[-0.0299,51.602],[-0.0298,51.6027],[-0.0296,51.6034],[-0.0291,51.6044],[-0.029,51.605],[-0.029,51.6057],[-0.0291,51.6063],[-0.0298,51.6075],[-0.0301,51.6086],[-0.0303,51.6108],[-0.0302,51.6114],[-0.0298,51.6123],[-0.0296,51.6127],[-0.029,51.6132],[-0.0283,51.6137],[-0.0275,51.6141],[-0.0256,51.6149],[-0.0248,51.6155],[-0.0211,51.6175],[-0.0196,51.6185],[-0.019,51.619],[-0.0174,51.621],[-0.0172,51.6216],[-0.017,51.6222],[-0.0167,51.6241],[-0.0165,51.6247],[-0.0152,51.6284],[-0.0151,51.6296],[-0.0149,51.6316],[-0.0147,51.6329],[-0.0145,51.6336],[-0.0138,51.6348],[-0.0134,51.6352],[-0.0124,51.6363],[-0.0026,51.6466]]}},{"type":"Feature","properties":{"name":"Havering - Redbridge","adm0_name":"United Kingdom","adm0_a3":"GBR","min_zoom":10},"geometry":{"type":"LineString","coordinates":[[0.1485,51.6174],[0.1507,51.613],[0.1524,51.5989]]}},{"type":"Feature","properties":{"name":"Redbridge - Waltham Forest","adm0_name":"United Kingdom","adm0_a3":"GBR","min_zoom":10},"geometry":{"type":"LineString","coordinates":[[0.0276,51.6265],[0.0198,51.6228],[0.0193,51.6223],[0.0182,51.6199],[0.0181,51.6187],[0.0182,51.6181],[0.0189,51.6171],[0.0228,51.6135],[0.0243,51.6115],[0.0252,51.6084],[0.0249,51.6064],[0.021,51.5982],[0.0203,51.5852],[0.0254,51.5707],[0.0239,51.5543]]}},{"type":"Feature","properties":{"name":"East Riding of Yorkshire - Kingston upon Hull","adm0_name":"United Kingdom","adm0_a3":"GBR","min_zoom":10},"geometry":{"type":"MultiLineString","coordinates":[[[-0.3603,53.7898],[-0.341,53.7876],[-0.3229,53.7774],[-0.3093,53.7649],[-0.2991,53.7513],[-0.2964,53.7423],[-0.2956,53.7388]],[[-0.4497,53.7143],[-0.4477,53.7263],[-0.4442,53.749],[-0.4261,53.774],[-0.408,53.7819],[-0.3864,53.7887],[-0.3603,53.7898]]]}},{"type":"Feature","properties":{"name":"North Lincolnshire - East Riding of Yorkshire","adm0_name":"United Kingdom","adm0_a3":"GBR","min_zoom":10},"geometry":{"type":"MultiLineString","coordinates":[[[-0.6992,53.6912],[-0.6992,53.6912],[-0.7003,53.6881]],[[-0.7003,53.6881],[-0.703,53.6889]],[[-0.703,53.6889],[-0.7242,53.6766],[-0.767,53.6581],[-0.8084,53.6353],[-0.8441,53.6138],[-0.8607,53.6124]]]}},{"type":"Feature","properties":{"name":"North Lincolnshire - North East Lincolnshire","adm0_name":"United Kingdom","adm0_a3":"GBR","min_zoom":10},"geometry":{"type":"LineString","coordinates":[[-0.2821,53.6063],[-0.2748,53.6167],[-0.2463,53.621],[-0.203,53.6286],[-0.1985,53.6295],[-0.1981,53.6297]]}},{"type":"Feature","properties":{"name":"Cambridgeshire - Hertfordshire","adm0_name":"United Kingdom","adm0_a3":"GBR","min_zoom":10},"geometry":{"type":"MultiLineString","coordinates":[[[-0.1461,52.0697],[-0.1337,52.0658],[-0.1309,52.0585],[-0.1356,52.0435],[-0.1187,52.035],[-0.1173,52.0239],[-0.1092,52.0194]],[[-0.0114,52.0516],[0,52.0493],[0.0514,52.0433],[0.0805,52.0024]],[[-0.1092,52.0194],[-0.0672,52.0338],[-0.0295,52.0399],[-0.0114,52.0516]]]}},{"type":"Feature","properties":{"name":"North East Lincolnshire - Lincolnshire","adm0_name":"United Kingdom","adm0_a3":"GBR","min_zoom":10},"geometry":{"type":"MultiLineString","coordinates":[[[-0.2821,53.6063],[-0.2375,53.5896],[-0.2086,53.5661],[-0.1708,53.5647],[-0.1703,53.5575],[-0.1978,53.5355],[-0.1842,53.5013],[-0.1906,53.4774],[-0.165,53.4644],[-0.1586,53.4561],[-0.1423,53.4508],[-0.137,53.441],[-0.1136,53.4269]],[[-0.0239,53.513],[0,53.5166],[0.0149,53.5217],[0.0169,53.5225],[0.0217,53.5247],[0.0218,53.5247]],[[-0.0442,53.5158],[-0.0239,53.513]],[[-0.1136,53.4269],[-0.1017,53.4274],[-0.0728,53.4424],[-0.0906,53.4547],[-0.0925,53.4619],[-0.0581,53.5102],[-0.0442,53.5158]]]}},{"type":"Feature","properties":{"name":"North Lincolnshire - Lincolnshire","adm0_name":"United Kingdom","adm0_a3":"GBR","min_zoom":10},"geometry":{"type":"MultiLineString","coordinates":[[[-0.2867,53.608],[-0.2821,53.6063]],[[-0.3525,53.5558],[-0.3275,53.558],[-0.2909,53.583],[-0.2923,53.6016],[-0.2867,53.608]],[[-0.4167,53.5661],[-0.3525,53.5558]],[[-0.5689,53.4511],[-0.5078,53.4619],[-0.467,53.4724],[-0.465,53.4769],[-0.4714,53.4863],[-0.4589,53.5038],[-0.3992,53.5099],[-0.3873,53.5166],[-0.3883,53.5246],[-0.4006,53.5314],[-0.4764,53.5344],[-0.477,53.5383],[-0.4167,53.5661]],[[-0.7397,53.5138],[-0.6159,53.5052],[-0.6095,53.4999],[-0.6095,53.488],[-0.6214,53.465],[-0.6137,53.4561],[-0.6034,53.4527],[-0.5689,53.4511]],[[-0.7972,53.4523],[-0.7658,53.4741],[-0.7472,53.4866],[-0.7397,53.5138]]]}},{"type":"Feature","properties":{"name":"Lincolnshire - Cambridgeshire","adm0_name":"United Kingdom","adm0_a3":"GBR","min_zoom":10},"geometry":{"type":"MultiLineString","coordinates":[[[0.1494,52.7252],[0.1724,52.7243]],[[0,52.6475],[0.0322,52.648],[0.048,52.6566],[0.0572,52.6705],[0.0528,52.7005],[0.0603,52.7055],[0.0974,52.708],[0.1494,52.7252]],[[-0.0495,52.6579],[0,52.6475]]]}},{"type":"Feature","properties":{"name":"Norfolk - Cambridgeshire","adm0_name":"United Kingdom","adm0_a3":"GBR","min_zoom":10},"geometry":{"type":"MultiLineString","coordinates":[[[0.1724,52.7243],[0.1571,52.6702],[0.1974,52.6611],[0.2016,52.6505],[0.1842,52.6369],[0.1847,52.63],[0.2459,52.6013],[0.2447,52.5969],[0.2199,52.5844],[0.2175,52.5725],[0.2283,52.5608],[0.2183,52.5433],[0.223,52.5216],[0.2358,52.5152],[0.2339,52.5069],[0.253,52.4874],[0.2619,52.4872]],[[0.3285,52.5033],[0.3625,52.4905],[0.3644,52.4836],[0.398,52.4552],[0.4472,52.4322]],[[0.2619,52.4872],[0.2858,52.4999],[0.3285,52.5033]]]}},{"type":"Feature","properties":{"name":"Lincolnshire - Norfolk","adm0_name":"United Kingdom","adm0_a3":"GBR","min_zoom":10},"geometry":{"type":"MultiLineString","coordinates":[[[0.1997,52.7216],[0.2763,52.7563],[0.2789,52.7625],[0.2625,52.7758],[0.2763,52.8005],[0.2787,52.8049],[0.2788,52.805]],[[0.1724,52.7243],[0.1997,52.7216]]]}},{"type":"Feature","properties":{"name":"Essex - Havering","adm0_name":"United Kingdom","adm0_a3":"GBR","min_zoom":10},"geometry":{"type":"MultiLineString","coordinates":[[[0.2314,51.6291],[0.2481,51.6274],[0.2511,51.6169],[0.2705,51.5935],[0.2844,51.5838],[0.3083,51.5788],[0.316,51.5622],[0.3199,51.5579]],[[0.1485,51.6174],[0.1847,51.6194],[0.2314,51.6291]]]}},{"type":"Feature","properties":{"name":"Essex - Enfield","adm0_name":"United Kingdom","adm0_a3":"GBR","min_zoom":10},"geometry":{"type":"LineString","coordinates":[[-0.0113,51.6772],[-0.007,51.666],[-0.0128,51.6499],[-0.0026,51.6466]]}},{"type":"Feature","properties":{"name":"Hertfordshire - Essex","adm0_name":"United Kingdom","adm0_a3":"GBR","min_zoom":10},"geometry":{"type":"MultiLineString","coordinates":[[[0.1417,51.8839],[0.1302,51.9066],[0.1258,51.9327],[0.1142,51.9514],[0.1108,51.9736],[0.0825,51.9833],[0.0805,52.0024]],[[-0.0113,51.6772],[0,51.7331],[0.0356,51.7683],[0.1083,51.7775],[0.158,51.7905],[0.1633,51.8058],[0.1903,51.8166],[0.173,51.8252],[0.1736,51.8483],[0.1992,51.8658],[0.1972,51.8724],[0.1855,51.8794],[0.1899,51.8902]],[[0.1899,51.8902],[0.1417,51.8839]]]}},{"type":"Feature","properties":{"name":"Waltham Forest - Essex","adm0_name":"United Kingdom","adm0_a3":"GBR","min_zoom":10},"geometry":{"type":"LineString","coordinates":[[0.0276,51.6265],[0.0213,51.6369],[0,51.6457],[-0.0026,51.6466]]}},{"type":"Feature","properties":{"name":"Essex - Redbridge","adm0_name":"United Kingdom","adm0_a3":"GBR","min_zoom":10},"geometry":{"type":"MultiLineString","coordinates":[[[0.0276,51.6265],[0.0308,51.621],[0.0839,51.601]],[[0.0839,51.601],[0.0955,51.6027],[0.1122,51.6155],[0.1485,51.6174]]]}},{"type":"Feature","properties":{"name":"Cambridgeshire - Essex","adm0_name":"United Kingdom","adm0_a3":"GBR","min_zoom":10},"geometry":{"type":"MultiLineString","coordinates":[[[0.2866,52.0849],[0.3069,52.0819],[0.3253,52.0741],[0.3655,52.0441],[0.3911,52.0355]],[[0.2558,52.0769],[0.2866,52.0849]],[[0.2067,52.0816],[0.2558,52.0769]],[[0.1391,52.0419],[0.1769,52.048],[0.1936,52.0569],[0.1938,52.0764],[0.2067,52.0816]],[[0.3911,52.0355],[0.4014,52.0427],[0.3931,52.0516],[0.4089,52.0593]],[[0.1156,52.0558],[0.1391,52.0419]],[[0.0805,52.0024],[0.1083,52.0274],[0.1064,52.0549],[0.1156,52.0558]]]}},{"type":"Feature","properties":{"name":"East Sussex - Brighton and Hove","adm0_name":"United Kingdom","adm0_a3":"GBR","min_zoom":10},"geometry":{"type":"LineString","coordinates":[[-0.1286,50.8826],[-0.0967,50.8654],[-0.0539,50.848],[-0.0112,50.8243],[0.0141,50.7958],[0.0176,50.7849]]}},{"type":"Feature","properties":{"name":"West Sussex - East Sussex","adm0_name":"United Kingdom","adm0_a3":"GBR","min_zoom":10},"geometry":{"type":"MultiLineString","coordinates":[[[-0.0442,50.9808],[-0.0159,50.9819],[-0.0092,50.9935],[-0.0067,51.0224],[0,51.0324],[0.0191,51.0505],[0.0139,51.0557],[0,51.0565],[-0.0056,51.07],[-0.0289,51.0775],[-0.0212,51.0905],[0,51.0923],[0.0147,51.098],[0.0172,51.1102],[0.0366,51.1113],[0.0213,51.1358]],[[-0.0609,50.9933],[-0.0442,50.9808]],[[-0.1286,50.8826],[-0.1279,50.8903],[-0.127,50.9013],[-0.117,50.9269],[-0.0939,50.9494],[-0.1056,50.9702],[-0.0675,50.9933],[-0.0609,50.9933]]]}},{"type":"Feature","properties":{"name":"Brighton and Hove - West Sussex","adm0_name":"United Kingdom","adm0_a3":"GBR","min_zoom":10},"geometry":{"type":"MultiLineString","coordinates":[[[-0.1289,50.8791],[-0.1409,50.8805],[-0.1528,50.8913]],[[-0.1528,50.8913],[-0.1598,50.8911],[-0.172,50.8852],[-0.1817,50.8725]],[[-0.1286,50.8826],[-0.1289,50.8791]],[[-0.1817,50.8725],[-0.2134,50.8749]],[[-0.2134,50.8749],[-0.2306,50.8674],[-0.2303,50.8569],[-0.2089,50.8301]]]}},{"type":"Feature","properties":{"name":"West Sussex - Hampshire","adm0_name":"United Kingdom","adm0_a3":"GBR","min_zoom":10},"geometry":{"type":"MultiLineString","coordinates":[[[-0.7537,51.0887],[-0.7748,51.0811],[-0.7881,51.0605]],[[-0.7881,51.0605],[-0.8286,51.0636]],[[-0.8286,51.0636],[-0.8375,51.0605],[-0.8626,51.0436],[-0.8662,51.028],[-0.8909,51.0099],[-0.8931,50.9935],[-0.9308,50.9438],[-0.9306,50.9327],[-0.9217,50.9205],[-0.9525,50.8919],[-0.9506,50.8844],[-0.9233,50.8652],[-0.9225,50.8499],[-0.9298,50.84]]]}},{"type":"Feature","properties":{"name":"Portsmouth - Hampshire","adm0_name":"United Kingdom","adm0_a3":"GBR","min_zoom":10},"geometry":{"type":"MultiLineString","coordinates":[[[-0.9948,50.8471],[-0.9985,50.8508],[-1.0281,50.8564],[-1.0563,50.8578]],[[-1.0563,50.8578],[-1.0747,50.8578],[-1.0881,50.8498]]]}},{"type":"Feature","properties":{"name":"Kent - East Sussex","adm0_name":"United Kingdom","adm0_a3":"GBR","min_zoom":10},"geometry":{"type":"MultiLineString","coordinates":[[[0.1325,51.1441],[0.1543,51.1393],[0.1405,51.1116]],[[0.0627,51.1358],[0.0966,51.1366],[0.1325,51.1441]],[[0.2214,51.1219],[0.2669,51.1102]],[[0.1405,51.1116],[0.2214,51.1219]],[[0.3314,51.1199],[0.3353,51.1177],[0.3355,51.1069],[0.3592,51.1013],[0.3575,51.0863]],[[0.2669,51.1102],[0.3314,51.1199]],[[0.3816,51.0894],[0.4011,51.0819],[0.4166,51.0652],[0.4747,51.0477],[0.4797,51.0302],[0.5369,51.0183],[0.5697,50.9999]],[[0.3575,51.0863],[0.3816,51.0894]],[[0.6581,51.0138],[0.6752,51.0097],[0.6958,50.9955]],[[0.5697,50.9999],[0.6581,51.0138]],[[0.7633,50.9971],[0.7867,50.9883],[0.8211,50.9441],[0.8372,50.9432]],[[0.6958,50.9955],[0.7633,50.9971]],[[0.8492,50.9505],[0.8666,50.9438],[0.8727,50.9308],[0.8698,50.9251]],[[0.8372,50.9432],[0.8492,50.9505]]]}},{"type":"Feature","properties":{"name":"Medway - Kent","adm0_name":"United Kingdom","adm0_a3":"GBR","min_zoom":10},"geometry":{"type":"MultiLineString","coordinates":[[[0.5116,51.4877],[0.5116,51.4877],[0.5103,51.4854],[0.5071,51.485],[0.4981,51.4795],[0.4826,51.4625],[0.4795,51.4485],[0.4857,51.4377],[0.5058,51.4361],[0.512,51.4268],[0.5043,51.402],[0.4872,51.3912],[0.4562,51.3633],[0.4454,51.3447],[0.4469,51.3385],[0.4608,51.3369]],[[0.5927,51.3121],[0.6237,51.3245],[0.6485,51.3369],[0.6624,51.3741],[0.6672,51.3837],[0.669,51.391],[0.669,51.3911]],[[0.5058,51.3478],[0.5353,51.3431],[0.5648,51.3276],[0.5927,51.3121]],[[0.4608,51.3369],[0.4717,51.3385],[0.4888,51.3447],[0.5058,51.3478]]]}},{"type":"Feature","properties":{"name":"Havering - Bexley","adm0_name":"United Kingdom","adm0_a3":"GBR","min_zoom":10},"geometry":{"type":"MultiLineString","coordinates":[[[0.166,51.5001],[0.1685,51.4994],[0.1884,51.4838],[0.1907,51.4827]],[[0.1907,51.4827],[0.2081,51.4839],[0.2246,51.489]]]}},{"type":"Feature","properties":{"name":"Kent - Bexley","adm0_name":"United Kingdom","adm0_a3":"GBR","min_zoom":10},"geometry":{"type":"LineString","coordinates":[[0.2228,51.4719],[0.2114,51.4569],[0.1811,51.4377],[0.1608,51.4172],[0.1662,51.3985]]}},{"type":"Feature","properties":{"name":"Cambridgeshire - Suffolk","adm0_name":"United Kingdom","adm0_a3":"GBR","min_zoom":10},"geometry":{"type":"MultiLineString","coordinates":[[[0.4305,52.2538],[0.4955,52.2649],[0.5103,52.2746],[0.5105,52.2816],[0.4725,52.3083],[0.4341,52.3097],[0.4339,52.3172],[0.4477,52.3325],[0.4466,52.34],[0.4192,52.3558],[0.3897,52.3902],[0.3883,52.4019],[0.3927,52.408],[0.4472,52.4322]],[[0.3675,52.2899],[0.3819,52.2844],[0.3827,52.2769],[0.4305,52.2538]],[[0.4105,52.2244],[0.3925,52.225],[0.3497,52.2577],[0.3675,52.2899]],[[0.4811,52.228],[0.4622,52.2397]],[[0.4622,52.2397],[0.4486,52.2341]],[[0.4486,52.2341],[0.4269,52.238]],[[0.4269,52.238],[0.4105,52.2244]],[[0.4841,52.1577],[0.4986,52.1608],[0.4983,52.1772],[0.5172,52.2105],[0.5161,52.218],[0.5047,52.2283]],[[0.5047,52.2283],[0.4811,52.228]],[[0.4616,52.1638],[0.4841,52.1577]],[[0.4089,52.0593],[0.398,52.1044],[0.4275,52.1291],[0.4317,52.1449],[0.453,52.1599],[0.4616,52.1638]]]}},{"type":"Feature","properties":{"name":"Norfolk - Suffolk","adm0_name":"United Kingdom","adm0_a3":"GBR","min_zoom":10},"geometry":{"type":"MultiLineString","coordinates":[[[1.6908,52.5422],[1.7419,52.5306]],[[1.6927,52.4701],[1.7025,52.4772],[1.7003,52.4877],[1.6758,52.4927],[1.6531,52.5108],[1.6633,52.5319],[1.6747,52.5394],[1.6908,52.5422]],[[1.7419,52.5306],[1.7457,52.5309],[1.7476,52.5328]],[[1.687,52.4758],[1.6927,52.4701]],[[1.6406,52.4535],[1.6605,52.4591],[1.687,52.4758]],[[1.5844,52.4699],[1.5981,52.4694],[1.6406,52.4535]],[[1.5708,52.4497],[1.5736,52.4619],[1.5844,52.4699]],[[1.4422,52.4613],[1.4644,52.4513]],[[1.2024,52.3538],[1.2347,52.3605],[1.2744,52.3819],[1.3236,52.3836],[1.3356,52.3902],[1.363,52.4224],[1.4114,52.4369],[1.4406,52.4397],[1.4436,52.4424],[1.425,52.4544],[1.43,52.4613],[1.4422,52.4613]],[[1.49,52.458],[1.5194,52.4511]],[[1.4644,52.4513],[1.49,52.458]],[[1.5441,52.4577],[1.5708,52.4497]],[[1.5194,52.4511],[1.5441,52.4577]],[[0.6764,52.4469],[0.6884,52.4402],[0.7097,52.4374],[0.6711,52.4196],[0.6663,52.4127],[0.67,52.3988],[0.6933,52.3891],[0.7338,52.3877],[0.7514,52.3794]],[[0.6385,52.4397],[0.6764,52.4469]],[[0.5583,52.4463],[0.6385,52.4397]],[[0.4919,52.4313],[0.5583,52.4463]],[[0.4472,52.4322],[0.4919,52.4313]],[[0.8377,52.3952],[0.8813,52.3827],[0.9313,52.3822],[0.9733,52.3599]],[[0.7514,52.3794],[0.7878,52.3816],[0.8377,52.3952]],[[1.035,52.3741],[1.0772,52.3652],[1.1241,52.3647],[1.1614,52.3563],[1.2024,52.3538]],[[0.9733,52.3599],[1.035,52.3741]]]}},{"type":"Feature","properties":{"name":"Suffolk - Essex","adm0_name":"United Kingdom","adm0_a3":"GBR","min_zoom":10},"geometry":{"type":"MultiLineString","coordinates":[[[0.6783,52.0772],[0.7011,52.0674],[0.7152,52.0441],[0.7094,52.0341],[0.7186,52.0147],[0.7216,52.0119]],[[0.525,52.0483],[0.6361,52.075],[0.6783,52.0772]],[[0.4891,52.0691],[0.5014,52.0536],[0.525,52.0483]],[[0.4089,52.0593],[0.4891,52.0691]],[[0.7378,52.0163],[0.748,51.993],[0.7775,51.958],[0.7878,51.9547]],[[0.7216,52.0119],[0.7378,52.0163]],[[0.9144,51.9683],[0.968,51.9638],[1.0194,51.9505],[1.0581,51.949]],[[0.7878,51.9547],[0.8658,51.9594],[0.9144,51.9683]],[[1.0581,51.949],[1.0783,51.9507],[1.0785,51.9507]]]}},{"type":"Feature","properties":{"name":"Thurrock - Havering","adm0_name":"United Kingdom","adm0_a3":"GBR","min_zoom":10},"geometry":{"type":"MultiLineString","coordinates":[[[0.3199,51.5579],[0.3361,51.54],[0.28,51.5269],[0.2728,51.5166]],[[0.2728,51.5166],[0.2477,51.52]],[[0.2477,51.52],[0.2422,51.4988],[0.2246,51.489]]]}},{"type":"Feature","properties":{"name":"Essex - Thurrock","adm0_name":"United Kingdom","adm0_a3":"GBR","min_zoom":10},"geometry":{"type":"LineString","coordinates":[[0.3199,51.5579],[0.3556,51.5571],[0.4269,51.5478],[0.4811,51.5431],[0.5276,51.5338],[0.5447,51.5292],[0.5472,51.5177]]}},{"type":"Feature","properties":{"name":"Kent - Thurrock","adm0_name":"United Kingdom","adm0_a3":"GBR","min_zoom":10},"geometry":{"type":"MultiLineString","coordinates":[[[0.2747,51.4599],[0.2228,51.4719]],[[0.3564,51.4464],[0.3375,51.4487],[0.3293,51.4565],[0.3223,51.4669]],[[0.3223,51.4669],[0.3063,51.4669],[0.2747,51.4599]],[[0.3846,51.4531],[0.3845,51.4531],[0.3682,51.4487],[0.3564,51.4464]]]}},{"type":"Feature","properties":{"name":"Thurrock - Bexley","adm0_name":"United Kingdom","adm0_a3":"GBR","min_zoom":10},"geometry":{"type":"LineString","coordinates":[[0.2246,51.489],[0.2189,51.4857],[0.2166,51.4777],[0.2228,51.4719]]}},{"type":"Feature","properties":{"name":"Southend-on-Sea - Essex","adm0_name":"United Kingdom","adm0_a3":"GBR","min_zoom":10},"geometry":{"type":"MultiLineString","coordinates":[[[0.8283,51.5418],[0.828,51.5426],[0.8207,51.5478],[0.754,51.5633],[0.7199,51.5695],[0.6858,51.5772]],[[0.6858,51.5772],[0.6486,51.5695],[0.6346,51.5431],[0.645,51.5368],[0.6467,51.5353]]]}},{"type":"Feature","properties":{"name":"Cornwall - Devon","adm0_name":"United Kingdom","adm0_a3":"GBR","min_zoom":10},"geometry":{"type":"MultiLineString","coordinates":[[[-4.4064,50.7597],[-4.4128,50.7605],[-4.4406,50.7796],[-4.4731,50.7802],[-4.4853,50.786],[-4.4803,50.7922],[-4.45,50.7994],[-4.4417,50.8163],[-4.4394,50.841],[-4.4225,50.8483],[-4.4178,50.8549],[-4.4437,50.8919],[-4.4558,50.9016],[-4.4584,50.9211],[-4.5481,50.923],[-4.5481,50.923]],[[-4.1898,50.4944],[-4.1825,50.4988],[-4.1823,50.5066],[-4.2036,50.5122],[-4.2086,50.5261],[-4.217,50.5336],[-4.2706,50.5424],[-4.2731,50.5649],[-4.2853,50.5799],[-4.3014,50.5877],[-4.2961,50.6255],[-4.335,50.6427],[-4.347,50.6786],[-4.3609,50.6925],[-4.3625,50.7194],[-4.3781,50.7416],[-4.377,50.7644],[-4.3948,50.7705]],[[-4.3948,50.7705],[-4.4064,50.7597]],[[-4.2178,50.4947],[-4.1898,50.4944]],[[-4.2304,50.4568],[-4.2369,50.4626],[-4.231,50.4704],[-4.2203,50.4838],[-4.2178,50.4947]],[[-4.2037,50.4514],[-4.2138,50.465]],[[-4.2138,50.465],[-4.2245,50.4642],[-4.2304,50.4568]]]}},{"type":"Feature","properties":{"name":"Somerset - Devon","adm0_name":"United Kingdom","adm0_a3":"GBR","min_zoom":10},"geometry":{"type":"MultiLineString","coordinates":[[[-3.7122,51.2383],[-3.7122,51.2383],[-3.7142,51.232],[-3.7153,51.2303],[-3.7201,51.2211],[-3.7175,51.2052],[-3.7242,51.1785],[-3.7703,51.1733]],[[-3.7703,51.1733],[-3.8211,51.1772]],[[-3.8211,51.1772],[-3.8273,51.1713],[-3.8259,51.1419],[-3.8128,51.1288],[-3.7748,51.111],[-3.7506,51.1069],[-3.7156,51.083],[-3.6784,51.0825],[-3.6364,51.0622]],[[-3.5961,51.063],[-3.5881,51.0547],[-3.5945,51.0391],[-3.6078,51.0244],[-3.5997,51.0119],[-3.5289,51.0072]],[[-3.6364,51.0622],[-3.5961,51.063]],[[-3.475,51.0361],[-3.4445,51.0263]],[[-3.5289,51.0072],[-3.5178,51.013],[-3.5151,51.0255],[-3.5081,51.0305],[-3.475,51.0361]],[[-3.4223,51.0294],[-3.3997,51.0197],[-3.3803,51.0175],[-3.3739,51.0086],[-3.3706,50.9808],[-3.3214,50.9788],[-3.2684,50.9474],[-3.2217,50.9438]],[[-3.4445,51.0263],[-3.4223,51.0294]],[[-3.1572,50.9486],[-3.1781,50.9147],[-3.1475,50.8969]],[[-3.2217,50.9438],[-3.1572,50.9486]],[[-3.0901,50.908],[-3.0475,50.9058],[-3.0436,50.8991],[-3.0484,50.8777],[-3.0273,50.8686],[-3.0303,50.8516]],[[-3.1475,50.8969],[-3.0901,50.908]],[[-3.0031,50.8613],[-2.9936,50.8577]],[[-3.0303,50.8516],[-3.0031,50.8613]],[[-2.9772,50.8599],[-2.9628,50.8505],[-2.9485,50.8225]],[[-2.9936,50.8577],[-2.9772,50.8599]]]}},{"type":"Feature","properties":{"name":"Devon - Plymouth","adm0_name":"United Kingdom","adm0_a3":"GBR","min_zoom":10},"geometry":{"type":"MultiLineString","coordinates":[[[-4.1245,50.4355],[-4.1049,50.4282],[-4.0811,50.4189],[-4.0604,50.4096],[-4.0418,50.3993],[-4.0366,50.39],[-4.0366,50.3848],[-4.0387,50.3786],[-4.0542,50.3745],[-4.077,50.3662],[-4.1008,50.36],[-4.116,50.3479],[-4.116,50.3479]],[[-4.1849,50.4259],[-4.1846,50.4266],[-4.169,50.4272],[-4.1545,50.4355],[-4.1401,50.4355],[-4.1245,50.4355]],[[-4.187,50.426],[-4.1869,50.426],[-4.1849,50.4259]]]}},{"type":"Feature","properties":{"name":"North Somerset - Somerset","adm0_name":"United Kingdom","adm0_a3":"GBR","min_zoom":10},"geometry":{"type":"MultiLineString","coordinates":[[[-2.812,51.3275],[-2.7303,51.323],[-2.7127,51.3198]],[[-2.8372,51.2944],[-2.7889,51.2972],[-2.7859,51.3008],[-2.7892,51.3038],[-2.8156,51.3191],[-2.8181,51.3224],[-2.812,51.3275]],[[-2.9922,51.3219],[-2.9913,51.3212],[-2.9889,51.3176],[-2.9884,51.3172],[-2.9781,51.3124],[-2.9759,51.2933],[-2.9572,51.2902]],[[-2.8795,51.3016],[-2.8372,51.2944]],[[-2.8895,51.2863],[-2.8842,51.2872],[-2.8795,51.3016]],[[-2.9297,51.2991],[-2.8895,51.2863]],[[-2.9572,51.2902],[-2.9297,51.2991]]]}},{"type":"Feature","properties":{"name":"North Somerset - Bristol","adm0_name":"United Kingdom","adm0_a3":"GBR","min_zoom":10},"geometry":{"type":"LineString","coordinates":[[-2.6335,51.3821],[-2.6319,51.3881],[-2.6306,51.4002],[-2.6306,51.4176],[-2.6306,51.4296],[-2.6306,51.443],[-2.6439,51.4551],[-2.668,51.4671],[-2.6854,51.4724],[-2.7055,51.4805],[-2.7225,51.4916],[-2.7293,51.4962],[-2.7294,51.4962]]}},{"type":"Feature","properties":{"name":"Southampton - Hampshire","adm0_name":"United Kingdom","adm0_a3":"GBR","min_zoom":10},"geometry":{"type":"MultiLineString","coordinates":[[[-1.3186,50.8569],[-1.3143,50.8705],[-1.3073,50.8917],[-1.3059,50.9086],[-1.3087,50.9213],[-1.3383,50.9368],[-1.3693,50.9452]],[[-1.3693,50.9452],[-1.3989,50.9452],[-1.4257,50.941],[-1.4412,50.9339],[-1.4469,50.9255],[-1.4493,50.9121]]]}},{"type":"Feature","properties":{"name":"Hampshire - Dorset","adm0_name":"United Kingdom","adm0_a3":"GBR","min_zoom":10},"geometry":{"type":"MultiLineString","coordinates":[[[-1.9501,50.9883],[-1.9072,50.9438],[-1.8798,50.9247],[-1.8625,50.9227]],[[-1.837,50.9335],[-1.805,50.9294],[-1.8114,50.9055],[-1.8392,50.8913],[-1.8328,50.8658]],[[-1.8625,50.9227],[-1.837,50.9335]],[[-1.8057,50.8677],[-1.7961,50.8316],[-1.8067,50.8191],[-1.8095,50.8022],[-1.7997,50.7824],[-1.7865,50.7687]],[[-1.8328,50.8658],[-1.8057,50.8677]],[[-1.735,50.778],[-1.7312,50.7755],[-1.7342,50.7544]],[[-1.7865,50.7687],[-1.735,50.778]],[[-1.6767,50.7544],[-1.6729,50.7401]],[[-1.7342,50.7544],[-1.6767,50.7544]]]}},{"type":"Feature","properties":{"name":"Dorset - Devon","adm0_name":"United Kingdom","adm0_a3":"GBR","min_zoom":10},"geometry":{"type":"LineString","coordinates":[[-2.9485,50.8225],[-2.9217,50.8094],[-2.8895,50.806],[-2.8823,50.7972],[-2.9467,50.7708],[-2.9325,50.7619],[-2.9492,50.7341],[-2.9456,50.7258]]}},{"type":"Feature","properties":{"name":"Dorset - Somerset","adm0_name":"United Kingdom","adm0_a3":"GBR","min_zoom":10},"geometry":{"type":"MultiLineString","coordinates":[[[-2.3217,51.0833],[-2.3353,51.0647],[-2.3242,51.0422],[-2.3642,51.0163],[-2.3714,51.0066],[-2.3706,50.9989],[-2.3389,50.9894],[-2.3378,50.983],[-2.4006,50.9652]],[[-2.4517,50.9513],[-2.4706,50.9627],[-2.4959,50.9952],[-2.542,51.0019]],[[-2.542,51.0019],[-2.5453,50.9994],[-2.5422,50.9886],[-2.55,50.9785],[-2.5609,50.9766]],[[-2.5609,50.9766],[-2.5737,50.9827]],[[-2.5737,50.9827],[-2.5989,50.9763],[-2.595,50.9575],[-2.6047,50.9444],[-2.6059,50.9244],[-2.6161,50.9113],[-2.6078,50.8905],[-2.6145,50.8855]],[[-2.4006,50.9652],[-2.4325,50.9705]],[[-2.4325,50.9705],[-2.4373,50.9686],[-2.4411,50.9527],[-2.4517,50.9513]],[[-2.6145,50.8855],[-2.6531,50.8866]],[[-2.6531,50.8866],[-2.7148,50.868],[-2.7589,50.8672],[-2.7889,50.8547]],[[-2.7889,50.8547],[-2.8078,50.8613]],[[-2.8078,50.8613],[-2.8233,50.8527],[-2.9203,50.841],[-2.9485,50.8225]]]}},{"type":"Feature","properties":{"name":"Dorset - Bournemouth","adm0_name":"United Kingdom","adm0_a3":"GBR","min_zoom":10},"geometry":{"type":"MultiLineString","coordinates":[[[-1.8897,50.7532],[-1.8703,50.7514],[-1.8482,50.747],[-1.8165,50.7382],[-1.7975,50.7232]],[[-1.9204,50.75],[-1.9153,50.7532],[-1.9056,50.7532],[-1.8897,50.7532]]]}},{"type":"Feature","properties":{"name":"Gloucestershire - South Gloucestershire","adm0_name":"United Kingdom","adm0_a3":"GBR","min_zoom":10},"geometry":{"type":"MultiLineString","coordinates":[[[-2.5355,51.673],[-2.5354,51.6729],[-2.5321,51.6718],[-2.4872,51.6597],[-2.4789,51.6391]],[[-2.445,51.6483],[-2.3792,51.6358],[-2.3753,51.6335],[-2.3775,51.6186],[-2.3842,51.603],[-2.3773,51.5939]],[[-2.4789,51.6391],[-2.445,51.6483]],[[-2.3081,51.6236],[-2.2862,51.6227],[-2.2731,51.6125],[-2.2862,51.5963],[-2.2872,51.5883],[-2.2716,51.5772]],[[-2.3003,51.6066],[-2.3081,51.6236]],[[-2.3439,51.6086],[-2.3003,51.6066]],[[-2.3773,51.5939],[-2.365,51.5947],[-2.3439,51.6086]]]}},{"type":"Feature","properties":{"name":"Bristol - South Gloucestershire","adm0_name":"United Kingdom","adm0_a3":"GBR","min_zoom":10},"geometry":{"type":"LineString","coordinates":[[-2.5227,51.4188],[-2.5208,51.4229],[-2.5181,51.443],[-2.5181,51.4617],[-2.5181,51.4724],[-2.5288,51.4805],[-2.5463,51.4818],[-2.5717,51.4872],[-2.5984,51.4979],[-2.6359,51.5086],[-2.6667,51.5206],[-2.6759,51.5285],[-2.6787,51.5313],[-2.6788,51.5313]]}},{"type":"Feature","properties":{"name":"Poole - Dorset","adm0_name":"United Kingdom","adm0_a3":"GBR","min_zoom":10},"geometry":{"type":"MultiLineString","coordinates":[[[-1.9204,50.75],[-1.9285,50.7576],[-1.9418,50.7655],[-1.9603,50.7699]],[[-1.9603,50.7699],[-1.9815,50.7699],[-1.9947,50.7699],[-2.0062,50.7629],[-2.0097,50.7541],[-2.0168,50.7408],[-2.0203,50.7285],[-2.0262,50.7251]]]}},{"type":"Feature","properties":{"name":"Bournemouth - Poole","adm0_name":"United Kingdom","adm0_a3":"GBR","min_zoom":10},"geometry":{"type":"LineString","coordinates":[[-1.9204,50.75],[-1.9224,50.7488],[-1.9285,50.74],[-1.9277,50.7267],[-1.9215,50.7196],[-1.9047,50.7179],[-1.8969,50.716]]}},{"type":"Feature","properties":{"name":"Torbay - Devon","adm0_name":"United Kingdom","adm0_a3":"GBR","min_zoom":10},"geometry":{"type":"MultiLineString","coordinates":[[[-3.5103,50.508],[-3.5298,50.509]],[[-3.5298,50.509],[-3.5585,50.509],[-3.5872,50.509],[-3.6097,50.4988],[-3.6281,50.4824],[-3.6425,50.4639],[-3.6466,50.4475],[-3.6487,50.4332],[-3.6364,50.4209],[-3.62,50.4065],[-3.5933,50.4004],[-3.5626,50.3881],[-3.5257,50.3779],[-3.5187,50.3762],[-3.5187,50.3762]],[[-3.5054,50.5082],[-3.5054,50.5082],[-3.5103,50.508]]]}},{"type":"Feature","properties":{"name":"Merton - Sutton","adm0_name":"United Kingdom","adm0_a3":"GBR","min_zoom":10},"geometry":{"type":"MultiLineString","coordinates":[[[-0.1531,51.3885],[-0.1473,51.3873],[-0.1416,51.3847],[-0.1366,51.3845]],[[-0.1955,51.3823],[-0.1723,51.3849],[-0.1664,51.3874],[-0.1531,51.3885]],[[-0.1366,51.3845],[-0.1348,51.3849],[-0.1313,51.3872]],[[-0.2248,51.3853],[-0.2196,51.3813],[-0.217,51.3799],[-0.2123,51.3791]],[[-0.2005,51.3839],[-0.1955,51.3823]],[[-0.2123,51.3791],[-0.21,51.3794],[-0.2086,51.3799],[-0.2075,51.3805],[-0.206,51.3821],[-0.2039,51.3835],[-0.2026,51.3839],[-0.2005,51.3839]]]}},{"type":"Feature","properties":{"name":"Buckinghamshire - Milton Keynes","adm0_name":"United Kingdom","adm0_a3":"GBR","min_zoom":10},"geometry":{"type":"MultiLineString","coordinates":[[[-0.6864,51.9479],[-0.7225,51.9497],[-0.7784,51.9768],[-0.838,52.011],[-0.8674,52.0338]],[[-0.6572,51.9479],[-0.6864,51.9479]]]}},{"type":"Feature","properties":{"name":"Hertfordshire - Buckinghamshire","adm0_name":"United Kingdom","adm0_a3":"GBR","min_zoom":10},"geometry":{"type":"MultiLineString","coordinates":[[[-0.5795,51.8013],[-0.6139,51.8097],[-0.6539,51.8113],[-0.6764,51.8291],[-0.6717,51.8366],[-0.6745,51.843],[-0.7014,51.8497]],[[-0.7014,51.8497],[-0.7131,51.8483],[-0.73,51.8277],[-0.7097,51.8091],[-0.6967,51.808],[-0.6784,51.7958],[-0.6734,51.786],[-0.6736,51.7694],[-0.662,51.7585],[-0.6315,51.7488]],[[-0.5336,51.8194],[-0.552,51.8216]],[[-0.552,51.8216],[-0.5795,51.8013]],[[-0.5889,51.7491],[-0.5648,51.7321]],[[-0.6315,51.7488],[-0.5889,51.7491]],[[-0.5414,51.7391],[-0.5267,51.7349],[-0.5236,51.7283],[-0.5484,51.7163],[-0.5509,51.7086],[-0.5395,51.6935],[-0.5372,51.6749]],[[-0.5648,51.7321],[-0.5414,51.7391]],[[-0.5067,51.6791],[-0.497,51.6755],[-0.4981,51.6677],[-0.5239,51.6411],[-0.5256,51.6249],[-0.5186,51.6077],[-0.4935,51.5909]],[[-0.5372,51.6749],[-0.5067,51.6791]]]}},{"type":"Feature","properties":{"name":"Ealing - Hillingdon","adm0_name":"United Kingdom","adm0_a3":"GBR","min_zoom":10},"geometry":{"type":"LineString","coordinates":[[-0.3678,51.5484],[-0.3936,51.5346],[-0.4052,51.5329],[-0.4059,51.5325],[-0.4065,51.5319],[-0.4068,51.5314],[-0.407,51.5301],[-0.4069,51.5294],[-0.4067,51.5288],[-0.4063,51.5282],[-0.4047,51.5267],[-0.4031,51.5258],[-0.3991,51.5248],[-0.3779,51.5234],[-0.3738,51.5222],[-0.3723,51.5214],[-0.3717,51.5209],[-0.3703,51.5189],[-0.3702,51.5183],[-0.3703,51.5171],[-0.3722,51.5138],[-0.3927,51.4936]]}},{"type":"Feature","properties":{"name":"Hounslow - Hillingdon","adm0_name":"United Kingdom","adm0_a3":"GBR","min_zoom":10},"geometry":{"type":"MultiLineString","coordinates":[[[-0.3927,51.4936],[-0.4051,51.4767],[-0.415,51.4693],[-0.4175,51.466],[-0.4178,51.4653],[-0.4184,51.457],[-0.4187,51.4564],[-0.4227,51.4537],[-0.4265,51.4522]],[[-0.4265,51.4522],[-0.4373,51.4525],[-0.4414,51.4539]]]}},{"type":"Feature","properties":{"name":"Hertfordshire - Hillingdon","adm0_name":"United Kingdom","adm0_a3":"GBR","min_zoom":10},"geometry":{"type":"MultiLineString","coordinates":[[[-0.47,51.6174],[-0.4589,51.6108]],[[-0.4935,51.5909],[-0.4861,51.5977],[-0.4814,51.616],[-0.47,51.6174]],[[-0.432,51.6152],[-0.3998,51.6148]],[[-0.4589,51.6108],[-0.432,51.6152]]]}},{"type":"Feature","properties":{"name":"Hillingdon - Buckinghamshire","adm0_name":"United Kingdom","adm0_a3":"GBR","min_zoom":10},"geometry":{"type":"LineString","coordinates":[[-0.4935,51.5909],[-0.4714,51.55],[-0.4845,51.4944],[-0.4972,51.4778]]}},{"type":"Feature","properties":{"name":"Westminster - Brent","adm0_name":"United Kingdom","adm0_a3":"GBR","min_zoom":10},"geometry":{"type":"MultiLineString","coordinates":[[[-0.179,51.5283],[-0.1833,51.5246],[-0.185,51.5237],[-0.1865,51.5233],[-0.1884,51.5233]],[[-0.1884,51.5233],[-0.196,51.5254],[-0.1985,51.527],[-0.202,51.528],[-0.2037,51.5281]],[[-0.2037,51.5281],[-0.2043,51.5279],[-0.2048,51.5274],[-0.2066,51.5245],[-0.2111,51.522]]]}},{"type":"Feature","properties":{"name":"Ealing - Brent","adm0_name":"United Kingdom","adm0_a3":"GBR","min_zoom":10},"geometry":{"type":"MultiLineString","coordinates":[[[-0.2947,51.5295],[-0.2962,51.5298],[-0.2982,51.5309],[-0.2986,51.5313],[-0.2989,51.5318],[-0.2998,51.54],[-0.3006,51.5415],[-0.3011,51.542],[-0.3063,51.5454],[-0.3255,51.5493]],[[-0.2744,51.5263],[-0.2749,51.5265],[-0.2755,51.5268],[-0.2758,51.5272],[-0.2774,51.531],[-0.2784,51.5317],[-0.2829,51.5321]],[[-0.2829,51.5321],[-0.2947,51.5295]],[[-0.2366,51.5265],[-0.2744,51.5263]]]}},{"type":"Feature","properties":{"name":"Hammersmith and Fulham - Brent","adm0_name":"United Kingdom","adm0_a3":"GBR","min_zoom":10},"geometry":{"type":"LineString","coordinates":[[-0.2111,51.522],[-0.2176,51.524],[-0.2207,51.5249],[-0.2239,51.5254],[-0.2288,51.526],[-0.2366,51.5265]]}},{"type":"Feature","properties":{"name":"Brent - Barnet","adm0_name":"United Kingdom","adm0_a3":"GBR","min_zoom":10},"geometry":{"type":"MultiLineString","coordinates":[[[-0.2343,51.5656],[-0.2361,51.5659],[-0.2413,51.5695],[-0.2437,51.573],[-0.2446,51.5771],[-0.2446,51.5815],[-0.2447,51.5821],[-0.2454,51.5836],[-0.2668,51.601]],[[-0.2047,51.5515],[-0.2257,51.5669],[-0.2272,51.5674],[-0.2279,51.5675]],[[-0.2279,51.5675],[-0.2299,51.5672],[-0.2325,51.5658],[-0.2343,51.5656]]]}},{"type":"Feature","properties":{"name":"Hertfordshire - Luton","adm0_name":"United Kingdom","adm0_a3":"GBR","min_zoom":10},"geometry":{"type":"MultiLineString","coordinates":[[[-0.3852,51.9211],[-0.3714,51.9074],[-0.3678,51.8922],[-0.3487,51.881],[-0.3475,51.8658],[-0.3353,51.851],[-0.3401,51.8438],[-0.3575,51.8366],[-0.3645,51.826],[-0.38,51.8244]],[[-0.38,51.8244],[-0.4186,51.8433],[-0.4522,51.8474]],[[-0.4522,51.8474],[-0.4527,51.8474]]]}},{"type":"Feature","properties":{"name":"Ealing - Harrow","adm0_name":"United Kingdom","adm0_a3":"GBR","min_zoom":10},"geometry":{"type":"LineString","coordinates":[[-0.3255,51.5493],[-0.3678,51.5484]]}},{"type":"Feature","properties":{"name":"Harrow - Barnet","adm0_name":"United Kingdom","adm0_a3":"GBR","min_zoom":10},"geometry":{"type":"LineString","coordinates":[[-0.2668,51.601],[-0.2924,51.6291],[-0.2936,51.6383]]}},{"type":"Feature","properties":{"name":"Harrow - Hertfordshire","adm0_name":"United Kingdom","adm0_a3":"GBR","min_zoom":10},"geometry":{"type":"MultiLineString","coordinates":[[[-0.2936,51.6383],[-0.3209,51.6344],[-0.3739,51.6144]],[[-0.3739,51.6144],[-0.3998,51.6148]]]}},{"type":"Feature","properties":{"name":"Hillingdon - Harrow","adm0_name":"United Kingdom","adm0_a3":"GBR","min_zoom":10},"geometry":{"type":"LineString","coordinates":[[-0.3678,51.5484],[-0.3684,51.5533],[-0.3855,51.5776],[-0.3861,51.5794],[-0.3869,51.5806],[-0.3875,51.5823],[-0.3883,51.5835],[-0.389,51.5853],[-0.3897,51.5865],[-0.3998,51.6148]]}},{"type":"Feature","properties":{"name":"Brent - Harrow","adm0_name":"United Kingdom","adm0_a3":"GBR","min_zoom":10},"geometry":{"type":"LineString","coordinates":[[-0.2668,51.601],[-0.2815,51.5895],[-0.2819,51.5889],[-0.2821,51.5883],[-0.2821,51.5877],[-0.2819,51.5871],[-0.2799,51.585],[-0.2798,51.5846],[-0.2799,51.5841],[-0.281,51.5831],[-0.2826,51.5822],[-0.3125,51.5756],[-0.3139,51.5742],[-0.3141,51.5736],[-0.3143,51.5712],[-0.314,51.5689],[-0.3141,51.5685],[-0.3147,51.5675],[-0.315,51.5672],[-0.3156,51.5668],[-0.3198,51.5653],[-0.3205,51.5649],[-0.3223,51.5621],[-0.3231,51.5571],[-0.3242,51.5553],[-0.3255,51.5493]]}},{"type":"Feature","properties":{"name":"Milton Keynes - Central Bedfordshire","adm0_name":"United Kingdom","adm0_a3":"GBR","min_zoom":10},"geometry":{"type":"LineString","coordinates":[[-0.6572,51.9479],[-0.6417,51.9619],[-0.6542,51.988],[-0.6345,52.0044],[-0.63,52.0283],[-0.6381,52.0369],[-0.6584,52.0388],[-0.64,52.0558],[-0.615,52.0627],[-0.622,52.0716],[-0.6184,52.0741],[-0.5737,52.0966]]}},{"type":"Feature","properties":{"name":"Milton Keynes - Bedford","adm0_name":"United Kingdom","adm0_a3":"GBR","min_zoom":10},"geometry":{"type":"LineString","coordinates":[[-0.5737,52.0966],[-0.5881,52.118],[-0.6316,52.1465],[-0.6212,52.1749],[-0.6545,52.1925]]}},{"type":"Feature","properties":{"name":"Hertfordshire - Central Bedfordshire","adm0_name":"United Kingdom","adm0_a3":"GBR","min_zoom":10},"geometry":{"type":"MultiLineString","coordinates":[[[-0.4527,51.8474],[-0.4645,51.8466],[-0.4822,51.8344],[-0.4914,51.8149],[-0.5081,51.8016]],[[-0.5081,51.8016],[-0.515,51.8019],[-0.5336,51.8194]]]}},{"type":"Feature","properties":{"name":"Central Bedfordshire - Hertfordshire","adm0_name":"United Kingdom","adm0_a3":"GBR","min_zoom":10},"geometry":{"type":"MultiLineString","coordinates":[[[-0.2548,51.9786],[-0.237,51.9963],[-0.2009,52.01],[-0.2047,52.0302],[-0.185,52.0466],[-0.1581,52.056],[-0.1461,52.0697]],[[-0.29,51.9936],[-0.2664,51.9802],[-0.2548,51.9786]],[[-0.3681,51.9491],[-0.3612,51.9494],[-0.3442,51.963],[-0.3525,51.9749],[-0.3478,51.9813],[-0.3114,51.9839],[-0.29,51.9936]],[[-0.375,51.978],[-0.3717,51.9555],[-0.3681,51.9491]],[[-0.3852,51.9211],[-0.3992,51.9349],[-0.3986,51.9547],[-0.3864,51.9711],[-0.375,51.978]]]}},{"type":"Feature","properties":{"name":"Cambridgeshire - Central Bedfordshire","adm0_name":"United Kingdom","adm0_a3":"GBR","min_zoom":10},"geometry":{"type":"MultiLineString","coordinates":[[[-0.2531,52.1919],[-0.2358,52.1794],[-0.2339,52.1727],[-0.2489,52.1635],[-0.247,52.1605],[-0.207,52.1505],[-0.2209,52.1355],[-0.2167,52.1327],[-0.17,52.1297]],[[-0.132,52.1336],[-0.1306,52.1213],[-0.1461,52.0697]],[[-0.17,52.1297],[-0.132,52.1336]]]}},{"type":"Feature","properties":{"name":"Cambridgeshire - Bedford","adm0_name":"United Kingdom","adm0_a3":"GBR","min_zoom":10},"geometry":{"type":"LineString","coordinates":[[-0.3459,52.2241],[-0.3317,52.2291]]}},{"type":"Feature","properties":{"name":"Central Bedfordshire - Buckinghamshire","adm0_name":"United Kingdom","adm0_a3":"GBR","min_zoom":10},"geometry":{"type":"MultiLineString","coordinates":[[[-0.6572,51.9479],[-0.6703,51.9361],[-0.6881,51.9027],[-0.6612,51.8963],[-0.6256,51.8763]],[[-0.603,51.8799],[-0.5611,51.8547],[-0.5509,51.8388],[-0.5342,51.8269],[-0.5336,51.8194]],[[-0.6256,51.8763],[-0.603,51.8799]]]}},{"type":"Feature","properties":{"name":"Luton - Central Bedfordshire","adm0_name":"United Kingdom","adm0_a3":"GBR","min_zoom":10},"geometry":{"type":"LineString","coordinates":[[-0.3852,51.9211],[-0.4032,51.9154],[-0.4447,51.9136],[-0.4645,51.9136],[-0.4717,51.9046],[-0.4772,51.8902],[-0.4772,51.8776],[-0.4717,51.8667],[-0.4555,51.8505],[-0.4527,51.8474]]}},{"type":"Feature","properties":{"name":"Lincolnshire - Rutland","adm0_name":"United Kingdom","adm0_a3":"GBR","min_zoom":10},"geometry":{"type":"MultiLineString","coordinates":[[[-0.6511,52.7475],[-0.6503,52.7463],[-0.6084,52.7455],[-0.5878,52.7391]],[[-0.5637,52.7405],[-0.5264,52.7249],[-0.5156,52.7097],[-0.4153,52.6866],[-0.4203,52.6755],[-0.4497,52.6616],[-0.4953,52.6505]],[[-0.5878,52.7391],[-0.5637,52.7405]],[[-0.4953,52.6505],[-0.5131,52.6527]],[[-0.5131,52.6527],[-0.5089,52.6424],[-0.4907,52.6365]]]}},{"type":"Feature","properties":{"name":"North Lincolnshire - Nottinghamshire","adm0_name":"United Kingdom","adm0_a3":"GBR","min_zoom":10},"geometry":{"type":"LineString","coordinates":[[-0.9194,53.4874],[-0.8909,53.4713],[-0.8912,53.4669],[-0.91,53.4605],[-0.905,53.4577],[-0.7972,53.4523]]}},{"type":"Feature","properties":{"name":"Nottinghamshire - Lincolnshire","adm0_name":"United Kingdom","adm0_a3":"GBR","min_zoom":10},"geometry":{"type":"MultiLineString","coordinates":[[[-0.7239,53.2294],[-0.7765,53.2342],[-0.7683,53.2787],[-0.7484,53.3117],[-0.745,53.3227],[-0.7471,53.3306],[-0.763,53.3625],[-0.7677,53.3669],[-0.7743,53.3695],[-0.7795,53.373],[-0.7803,53.3797],[-0.7758,53.3904],[-0.7744,53.396],[-0.7755,53.4013],[-0.7888,53.4194],[-0.7987,53.4291],[-0.8015,53.4398],[-0.7972,53.4523]],[[-0.6645,53.2033],[-0.6564,53.2174],[-0.6367,53.2347],[-0.6389,53.2416],[-0.6448,53.2433]],[[-0.6448,53.2433],[-0.657,53.2313]],[[-0.657,53.2313],[-0.6792,53.2416]],[[-0.6792,53.2416],[-0.7048,53.241],[-0.7239,53.2294]],[[-0.6923,53.2038],[-0.6645,53.2033]],[[-0.7667,52.9612],[-0.7864,52.9866],[-0.7814,53.0061],[-0.757,53.0186],[-0.7389,53.0363],[-0.6886,53.0497],[-0.6959,53.0702],[-0.712,53.083],[-0.7031,53.0966],[-0.7142,53.1083],[-0.7072,53.1177],[-0.7109,53.1402],[-0.7062,53.1602],[-0.7383,53.1613],[-0.7431,53.1627],[-0.745,53.1708],[-0.7308,53.1916],[-0.7064,53.1935],[-0.6923,53.2038]]]}},{"type":"Feature","properties":{"name":"Milton Keynes - Northamptonshire","adm0_name":"United Kingdom","adm0_a3":"GBR","min_zoom":10},"geometry":{"type":"MultiLineString","coordinates":[[[-0.6545,52.1925],[-0.7289,52.1616]],[[-0.7289,52.1616],[-0.762,52.1624]],[[-0.762,52.1624],[-0.7761,52.1469]],[[-0.7761,52.1469],[-0.8067,52.1522]],[[-0.8067,52.1522],[-0.8136,52.1458],[-0.8131,52.1377],[-0.8259,52.1274],[-0.8784,52.116],[-0.8778,52.1061],[-0.8664,52.1025],[-0.8517,52.0858],[-0.8278,52.0722],[-0.8275,52.0644],[-0.8349,52.0616],[-0.8559,52.0585],[-0.8565,52.0405],[-0.8674,52.0338]]]}},{"type":"Feature","properties":{"name":"Northamptonshire - Cambridgeshire","adm0_name":"United Kingdom","adm0_a3":"GBR","min_zoom":10},"geometry":{"type":"LineString","coordinates":[[-0.4588,52.3088],[-0.4614,52.3236],[-0.4856,52.3486],[-0.4845,52.3655],[-0.4259,52.3824],[-0.4164,52.3958],[-0.3828,52.4121],[-0.3398,52.4474],[-0.3356,52.4555],[-0.3481,52.4899],[-0.4072,52.5118],[-0.3984,52.5374],[-0.4152,52.5502],[-0.4144,52.5596]]}},{"type":"Feature","properties":{"name":"Buckinghamshire - Northamptonshire","adm0_name":"United Kingdom","adm0_a3":"GBR","min_zoom":10},"geometry":{"type":"MultiLineString","coordinates":[[[-0.9014,52.0186],[-0.9406,52.0719],[-0.95,52.0738]],[[-0.95,52.0738],[-0.9909,52.063]],[[-0.9909,52.063],[-1.0233,52.0647]],[[-1.0233,52.0647],[-1.0367,52.0536],[-1.0967,52.0438],[-1.1189,52.035],[-1.1418,52.0177],[-1.1082,52.0092]],[[-0.8674,52.0338],[-0.8901,52.02],[-0.9014,52.0186]]]}},{"type":"Feature","properties":{"name":"Northamptonshire - Bedford","adm0_name":"United Kingdom","adm0_a3":"GBR","min_zoom":10},"geometry":{"type":"MultiLineString","coordinates":[[[-0.5412,52.2458],[-0.532,52.2497],[-0.5253,52.2605],[-0.5253,52.2833],[-0.5031,52.303],[-0.4588,52.3088]],[[-0.5906,52.2661],[-0.5775,52.2635],[-0.5586,52.248],[-0.5412,52.2458]],[[-0.6545,52.1925],[-0.6345,52.216],[-0.6364,52.2383],[-0.644,52.2519],[-0.6414,52.2591],[-0.5906,52.2661]]]}},{"type":"Feature","properties":{"name":"Rutland - Northamptonshire","adm0_name":"United Kingdom","adm0_a3":"GBR","min_zoom":10},"geometry":{"type":"LineString","coordinates":[[-0.7299,52.5067],[-0.697,52.523],[-0.6817,52.543],[-0.5481,52.5905],[-0.5212,52.6238],[-0.4911,52.6363],[-0.4907,52.6365]]}},{"type":"Feature","properties":{"name":"Islington - Camden","adm0_name":"United Kingdom","adm0_a3":"GBR","min_zoom":10},"geometry":{"type":"LineString","coordinates":[[-0.131,51.5641],[-0.129,51.5608],[-0.1284,51.5566],[-0.1269,51.5536],[-0.1161,51.5442],[-0.1108,51.5359],[-0.1104,51.5346],[-0.1105,51.5332],[-0.1111,51.5311],[-0.1112,51.5285],[-0.111,51.5277],[-0.1107,51.5272],[-0.1101,51.5265],[-0.1039,51.5244],[-0.1025,51.5235]]}},{"type":"Feature","properties":{"name":"Camden - Westminster","adm0_name":"United Kingdom","adm0_a3":"GBR","min_zoom":10},"geometry":{"type":"MultiLineString","coordinates":[[[-0.1701,51.5318],[-0.1503,51.5313],[-0.1471,51.5304],[-0.1447,51.5291],[-0.1427,51.527],[-0.1396,51.5221],[-0.1206,51.509],[-0.1184,51.5084],[-0.116,51.5083],[-0.1122,51.5024]],[[-0.179,51.5283],[-0.1701,51.5318]]]}},{"type":"Feature","properties":{"name":"Barnet - Camden","adm0_name":"United Kingdom","adm0_a3":"GBR","min_zoom":10},"geometry":{"type":"LineString","coordinates":[[-0.2047,51.5515],[-0.1858,51.5539],[-0.1813,51.5567],[-0.1783,51.56],[-0.1743,51.5628],[-0.1627,51.5664]]}},{"type":"Feature","properties":{"name":"Brent - Camden","adm0_name":"United Kingdom","adm0_a3":"GBR","min_zoom":10},"geometry":{"type":"LineString","coordinates":[[-0.179,51.5283],[-0.1824,51.5341],[-0.2047,51.5515]]}},{"type":"Feature","properties":{"name":"Peterborough - Cambridgeshire","adm0_name":"United Kingdom","adm0_a3":"GBR","min_zoom":10},"geometry":{"type":"MultiLineString","coordinates":[[[-0.2868,52.5041],[-0.2718,52.5158],[-0.2387,52.5323],[-0.2154,52.5522],[-0.1938,52.5572],[-0.1407,52.5772],[-0.0876,52.5838],[-0.0628,52.5854],[-0.0545,52.5888],[-0.0495,52.5987],[-0.0495,52.6186],[-0.0495,52.6579]],[[-0.4144,52.5596],[-0.3979,52.5589],[-0.3813,52.5456],[-0.3564,52.5274],[-0.3265,52.5074],[-0.2868,52.5041]]]}},{"type":"Feature","properties":{"name":"Lincolnshire - Peterborough","adm0_name":"United Kingdom","adm0_a3":"GBR","min_zoom":10},"geometry":{"type":"MultiLineString","coordinates":[[[-0.315,52.6636],[-0.262,52.6474]],[[-0.4356,52.6366],[-0.402,52.6369],[-0.315,52.6636]],[[-0.0514,52.6583],[-0.0495,52.6579]],[[-0.0828,52.6499],[-0.0514,52.6583]],[[-0.1995,52.6562],[-0.1831,52.6419]],[[-0.262,52.6474],[-0.1995,52.6562]],[[-0.1014,52.6519],[-0.0828,52.6499]],[[-0.1375,52.6385],[-0.1014,52.6519]],[[-0.1603,52.6444],[-0.1375,52.6385]],[[-0.1831,52.6419],[-0.1603,52.6444]],[[-0.4667,52.6432],[-0.4356,52.6366]],[[-0.4907,52.6365],[-0.4667,52.6432]]]}},{"type":"Feature","properties":{"name":"Peterborough - Northamptonshire","adm0_name":"United Kingdom","adm0_a3":"GBR","min_zoom":10},"geometry":{"type":"MultiLineString","coordinates":[[[-0.4907,52.6365],[-0.4747,52.625],[-0.4662,52.6091],[-0.4739,52.568],[-0.4609,52.5619]],[[-0.4138,52.566],[-0.4144,52.5596]],[[-0.4609,52.5619],[-0.4138,52.566]]]}},{"type":"Feature","properties":{"name":"Lambeth - Merton","adm0_name":"United Kingdom","adm0_a3":"GBR","min_zoom":10},"geometry":{"type":"LineString","coordinates":[[-0.1317,51.4177],[-0.137,51.4115],[-0.1372,51.4111],[-0.1372,51.4107],[-0.137,51.4104],[-0.1365,51.41],[-0.1269,51.408]]}},{"type":"Feature","properties":{"name":"Westminster - Lambeth","adm0_name":"United Kingdom","adm0_a3":"GBR","min_zoom":10},"geometry":{"type":"LineString","coordinates":[[-0.1279,51.4921],[-0.1277,51.4922]]}},{"type":"Feature","properties":{"name":"Lambeth - Westminster","adm0_name":"United Kingdom","adm0_a3":"GBR","min_zoom":10},"geometry":{"type":"LineString","coordinates":[[-0.1122,51.5024],[-0.1277,51.4922]]}},{"type":"Feature","properties":{"name":"Lambeth - Wandsworth","adm0_name":"United Kingdom","adm0_a3":"GBR","min_zoom":10},"geometry":{"type":"LineString","coordinates":[[-0.1279,51.4921],[-0.1223,51.476],[-0.1244,51.4726],[-0.1264,51.4704],[-0.1416,51.4607],[-0.1425,51.4593],[-0.1427,51.4584],[-0.1428,51.4575],[-0.1426,51.4565],[-0.1407,51.4533],[-0.1389,51.4484],[-0.1373,51.447],[-0.1338,51.4453],[-0.1333,51.4449],[-0.1329,51.4441],[-0.132,51.4188],[-0.1317,51.4177]]}},{"type":"Feature","properties":{"name":"Lambeth - Camden","adm0_name":"United Kingdom","adm0_a3":"GBR","min_zoom":10},"geometry":{"type":"LineString","coordinates":[[-0.1079,51.5053],[-0.1122,51.5024]]}},{"type":"Feature","properties":{"name":"City - Southwark","adm0_name":"United Kingdom","adm0_a3":"GBR","min_zoom":10},"geometry":{"type":"MultiLineString","coordinates":[[[-0.0848,51.5116],[-0.0672,51.508],[-0.0669,51.5079]],[[-0.0973,51.5097],[-0.0848,51.5116]]]}},{"type":"Feature","properties":{"name":"Southwark - Tower Hamlets","adm0_name":"United Kingdom","adm0_a3":"GBR","min_zoom":10},"geometry":{"type":"LineString","coordinates":[[-0.0231,51.4887],[-0.0236,51.4959],[-0.0376,51.4975],[-0.0488,51.5009],[-0.0669,51.5079]]}},{"type":"Feature","properties":{"name":"Southwark - Camden","adm0_name":"United Kingdom","adm0_a3":"GBR","min_zoom":10},"geometry":{"type":"LineString","coordinates":[[-0.0973,51.5097],[-0.1022,51.509],[-0.1079,51.5053]]}},{"type":"Feature","properties":{"name":"Southwark - Lambeth","adm0_name":"United Kingdom","adm0_a3":"GBR","min_zoom":10},"geometry":{"type":"LineString","coordinates":[[-0.1079,51.5053],[-0.1032,51.5022],[-0.1016,51.5015],[-0.1001,51.5004],[-0.0993,51.4993],[-0.0989,51.4978],[-0.0996,51.4927],[-0.0995,51.4916],[-0.099,51.4905],[-0.0975,51.4884],[-0.0972,51.4876],[-0.0971,51.4826],[-0.0967,51.4811],[-0.0858,51.4676],[-0.0821,51.4644],[-0.0805,51.4615],[-0.0804,51.4608],[-0.0805,51.4594],[-0.0807,51.4587],[-0.0816,51.4573],[-0.0909,51.4485],[-0.0919,51.4463],[-0.092,51.4448],[-0.0917,51.4433],[-0.0882,51.4391],[-0.0846,51.4315],[-0.0746,51.4192]]}},{"type":"Feature","properties":{"name":"North Yorkshire - Doncaster","adm0_name":"United Kingdom","adm0_a3":"GBR","min_zoom":10},"geometry":{"type":"MultiLineString","coordinates":[[[-1.1264,53.6338],[-1.1117,53.6435],[-1.0739,53.6477]],[[-1.1522,53.6411],[-1.1397,53.6344],[-1.1264,53.6338]],[[-1.2148,53.6199],[-1.1995,53.6385],[-1.1522,53.6411]],[[-1.23,53.6207],[-1.2148,53.6199]]]}},{"type":"Feature","properties":{"name":"Doncaster - East Riding of Yorkshire","adm0_name":"United Kingdom","adm0_a3":"GBR","min_zoom":10},"geometry":{"type":"MultiLineString","coordinates":[[[-0.8607,53.6124],[-0.8634,53.6194],[-0.86,53.6324],[-0.9414,53.6569],[-0.9964,53.66]],[[-0.9964,53.66],[-1.0739,53.6477]]]}},{"type":"Feature","properties":{"name":"Doncaster - North Lincolnshire","adm0_name":"United Kingdom","adm0_a3":"GBR","min_zoom":10},"geometry":{"type":"MultiLineString","coordinates":[[[-0.8686,53.5783],[-0.8609,53.5816],[-0.8553,53.5983],[-0.8607,53.6124]],[[-0.8814,53.5808],[-0.8686,53.5783]],[[-0.8812,53.528],[-0.872,53.5308],[-0.8728,53.5458],[-0.8895,53.5544],[-0.8931,53.5649],[-0.9045,53.5716],[-0.8814,53.5808]],[[-0.9148,53.533],[-0.8812,53.528]],[[-0.9194,53.4874],[-0.9433,53.518],[-0.9148,53.533]]]}},{"type":"Feature","properties":{"name":"Nottinghamshire - Doncaster","adm0_name":"United Kingdom","adm0_a3":"GBR","min_zoom":10},"geometry":{"type":"MultiLineString","coordinates":[[[-0.9194,53.4874],[-0.9698,53.463],[-0.9775,53.4344],[-1.0047,53.4122],[-1.0131,53.4083]],[[-1.0131,53.4083],[-1.0292,53.4138]],[[-1.0292,53.4138],[-1.0664,53.413],[-1.0876,53.4027],[-1.1181,53.3786]]]}},{"type":"Feature","properties":{"name":"Croydon - Merton","adm0_name":"United Kingdom","adm0_a3":"GBR","min_zoom":10},"geometry":{"type":"LineString","coordinates":[[-0.1269,51.408],[-0.1241,51.4024],[-0.1189,51.3962],[-0.1188,51.3957],[-0.1187,51.3946],[-0.1188,51.394],[-0.1191,51.3935],[-0.1196,51.3929],[-0.1214,51.3916],[-0.1236,51.3906],[-0.1279,51.3896],[-0.1313,51.3872]]}},{"type":"Feature","properties":{"name":"Croydon - Sutton","adm0_name":"United Kingdom","adm0_a3":"GBR","min_zoom":10},"geometry":{"type":"MultiLineString","coordinates":[[[-0.1313,51.3872],[-0.1188,51.3773],[-0.1169,51.3748],[-0.1167,51.3743],[-0.1165,51.3726],[-0.1113,51.3602],[-0.111,51.357],[-0.11,51.3543],[-0.1102,51.3483],[-0.1122,51.3449],[-0.1129,51.3444],[-0.1159,51.3435]],[[-0.1159,51.3435],[-0.1256,51.3443]],[[-0.1256,51.3443],[-0.1302,51.3432],[-0.1337,51.341],[-0.1368,51.3371],[-0.1372,51.3358],[-0.1379,51.3233],[-0.1381,51.3227],[-0.1385,51.3222],[-0.1395,51.3214],[-0.142,51.3204],[-0.1637,51.3196]]]}},{"type":"Feature","properties":{"name":"Lambeth - Croydon","adm0_name":"United Kingdom","adm0_a3":"GBR","min_zoom":10},"geometry":{"type":"MultiLineString","coordinates":[[[-0.103,51.417],[-0.0764,51.4143]],[[-0.1269,51.408],[-0.109,51.4159],[-0.103,51.417]]]}},{"type":"Feature","properties":{"name":"Lewisham - Southwark","adm0_name":"United Kingdom","adm0_a3":"GBR","min_zoom":10},"geometry":{"type":"MultiLineString","coordinates":[[[-0.0231,51.4887],[-0.0272,51.4896]],[[-0.0272,51.4896],[-0.0283,51.4896],[-0.0292,51.4892],[-0.0317,51.487],[-0.0326,51.4867],[-0.0388,51.4859],[-0.0468,51.4822],[-0.0474,51.4817],[-0.0478,51.481],[-0.0481,51.4803],[-0.0482,51.4787],[-0.0443,51.4708],[-0.0441,51.4649],[-0.0428,51.4608],[-0.0411,51.4583],[-0.0351,51.4536],[-0.0346,51.4528],[-0.0344,51.4522],[-0.0344,51.4513],[-0.0377,51.4455],[-0.0393,51.4442],[-0.0414,51.4432],[-0.0519,51.4415],[-0.0537,51.4402],[-0.0554,51.4374],[-0.0577,51.4312],[-0.0657,51.4246],[-0.0661,51.4239],[-0.0666,51.4227],[-0.0667,51.421]]]}},{"type":"Feature","properties":{"name":"Haringey - Islington","adm0_name":"United Kingdom","adm0_a3":"GBR","min_zoom":10},"geometry":{"type":"MultiLineString","coordinates":[[[-0.1108,51.5709],[-0.1086,51.5703],[-0.1071,51.5694],[-0.102,51.5643],[-0.0941,51.5601]],[[-0.131,51.5641],[-0.1285,51.566],[-0.1142,51.5709],[-0.1108,51.5709]]]}},{"type":"Feature","properties":{"name":"Waltham Forest - Haringey","adm0_name":"United Kingdom","adm0_a3":"GBR","min_zoom":10},"geometry":{"type":"LineString","coordinates":[[-0.03,51.6011],[-0.0331,51.5981],[-0.0341,51.5969],[-0.0367,51.5947],[-0.0385,51.5928],[-0.0391,51.592],[-0.0417,51.589],[-0.0424,51.5882],[-0.0434,51.5871],[-0.044,51.5863],[-0.0451,51.5851],[-0.0466,51.5832],[-0.0474,51.5815],[-0.0483,51.5803],[-0.0492,51.5785],[-0.0502,51.5773],[-0.0527,51.5736]]}},{"type":"Feature","properties":{"name":"Camden - Haringey","adm0_name":"United Kingdom","adm0_a3":"GBR","min_zoom":10},"geometry":{"type":"MultiLineString","coordinates":[[[-0.131,51.5641],[-0.1489,51.567]],[[-0.1489,51.567],[-0.1627,51.5664]]]}},{"type":"Feature","properties":{"name":"Merton - Kingston upon Thames","adm0_name":"United Kingdom","adm0_a3":"GBR","min_zoom":10},"geometry":{"type":"LineString","coordinates":[[-0.2443,51.4325],[-0.2409,51.4272],[-0.2407,51.4265],[-0.2404,51.4193],[-0.2395,51.4164],[-0.2392,51.4134],[-0.2383,51.4113],[-0.2379,51.4066],[-0.2359,51.3998],[-0.2307,51.3929],[-0.2269,51.3896],[-0.2254,51.3871],[-0.2248,51.3853]]}},{"type":"Feature","properties":{"name":"Kingston upon Thames - Richmond upon Thames","adm0_name":"United Kingdom","adm0_a3":"GBR","min_zoom":10},"geometry":{"type":"MultiLineString","coordinates":[[[-0.2443,51.4325],[-0.2508,51.4335]],[[-0.2508,51.4335],[-0.2536,51.4331],[-0.2655,51.4262],[-0.2796,51.4238]],[[-0.2796,51.4238],[-0.2819,51.4239],[-0.295,51.4298],[-0.2972,51.4301]],[[-0.2972,51.4301],[-0.2994,51.4299],[-0.3017,51.4291],[-0.3023,51.4286],[-0.3026,51.4282],[-0.3031,51.4272],[-0.3026,51.423],[-0.2988,51.4153],[-0.2983,51.4058],[-0.3008,51.3916],[-0.3014,51.3903],[-0.3067,51.3844]]]}},{"type":"Feature","properties":{"name":"Sutton - Kingston upon Thames","adm0_name":"United Kingdom","adm0_a3":"GBR","min_zoom":10},"geometry":{"type":"LineString","coordinates":[[-0.2248,51.3853],[-0.2279,51.384],[-0.2299,51.3831],[-0.2338,51.3808],[-0.2355,51.3795],[-0.2362,51.379],[-0.2375,51.3785],[-0.2431,51.3736]]}},{"type":"Feature","properties":{"name":"Newham - Tower Hamlets","adm0_name":"United Kingdom","adm0_a3":"GBR","min_zoom":10},"geometry":{"type":"LineString","coordinates":[[-0.011,51.5435],[-0.0093,51.5338],[0.0039,51.5137],[0.0051,51.5127],[0.0082,51.511],[0.0132,51.5094],[0.0146,51.5085],[0.0194,51.5026]]}},{"type":"Feature","properties":{"name":"Waltham Forest - Newham","adm0_name":"United Kingdom","adm0_a3":"GBR","min_zoom":10},"geometry":{"type":"LineString","coordinates":[[-0.0106,51.5524],[0.0239,51.5543]]}},{"type":"Feature","properties":{"name":"Newham - Redbridge","adm0_name":"United Kingdom","adm0_a3":"GBR","min_zoom":10},"geometry":{"type":"MultiLineString","coordinates":[[[0.0746,51.5421],[0.0729,51.5507],[0.0713,51.5535],[0.0698,51.5548],[0.0619,51.5565],[0.0603,51.5573],[0.0539,51.5625],[0.0533,51.5628],[0.0502,51.5635]],[[0.0502,51.5635],[0.0488,51.5635],[0.0466,51.563],[0.0441,51.5618],[0.0389,51.5565],[0.0374,51.5559],[0.0239,51.5543]]]}},{"type":"Feature","properties":{"name":"Tower Hamlets - Greenwich","adm0_name":"United Kingdom","adm0_a3":"GBR","min_zoom":10},"geometry":{"type":"MultiLineString","coordinates":[[[-0.0047,51.4796],[-0.0023,51.4799],[0.0002,51.4806],[0.0025,51.482],[0.0031,51.4825],[0.0051,51.4866],[0.0052,51.4889],[0.0047,51.492],[0.0051,51.4981],[0.0054,51.4989],[0.0062,51.4998],[0.008,51.5005],[0.0194,51.5026]],[[-0.0231,51.4887],[-0.018,51.4831],[-0.0115,51.4802],[-0.0047,51.4796]]]}},{"type":"Feature","properties":{"name":"Bexley - Greenwich","adm0_name":"United Kingdom","adm0_a3":"GBR","min_zoom":10},"geometry":{"type":"LineString","coordinates":[[0.1205,51.5028],[0.1212,51.4985],[0.1191,51.4861],[0.1214,51.4776],[0.1212,51.4768],[0.1208,51.4762],[0.1199,51.4754],[0.1185,51.4748],[0.0965,51.4726],[0.093,51.4709],[0.0885,51.4669],[0.088,51.4658],[0.0875,51.4643],[0.0875,51.4619],[0.0899,51.4513],[0.0897,51.4454],[0.0887,51.4431],[0.0807,51.4328],[0.0803,51.4315]]}},{"type":"Feature","properties":{"name":"Greenwich - Lewisham","adm0_name":"United Kingdom","adm0_a3":"GBR","min_zoom":10},"geometry":{"type":"MultiLineString","coordinates":[[[-0.0231,51.4887],[-0.0266,51.4833],[-0.0267,51.4827],[-0.0267,51.4822],[-0.0265,51.4817],[-0.0255,51.4809],[-0.0143,51.4767],[-0.0137,51.4758],[-0.0135,51.4751],[-0.0138,51.472],[-0.0138,51.4715],[-0.0134,51.4705],[-0.0085,51.4649],[-0.0076,51.4646],[-0.0064,51.4645]],[[-0.0018,51.4677],[0.0143,51.4654],[0.0148,51.4652],[0.0151,51.4649],[0.0155,51.4645],[0.0155,51.4634],[0.0153,51.463],[0.0139,51.4613],[0.0135,51.4606],[0.0132,51.459],[0.0133,51.4567],[0.014,51.4542],[0.0148,51.4528],[0.0167,51.4513],[0.0226,51.4486],[0.0231,51.448],[0.0237,51.4468],[0.0239,51.4457],[0.0235,51.4431],[0.0236,51.4416],[0.0239,51.4408],[0.0251,51.4392],[0.0254,51.4387],[0.0255,51.4383],[0.0255,51.438]],[[-0.0064,51.4645],[-0.0059,51.4646],[-0.0052,51.4651],[-0.0037,51.467],[-0.0018,51.4677]]]}},{"type":"Feature","properties":{"name":"Newham - Greenwich","adm0_name":"United Kingdom","adm0_a3":"GBR","min_zoom":10},"geometry":{"type":"MultiLineString","coordinates":[[[0.0194,51.5026],[0.0483,51.4911]],[[0.0483,51.4911],[0.0719,51.4924],[0.0969,51.4977]]]}},{"type":"Feature","properties":{"name":"Islington - Hackney","adm0_name":"United Kingdom","adm0_a3":"GBR","min_zoom":10},"geometry":{"type":"MultiLineString","coordinates":[[[-0.0874,51.5269],[-0.0876,51.5274],[-0.0878,51.528],[-0.0876,51.5287],[-0.0868,51.5301],[-0.0704,51.5443],[-0.0701,51.5449],[-0.0701,51.5455],[-0.0703,51.546],[-0.0711,51.547],[-0.0716,51.5473],[-0.0804,51.5489],[-0.0811,51.5493],[-0.0816,51.5498],[-0.0817,51.5502],[-0.0818,51.5506],[-0.0816,51.5528],[-0.0818,51.5534],[-0.0829,51.5544],[-0.0929,51.5599],[-0.0937,51.5601]],[[-0.0937,51.5601],[-0.0941,51.5601]]]}},{"type":"Feature","properties":{"name":"Tower Hamlets - Hackney","adm0_name":"United Kingdom","adm0_a3":"GBR","min_zoom":10},"geometry":{"type":"LineString","coordinates":[[-0.011,51.5435],[-0.0224,51.5391],[-0.0285,51.5345],[-0.0324,51.5327],[-0.0372,51.5318],[-0.054,51.5317],[-0.0579,51.5296],[-0.0653,51.5272],[-0.0667,51.5265],[-0.0675,51.5255],[-0.0687,51.5197],[-0.072,51.516]]}},{"type":"Feature","properties":{"name":"Waltham Forest - Hackney","adm0_name":"United Kingdom","adm0_a3":"GBR","min_zoom":10},"geometry":{"type":"MultiLineString","coordinates":[[[-0.0527,51.5736],[-0.0483,51.5654],[-0.0403,51.5599],[-0.0372,51.559]],[[-0.024,51.56],[-0.0208,51.5592],[-0.0106,51.5524]],[[-0.0372,51.559],[-0.024,51.56]]]}},{"type":"Feature","properties":{"name":"Hackney - Haringey","adm0_name":"United Kingdom","adm0_a3":"GBR","min_zoom":10},"geometry":{"type":"LineString","coordinates":[[-0.0527,51.5736],[-0.0857,51.5724],[-0.0903,51.571],[-0.0913,51.5702],[-0.0921,51.5693],[-0.0927,51.5682],[-0.0941,51.5601]]}},{"type":"Feature","properties":{"name":"Hackney - Newham","adm0_name":"United Kingdom","adm0_a3":"GBR","min_zoom":10},"geometry":{"type":"LineString","coordinates":[[-0.011,51.5435],[-0.0107,51.5446],[-0.0105,51.5472],[-0.0106,51.5524]]}},{"type":"Feature","properties":{"name":"Barking and Dagenham - Havering","adm0_name":"United Kingdom","adm0_a3":"GBR","min_zoom":10},"geometry":{"type":"MultiLineString","coordinates":[[[0.1662,51.561],[0.1635,51.5611],[0.1618,51.5618],[0.1597,51.5633],[0.1555,51.5693],[0.1535,51.575],[0.1483,51.5811],[0.1481,51.5817],[0.1481,51.5844],[0.1484,51.5857],[0.1497,51.5884],[0.1524,51.5989]],[[0.166,51.5001],[0.1667,51.5158],[0.1688,51.5213],[0.1696,51.5224],[0.1705,51.5251],[0.1929,51.5494],[0.1933,51.5507],[0.1933,51.554],[0.1931,51.5545],[0.1918,51.5561],[0.1874,51.5596],[0.1864,51.5611],[0.1864,51.5616],[0.1867,51.5638],[0.1865,51.5645],[0.1861,51.565],[0.1852,51.5658],[0.1838,51.5662]],[[0.1838,51.5662],[0.1825,51.5662],[0.1662,51.561]]]}},{"type":"Feature","properties":{"name":"Redbridge - Barking and Dagenham","adm0_name":"United Kingdom","adm0_a3":"GBR","min_zoom":10},"geometry":{"type":"MultiLineString","coordinates":[[[0.1203,51.5512],[0.1238,51.5517],[0.1253,51.5522],[0.127,51.5535],[0.1275,51.5541],[0.1278,51.5547],[0.1282,51.5581],[0.1349,51.5731],[0.1376,51.5911],[0.1379,51.5917],[0.1398,51.5942],[0.1403,51.5946],[0.1524,51.5989]],[[0.1109,51.5516],[0.1203,51.5512]],[[0.0994,51.5453],[0.1,51.5454],[0.1017,51.546],[0.1037,51.5476],[0.1047,51.5493],[0.1059,51.5502],[0.1109,51.5516]],[[0.0929,51.5469],[0.0994,51.5453]],[[0.0746,51.5421],[0.0911,51.5469],[0.0929,51.5469]]]}},{"type":"Feature","properties":{"name":"Barking and Dagenham - Bexley","adm0_name":"United Kingdom","adm0_a3":"GBR","min_zoom":10},"geometry":{"type":"MultiLineString","coordinates":[[[0.1485,51.5052],[0.166,51.5001]],[[0.1205,51.5028],[0.1287,51.5046],[0.1485,51.5052]]]}},{"type":"Feature","properties":{"name":"Newham - Barking and Dagenham","adm0_name":"United Kingdom","adm0_a3":"GBR","min_zoom":10},"geometry":{"type":"LineString","coordinates":[[0.0969,51.4977],[0.0991,51.5127],[0.0995,51.5163],[0.0994,51.5176],[0.0992,51.5182],[0.0969,51.5217],[0.0957,51.5225],[0.0829,51.5264],[0.0806,51.5278],[0.0757,51.5333],[0.0749,51.5357],[0.0746,51.5421]]}},{"type":"Feature","properties":{"name":"Barking and Dagenham - Greenwich","adm0_name":"United Kingdom","adm0_a3":"GBR","min_zoom":10},"geometry":{"type":"LineString","coordinates":[[0.0969,51.4977],[0.1205,51.5028]]}},{"type":"Feature","properties":{"name":"Lincolnshire - Leicestershire","adm0_name":"United Kingdom","adm0_a3":"GBR","min_zoom":10},"geometry":{"type":"LineString","coordinates":[[-0.7667,52.9612],[-0.7645,52.9438],[-0.7472,52.9355],[-0.7445,52.9283],[-0.7631,52.8947],[-0.7531,52.8825],[-0.7537,52.8708],[-0.7236,52.8658],[-0.7086,52.8483],[-0.6906,52.8166],[-0.6762,52.8069],[-0.6642,52.768],[-0.6511,52.7475]]}},{"type":"Feature","properties":{"name":"Leicestershire - Rutland","adm0_name":"United Kingdom","adm0_a3":"GBR","min_zoom":10},"geometry":{"type":"MultiLineString","coordinates":[[[-0.7271,52.7162],[-0.6819,52.7338],[-0.6511,52.7475]],[[-0.7825,52.7187],[-0.7271,52.7162]],[[-0.7299,52.5067],[-0.7422,52.5125],[-0.7649,52.5326],[-0.7875,52.5653],[-0.8001,52.5955],[-0.8026,52.6206],[-0.8026,52.6559],[-0.8001,52.6735],[-0.8051,52.6886],[-0.8051,52.7087],[-0.7825,52.7187]]]}},{"type":"Feature","properties":{"name":"Leicestershire - Nottinghamshire","adm0_name":"United Kingdom","adm0_a3":"GBR","min_zoom":10},"geometry":{"type":"MultiLineString","coordinates":[[[-0.7667,52.9612],[-0.7917,52.9574],[-0.8195,52.9413],[-0.8211,52.9291],[-0.8498,52.893],[-0.8962,52.8672],[-0.925,52.8622],[-0.9281,52.8597],[-0.9245,52.8494],[-0.945,52.8336],[-0.969,52.8255],[-0.9728,52.8127],[-0.9795,52.8077],[-1.0522,52.8038]],[[-1.1882,52.7723],[-1.2256,52.778],[-1.2598,52.7991],[-1.2681,52.8191],[-1.2628,52.8616]],[[-1.0522,52.8038],[-1.0703,52.8116]],[[-1.0703,52.8116],[-1.1,52.808],[-1.1336,52.7919],[-1.1664,52.786],[-1.1882,52.7723]]]}},{"type":"Feature","properties":{"name":"Northamptonshire - Leicestershire","adm0_name":"United Kingdom","adm0_a3":"GBR","min_zoom":10},"geometry":{"type":"MultiLineString","coordinates":[[[-0.8317,52.5033],[-0.8622,52.5088]],[[-0.8622,52.5088],[-0.8708,52.505],[-0.8925,52.4738],[-0.8703,52.4622],[-0.8845,52.4469]],[[-0.7612,52.4994],[-0.7892,52.5069]],[[-0.7892,52.5069],[-0.8317,52.5033]],[[-0.7299,52.5067],[-0.7345,52.5044],[-0.7612,52.4994]],[[-0.8845,52.4469],[-0.8975,52.4472],[-0.9372,52.4616],[-0.9628,52.4636]],[[-0.9628,52.4636],[-1.0336,52.4447],[-1.0367,52.4416],[-1.0329,52.4358],[-1.0223,52.4327],[-1.0452,52.4024]],[[-1.0452,52.4024],[-1.1006,52.4241]],[[-1.1006,52.4241],[-1.1342,52.4036],[-1.1567,52.3783]],[[-1.1567,52.3783],[-1.1866,52.3813]]]}},{"type":"Feature","properties":{"name":"Derbyshire - Cheshire East","adm0_name":"United Kingdom","adm0_a3":"GBR","min_zoom":10},"geometry":{"type":"LineString","coordinates":[[-2.0168,53.3704],[-2.0186,53.3633],[-2.0011,53.3472],[-1.9981,53.3358],[-1.9956,53.2641],[-1.9906,53.2416],[-1.9709,53.2302],[-1.9769,53.2073]]}},{"type":"Feature","properties":{"name":"Nottinghamshire - Derbyshire","adm0_name":"United Kingdom","adm0_a3":"GBR","min_zoom":10},"geometry":{"type":"MultiLineString","coordinates":[[[-1.176,53.2929],[-1.1603,53.2858],[-1.1645,53.2733],[-1.1603,53.2622],[-1.1703,53.2494],[-1.1881,53.2424],[-1.1959,53.2325],[-1.1895,53.2097],[-1.195,53.1857],[-1.1883,53.1722],[-1.1909,53.1677],[-1.23,53.1624],[-1.2439,53.1516]],[[-1.2439,53.1516],[-1.2764,53.1541]],[[-1.2764,53.1541],[-1.3098,53.1428],[-1.3128,53.131],[-1.292,53.0838],[-1.3003,53.0744],[-1.3212,53.0641],[-1.3297,53.0502],[-1.322,53.0333],[-1.3214,53.013],[-1.2839,52.9858],[-1.2825,52.9461],[-1.2695,52.9191],[-1.2711,52.8988],[-1.2326,52.8807],[-1.245,52.8647],[-1.2628,52.8616]]]}},{"type":"Feature","properties":{"name":"Rotherham - Derbyshire","adm0_name":"United Kingdom","adm0_a3":"GBR","min_zoom":10},"geometry":{"type":"MultiLineString","coordinates":[[[-1.3937,53.3252],[-1.3828,53.3216],[-1.3809,53.3069],[-1.3592,53.3002],[-1.3325,53.2988]],[[-1.2867,53.3169],[-1.2773,53.3133],[-1.282,53.2994],[-1.2614,53.2986],[-1.2425,53.2908]],[[-1.3325,53.2988],[-1.3222,53.3022],[-1.3114,53.3139],[-1.2867,53.3169]],[[-1.2425,53.2908],[-1.176,53.2929]]]}},{"type":"Feature","properties":{"name":"Sheffield - Derbyshire","adm0_name":"United Kingdom","adm0_a3":"GBR","min_zoom":10},"geometry":{"type":"MultiLineString","coordinates":[[[-1.5314,53.2897],[-1.4589,53.3069],[-1.432,53.3236],[-1.3937,53.3252]],[[-1.5706,53.3049],[-1.5314,53.2897]],[[-1.5875,53.3022],[-1.5706,53.3049]]]}},{"type":"Feature","properties":{"name":"Leicestershire - Derbyshire","adm0_name":"United Kingdom","adm0_a3":"GBR","min_zoom":10},"geometry":{"type":"MultiLineString","coordinates":[[[-1.2628,52.8616],[-1.3014,52.8625]],[[-1.3014,52.8625],[-1.3392,52.8491],[-1.3706,52.8313],[-1.3684,52.8275],[-1.3884,52.8069],[-1.3953,52.79],[-1.4272,52.7838],[-1.4525,52.7661],[-1.4498,52.7557],[-1.4542,52.7533],[-1.4747,52.7486]],[[-1.4747,52.7486],[-1.5328,52.7497]],[[-1.5328,52.7497],[-1.5414,52.7458],[-1.5434,52.7336],[-1.5314,52.7144],[-1.535,52.7061],[-1.5831,52.685]]]}},{"type":"Feature","properties":{"name":"Cheshire East - Stoke-on-Trent","adm0_name":"United Kingdom","adm0_a3":"GBR","min_zoom":10},"geometry":{"type":"LineString","coordinates":[[-2.2437,53.0859],[-2.2049,53.1136]]}},{"type":"Feature","properties":{"name":"Staffordshire - Telford and Wrekin","adm0_name":"United Kingdom","adm0_a3":"GBR","min_zoom":10},"geometry":{"type":"LineString","coordinates":[[-2.3966,52.8216],[-2.3684,52.8069],[-2.3603,52.7938],[-2.3706,52.7852],[-2.3689,52.7819],[-2.324,52.7477]]}},{"type":"Feature","properties":{"name":"Staffordshire - Cheshire East","adm0_name":"United Kingdom","adm0_a3":"GBR","min_zoom":10},"geometry":{"type":"MultiLineString","coordinates":[[[-1.9769,53.2073],[-2.0056,53.1861],[-2.0306,53.1847],[-2.0683,53.1657],[-2.1017,53.1657]],[[-2.1017,53.1657],[-2.1251,53.1749]],[[-2.1251,53.1749],[-2.1381,53.1738],[-2.14,53.1699],[-2.1309,53.1577],[-2.1348,53.1502],[-2.1578,53.1475],[-2.2049,53.1136]]]}},{"type":"Feature","properties":{"name":"Cheshire East - Staffordshire","adm0_name":"United Kingdom","adm0_a3":"GBR","min_zoom":10},"geometry":{"type":"MultiLineString","coordinates":[[[-2.2723,53.0774],[-2.2464,53.0838],[-2.2437,53.0859]],[[-2.3056,53.0791],[-2.2723,53.0774]],[[-2.3788,52.9896],[-2.3664,53.0002],[-2.3739,53.0372],[-2.3659,53.0522],[-2.3356,53.056],[-2.3056,53.0791]]]}},{"type":"Feature","properties":{"name":"Staffordshire - Leicestershire","adm0_name":"United Kingdom","adm0_a3":"GBR","min_zoom":10},"geometry":{"type":"LineString","coordinates":[[-1.58,52.6769],[-1.5831,52.685]]}},{"type":"Feature","properties":{"name":"Derbyshire - Staffordshire","adm0_name":"United Kingdom","adm0_a3":"GBR","min_zoom":10},"geometry":{"type":"MultiLineString","coordinates":[[[-1.9525,53.2138],[-1.9323,53.1949],[-1.8567,53.1763],[-1.8242,53.163],[-1.8037,53.1485],[-1.7989,53.1416],[-1.7995,53.1186],[-1.7717,53.0902],[-1.7761,53.0708],[-1.7692,53.0416],[-1.7639,53.0319],[-1.7475,53.0222],[-1.7456,52.9999],[-1.7578,52.9825],[-1.8122,52.9613],[-1.8112,52.9461],[-1.817,52.9299],[-1.8239,52.9249],[-1.8403,52.9244],[-1.8409,52.9047],[-1.827,52.8905],[-1.8239,52.8755],[-1.8001,52.8735],[-1.7878,52.8666],[-1.755,52.866],[-1.7356,52.8505],[-1.7208,52.8452],[-1.6306,52.8411],[-1.6084,52.8305],[-1.5909,52.8108],[-1.615,52.798],[-1.6292,52.7722],[-1.6725,52.7583],[-1.7004,52.7261],[-1.6814,52.7147],[-1.6459,52.7066],[-1.64,52.685],[-1.622,52.6836]],[[-1.9769,53.2073],[-1.9525,53.2138]],[[-1.6078,52.6938],[-1.5997,52.6855],[-1.5831,52.685]],[[-1.622,52.6836],[-1.6078,52.6938]]]}},{"type":"Feature","properties":{"name":"Stoke-on-Trent - Staffordshire","adm0_name":"United Kingdom","adm0_a3":"GBR","min_zoom":10},"geometry":{"type":"MultiLineString","coordinates":[[[-2.144,52.9384],[-2.1119,52.9403],[-2.0952,52.9491],[-2.0904,52.9657],[-2.0982,52.9891],[-2.1235,53.0242],[-2.1489,53.0515],[-2.1704,53.0662],[-2.1918,53.0837],[-2.2049,53.1136]],[[-2.2437,53.0859],[-2.2357,53.074],[-2.2289,53.0554],[-2.2221,53.0262],[-2.2113,52.9872],[-2.2015,52.9637],[-2.1782,52.9452],[-2.144,52.9384]]]}},{"type":"Feature","properties":{"name":"Bromley - Kent","adm0_name":"United Kingdom","adm0_a3":"GBR","min_zoom":10},"geometry":{"type":"MultiLineString","coordinates":[[[0.0688,51.2825],[0.0938,51.2883],[0.0966,51.311],[0.12,51.3241],[0.1311,51.3411],[0.1552,51.3547],[0.1691,51.3885],[0.1662,51.3985]],[[0.0544,51.2899],[0.0688,51.2825]]]}},{"type":"Feature","properties":{"name":"Bexley - Bromley","adm0_name":"United Kingdom","adm0_a3":"GBR","min_zoom":10},"geometry":{"type":"LineString","coordinates":[[0.0803,51.4315],[0.0938,51.4209],[0.1088,51.4137],[0.1376,51.4122],[0.1662,51.3985]]}},{"type":"Feature","properties":{"name":"Bromley - Lambeth","adm0_name":"United Kingdom","adm0_a3":"GBR","min_zoom":10},"geometry":{"type":"LineString","coordinates":[[-0.0746,51.4192],[-0.075,51.4189],[-0.0752,51.4187],[-0.0753,51.4186],[-0.0754,51.4181],[-0.0755,51.4173],[-0.0755,51.417],[-0.0756,51.4168],[-0.0761,51.4162],[-0.0762,51.416],[-0.0763,51.4159],[-0.0763,51.4155],[-0.0764,51.4143]]}},{"type":"Feature","properties":{"name":"Bromley - Southwark","adm0_name":"United Kingdom","adm0_a3":"GBR","min_zoom":10},"geometry":{"type":"MultiLineString","coordinates":[[[-0.0667,51.421],[-0.0674,51.421]],[[-0.0674,51.421],[-0.0681,51.421],[-0.0685,51.4209],[-0.0695,51.4207],[-0.0699,51.4206],[-0.071,51.4205],[-0.0713,51.4205],[-0.0716,51.4204],[-0.0719,51.4203],[-0.0731,51.4197],[-0.0738,51.4194],[-0.0746,51.4192]]]}},{"type":"Feature","properties":{"name":"Bromley - Croydon","adm0_name":"United Kingdom","adm0_a3":"GBR","min_zoom":10},"geometry":{"type":"LineString","coordinates":[[-0.0764,51.4143],[-0.0755,51.4116],[-0.057,51.393],[-0.0358,51.3836],[-0.0188,51.3698],[0.0131,51.3207]]}},{"type":"Feature","properties":{"name":"Lewisham - Bromley","adm0_name":"United Kingdom","adm0_a3":"GBR","min_zoom":10},"geometry":{"type":"MultiLineString","coordinates":[[[0.0369,51.4189],[0.0393,51.419],[0.0423,51.4199],[0.0432,51.4207],[0.0437,51.4213],[0.0441,51.4226],[0.0441,51.4233],[0.0439,51.4239],[0.0425,51.4259],[0.0255,51.438]],[[0.0213,51.4218],[0.0369,51.4189]],[[0.0001,51.4112],[0.0044,51.4112],[0.0061,51.4119],[0.0084,51.4133],[0.0157,51.4202],[0.0213,51.4218]],[[-0.0667,51.421],[-0.0187,51.4185],[0.0001,51.4112]]]}},{"type":"Feature","properties":{"name":"Greenwich - Bromley","adm0_name":"United Kingdom","adm0_a3":"GBR","min_zoom":10},"geometry":{"type":"MultiLineString","coordinates":[[[0.0372,51.4392],[0.0426,51.4382],[0.0574,51.4294],[0.0621,51.4243],[0.064,51.4231],[0.066,51.4226]],[[0.0255,51.438],[0.0372,51.4392]],[[0.066,51.4226],[0.0674,51.4226],[0.0689,51.423],[0.0738,51.4255],[0.0803,51.4315]]]}},{"type":"Feature","properties":{"name":"Worcestershire - Gloucestershire","adm0_name":"United Kingdom","adm0_a3":"GBR","min_zoom":10},"geometry":{"type":"MultiLineString","coordinates":[[[-1.8139,52.0688],[-1.7784,52.0988],[-1.7578,52.1058]],[[-1.8431,52.073],[-1.8139,52.0688]],[[-1.8437,52.0077],[-1.832,52.008],[-1.8253,52.0194],[-1.8278,52.0344],[-1.8487,52.0533],[-1.8641,52.0583],[-1.8633,52.0627],[-1.8431,52.073]],[[-2.1149,52.0421],[-2.1433,52.0063],[-2.13,51.9952]],[[-2.1747,51.9877],[-2.16,51.9949],[-2.1763,52.0073],[-2.1706,52.0338],[-2.1648,52.0405],[-2.1149,52.0421]],[[-1.9042,52.0313],[-1.8789,52.028],[-1.8437,52.0077]],[[-1.9187,52.0269],[-1.9042,52.0313]],[[-1.9423,52.0302],[-1.9187,52.0269]],[[-2.0309,51.9999],[-1.9709,52.0261],[-1.9423,52.0302]],[[-2.3417,52.015],[-2.3192,51.9924],[-2.3078,51.9736],[-2.2517,51.9627]],[[-2.3516,52.0139],[-2.3417,52.015]],[[-2.0717,52.0077],[-2.0309,51.9999]],[[-2.13,51.9952],[-2.1059,52.0077],[-2.0717,52.0077]],[[-2.2081,51.9908],[-2.1747,51.9877]],[[-2.2517,51.9627],[-2.2342,51.9641],[-2.2081,51.9908]]]}},{"type":"Feature","properties":{"name":"Worcestershire - Staffordshire","adm0_name":"United Kingdom","adm0_a3":"GBR","min_zoom":10},"geometry":{"type":"MultiLineString","coordinates":[[[-2.1711,52.4216],[-2.2206,52.4355],[-2.2606,52.4363],[-2.2862,52.4446]],[[-2.1539,52.423],[-2.1711,52.4216]]]}},{"type":"Feature","properties":{"name":"Telford and Wrekin - Shropshire","adm0_name":"United Kingdom","adm0_a3":"GBR","min_zoom":10},"geometry":{"type":"MultiLineString","coordinates":[[[-2.3966,52.8216],[-2.4178,52.8173],[-2.4732,52.7981],[-2.5366,52.7846],[-2.5885,52.7676],[-2.6462,52.7585],[-2.6632,52.7427],[-2.6406,52.7212],[-2.5772,52.6862],[-2.5083,52.6455],[-2.4608,52.6172],[-2.437,52.607]],[[-2.437,52.607],[-2.4246,52.607],[-2.4133,52.6206],[-2.3963,52.641],[-2.3793,52.6658],[-2.3398,52.7291],[-2.324,52.7477]]]}},{"type":"Feature","properties":{"name":"Staffordshire - Shropshire","adm0_name":"United Kingdom","adm0_a3":"GBR","min_zoom":10},"geometry":{"type":"MultiLineString","coordinates":[[[-2.3788,52.9896],[-2.3709,52.9891],[-2.3642,52.9802],[-2.3639,52.9677],[-2.37,52.9566],[-2.3753,52.9497],[-2.395,52.9494],[-2.4192,52.9364],[-2.4426,52.9127],[-2.4503,52.8966],[-2.4495,52.8855],[-2.4345,52.868]],[[-2.3809,52.8847],[-2.3659,52.8841],[-2.3781,52.838],[-2.4009,52.8238],[-2.3966,52.8216]],[[-2.4345,52.868],[-2.3809,52.8847]]]}},{"type":"Feature","properties":{"name":"Staffordshire - Shropshire","adm0_name":"United Kingdom","adm0_a3":"GBR","min_zoom":10},"geometry":{"type":"MultiLineString","coordinates":[[[-2.324,52.7477],[-2.3056,52.7338],[-2.3042,52.7222],[-2.3103,52.7005],[-2.3048,52.6866],[-2.2931,52.6802],[-2.2437,52.6761],[-2.2315,52.6691],[-2.2284,52.6588],[-2.2315,52.6508],[-2.227,52.6366],[-2.237,52.6124],[-2.2664,52.6036]],[[-2.2664,52.6036],[-2.3034,52.6088]],[[-2.3034,52.6088],[-2.3114,52.5991],[-2.3106,52.5913],[-2.2692,52.5775],[-2.2511,52.5624],[-2.2672,52.5483],[-2.2525,52.5344],[-2.255,52.5183],[-2.2842,52.505],[-2.2984,52.4838],[-2.2986,52.4755],[-2.2834,52.4547],[-2.2862,52.4446]]]}},{"type":"Feature","properties":{"name":"Shropshire - Worcestershire","adm0_name":"United Kingdom","adm0_a3":"GBR","min_zoom":10},"geometry":{"type":"MultiLineString","coordinates":[[[-2.3048,52.4308],[-2.2862,52.4446]],[[-2.3395,52.4344],[-2.3048,52.4308]],[[-2.4931,52.3266],[-2.4745,52.3271],[-2.4678,52.3372],[-2.4742,52.3505],[-2.4698,52.3572],[-2.4103,52.3633],[-2.3986,52.3697],[-2.3978,52.3786],[-2.3906,52.3836],[-2.3195,52.3846],[-2.3275,52.3897],[-2.3505,52.4237],[-2.3395,52.4344]],[[-2.5253,52.3397],[-2.4931,52.3266]],[[-2.5978,52.3052],[-2.5556,52.3085],[-2.547,52.3302],[-2.5253,52.3397]],[[-2.6409,52.3322],[-2.6164,52.3241],[-2.61,52.3191],[-2.6078,52.308],[-2.5978,52.3052]]]}},{"type":"Feature","properties":{"name":"Gloucestershire - Warwickshire","adm0_name":"United Kingdom","adm0_a3":"GBR","min_zoom":10},"geometry":{"type":"MultiLineString","coordinates":[[[-1.6573,52.0269],[-1.6745,52.0311],[-1.7067,52.0652],[-1.7159,52.0849],[-1.737,52.0894],[-1.7578,52.1058]],[[-1.6525,51.9839],[-1.652,51.9891],[-1.6342,52.0011],[-1.6123,52.0266],[-1.6212,52.0305]],[[-1.6212,52.0305],[-1.6573,52.0269]]]}},{"type":"Feature","properties":{"name":"Northamptonshire - Warwickshire","adm0_name":"United Kingdom","adm0_a3":"GBR","min_zoom":10},"geometry":{"type":"LineString","coordinates":[[-1.1866,52.3813],[-1.1673,52.3588],[-1.1653,52.348],[-1.1811,52.3383],[-1.2334,52.3275],[-1.2495,52.3196],[-1.2417,52.311],[-1.2081,52.3063],[-1.2026,52.3013],[-1.2242,52.2824],[-1.2089,52.2724],[-1.2081,52.2499],[-1.2659,52.2277],[-1.2653,52.2208],[-1.2453,52.2058],[-1.2487,52.1952],[-1.3031,52.1811],[-1.3175,52.1708],[-1.3212,52.1615]]}},{"type":"Feature","properties":{"name":"Leicestershire - Warwickshire","adm0_name":"United Kingdom","adm0_a3":"GBR","min_zoom":10},"geometry":{"type":"LineString","coordinates":[[-1.58,52.6769],[-1.5339,52.6416],[-1.5367,52.63],[-1.5589,52.6216],[-1.5423,52.6008],[-1.5458,52.5808],[-1.5178,52.5744],[-1.495,52.5563],[-1.4172,52.5352],[-1.4042,52.5258],[-1.3959,52.5125],[-1.2934,52.4794],[-1.2411,52.4261],[-1.2117,52.4158],[-1.1866,52.3813]]}},{"type":"Feature","properties":{"name":"Warwickshire - Staffordshire","adm0_name":"United Kingdom","adm0_a3":"GBR","min_zoom":10},"geometry":{"type":"MultiLineString","coordinates":[[[-1.58,52.6769],[-1.6009,52.6561],[-1.6312,52.6427],[-1.6328,52.6383],[-1.6239,52.626],[-1.6342,52.608],[-1.6348,52.588],[-1.6434,52.5799],[-1.6656,52.5758]],[[-1.6656,52.5758],[-1.7536,52.5794]],[[-1.7536,52.5794],[-1.7777,52.5753]]]}},{"type":"Feature","properties":{"name":"Warwickshire - Worcestershire","adm0_name":"United Kingdom","adm0_a3":"GBR","min_zoom":10},"geometry":{"type":"MultiLineString","coordinates":[[[-1.8445,52.3836],[-1.8431,52.376],[-1.8528,52.3624],[-1.877,52.3447],[-1.8739,52.338],[-1.8514,52.3233],[-1.8475,52.3099],[-1.8681,52.2988],[-1.8828,52.2741],[-1.9201,52.2661],[-1.9203,52.2586],[-1.9028,52.2305],[-1.9023,52.2105],[-1.9231,52.1952],[-1.9325,52.176],[-1.9445,52.1647],[-1.9298,52.1597],[-1.914,52.1433],[-1.8909,52.1336]],[[-1.8753,52.1494],[-1.8409,52.136]],[[-1.8909,52.1336],[-1.885,52.1441],[-1.8753,52.1494]],[[-1.8289,52.1425],[-1.8128,52.1338],[-1.7872,52.1294],[-1.7814,52.1166],[-1.7633,52.1122],[-1.7578,52.1058]],[[-1.8409,52.136],[-1.8289,52.1425]]]}},{"type":"Feature","properties":{"name":"Oxfordshire - Gloucestershire","adm0_name":"United Kingdom","adm0_a3":"GBR","min_zoom":10},"geometry":{"type":"MultiLineString","coordinates":[[[-1.6525,51.9839],[-1.6569,51.9591],[-1.6189,51.9449],[-1.6125,51.9394],[-1.6128,51.9316],[-1.6461,51.91],[-1.6375,51.8938],[-1.6578,51.883],[-1.6759,51.8552],[-1.6792,51.7971],[-1.7092,51.7749],[-1.6925,51.7624],[-1.68,51.7313],[-1.6761,51.7047],[-1.6472,51.6864],[-1.6442,51.6797],[-1.6493,51.6737]],[[-1.6493,51.6737],[-1.6833,51.6786]]]}},{"type":"Feature","properties":{"name":"Buckinghamshire - Oxfordshire","adm0_name":"United Kingdom","adm0_a3":"GBR","min_zoom":10},"geometry":{"type":"MultiLineString","coordinates":[[[-1.1082,52.0092],[-1.0582,51.9964],[-1.0531,51.9927],[-1.0758,51.968],[-1.0825,51.9524],[-1.0739,51.9444],[-1.0486,51.9435],[-1.0472,51.9397],[-1.0758,51.9194],[-1.0817,51.8977],[-1.0772,51.8883],[-1.0628,51.8785],[-1.0628,51.8624],[-1.0489,51.8446],[-1.0472,51.833],[-1.0695,51.8238]],[[-1.0695,51.8238],[-1.1162,51.838]],[[-1.1162,51.838],[-1.1253,51.8341],[-1.1283,51.8274],[-1.1136,51.8138],[-1.1087,51.7797],[-1.0797,51.773],[-1.0659,51.7513],[-1.0403,51.7433]],[[-0.9656,51.7561],[-0.912,51.7405],[-0.8845,51.7163],[-0.8764,51.7005],[-0.8831,51.6844],[-0.8742,51.668],[-0.8767,51.6644]],[[-0.9909,51.7494],[-0.9656,51.7561]],[[-1.0181,51.7524],[-0.9909,51.7494]],[[-1.0403,51.7433],[-1.0181,51.7524]],[[-0.8767,51.6644],[-0.9125,51.67]],[[-0.9125,51.67],[-0.9214,51.6672],[-0.9264,51.6486],[-0.9423,51.645],[-0.9306,51.6347],[-0.9445,51.6191],[-0.9331,51.6002]],[[-0.917,51.6024],[-0.9108,51.5972],[-0.912,51.5897],[-0.9286,51.5813],[-0.932,51.5705],[-0.8871,51.5481]],[[-0.9331,51.6002],[-0.917,51.6024]]]}},{"type":"Feature","properties":{"name":"Oxfordshire - Northamptonshire","adm0_name":"United Kingdom","adm0_a3":"GBR","min_zoom":10},"geometry":{"type":"MultiLineString","coordinates":[[[-1.2561,51.9763],[-1.265,51.9797],[-1.2881,52.0302],[-1.2967,52.0388],[-1.2939,52.0713],[-1.3067,52.0774],[-1.2736,52.088],[-1.2436,52.0905],[-1.2372,52.096],[-1.3212,52.1615]],[[-1.1082,52.0092],[-1.1189,52.006],[-1.1384,51.9897],[-1.1622,51.988],[-1.1837,51.9783]],[[-1.1837,51.9783],[-1.2342,51.9802]],[[-1.2342,51.9802],[-1.2561,51.9763]]]}},{"type":"Feature","properties":{"name":"Warwickshire - Oxfordshire","adm0_name":"United Kingdom","adm0_a3":"GBR","min_zoom":10},"geometry":{"type":"MultiLineString","coordinates":[[[-1.3795,52.0919],[-1.3578,52.0952],[-1.3511,52.1044],[-1.3736,52.1183],[-1.3414,52.1344],[-1.3337,52.1522],[-1.3212,52.1615]],[[-1.4262,52.1088],[-1.4075,52.1077],[-1.3795,52.0919]],[[-1.604,51.9549],[-1.5934,51.9558],[-1.5862,51.9672],[-1.5498,51.9691],[-1.5456,51.9847],[-1.5181,51.9883],[-1.5097,51.9983],[-1.4959,52.0405],[-1.4953,52.0608],[-1.4751,52.0766],[-1.4703,52.0886],[-1.4406,52.0908],[-1.4364,52.093],[-1.4375,52.1075],[-1.4262,52.1088]],[[-1.6525,51.9839],[-1.604,51.9549]]]}},{"type":"Feature","properties":{"name":"Herefordshire - Gloucestershire","adm0_name":"United Kingdom","adm0_a3":"GBR","min_zoom":10},"geometry":{"type":"MultiLineString","coordinates":[[[-2.4609,52.0197],[-2.4414,52.0133],[-2.4295,51.9944],[-2.4131,51.9894]],[[-2.5197,51.8588],[-2.5058,51.8799],[-2.4703,51.8827],[-2.4345,51.8966],[-2.4309,51.9036],[-2.4339,51.9155],[-2.4548,51.9299],[-2.4603,51.9477],[-2.4814,51.958],[-2.4789,51.9749],[-2.4675,51.9866],[-2.4722,51.9972],[-2.4609,52.0197]],[[-2.4131,51.9894],[-2.3933,51.9947],[-2.3689,52.0122],[-2.3516,52.0139]],[[-2.5506,51.8616],[-2.5197,51.8588]],[[-2.5855,51.8446],[-2.5786,51.8544],[-2.5506,51.8616]],[[-2.6295,51.8535],[-2.62,51.8377]],[[-2.6485,51.8214],[-2.6478,51.822],[-2.6475,51.8222],[-2.642,51.8472],[-2.6361,51.8535],[-2.6295,51.8535]],[[-2.5981,51.8466],[-2.5855,51.8446]],[[-2.62,51.8377],[-2.5981,51.8466]]]}},{"type":"Feature","properties":{"name":"Worcestershire - Herefordshire","adm0_name":"United Kingdom","adm0_a3":"GBR","min_zoom":10},"geometry":{"type":"MultiLineString","coordinates":[[[-2.6409,52.3322],[-2.643,52.3228],[-2.6314,52.2919],[-2.616,52.2777],[-2.616,52.2662],[-2.6185,52.2521],[-2.607,52.2417]],[[-2.4745,52.2649],[-2.4475,52.2585],[-2.454,52.2495],[-2.4604,52.2366],[-2.4578,52.2302],[-2.4398,52.2237],[-2.4154,52.2199],[-2.4064,52.2058],[-2.4102,52.1787],[-2.4102,52.1569],[-2.4051,52.1427],[-2.3922,52.1312],[-2.3755,52.1273],[-2.3601,52.1221],[-2.3498,52.1067],[-2.3485,52.0939],[-2.3485,52.0771],[-2.3511,52.054],[-2.3511,52.0283],[-2.3516,52.0139]],[[-2.607,52.2417],[-2.5813,52.2417],[-2.5504,52.2417],[-2.5273,52.243],[-2.5131,52.2508],[-2.5028,52.2585],[-2.4887,52.2649],[-2.4745,52.2649]]]}},{"type":"Feature","properties":{"name":"Herefordshire - Shropshire","adm0_name":"United Kingdom","adm0_a3":"GBR","min_zoom":10},"geometry":{"type":"MultiLineString","coordinates":[[[-2.695,52.3036],[-2.7461,52.3244],[-2.7278,52.341],[-2.732,52.3513],[-2.7814,52.3527],[-2.7878,52.3661],[-2.8034,52.3802],[-2.8389,52.3913]],[[-2.8389,52.3913],[-2.872,52.3752]],[[-2.872,52.3752],[-2.9022,52.3808]],[[-2.9022,52.3808],[-2.9048,52.3738],[-2.895,52.3622],[-2.917,52.3572],[-2.9328,52.3447],[-2.9573,52.3412],[-2.9574,52.3412]],[[-2.6409,52.3322],[-2.6525,52.3361]],[[-2.6525,52.3361],[-2.6653,52.3297],[-2.6751,52.3063],[-2.695,52.3036]]]}},{"type":"Feature","properties":{"name":"Merseyside - Wigan","adm0_name":"United Kingdom","adm0_a3":"GBR","min_zoom":10},"geometry":{"type":"MultiLineString","coordinates":[[[-2.69,53.4716],[-2.752,53.5111]],[[-2.6495,53.4724],[-2.6751,53.4808]],[[-2.6751,53.4808],[-2.69,53.4716]],[[-2.5664,53.4356],[-2.582,53.4502],[-2.5997,53.4583],[-2.6039,53.4724]],[[-2.6039,53.4724],[-2.6495,53.4724]]]}},{"type":"Feature","properties":{"name":"Stockport - Derbyshire","adm0_name":"United Kingdom","adm0_a3":"GBR","min_zoom":10},"geometry":{"type":"LineString","coordinates":[[-2.0168,53.3704],[-2.0045,53.3741],[-1.9814,53.3983],[-1.9906,53.4064],[-2.0117,53.4125]]}},{"type":"Feature","properties":{"name":"Merseyside - Warrington","adm0_name":"United Kingdom","adm0_a3":"GBR","min_zoom":10},"geometry":{"type":"MultiLineString","coordinates":[[[-2.6662,53.441],[-2.6397,53.4405],[-2.6161,53.4305]],[[-2.6806,53.3788],[-2.6481,53.3913],[-2.645,53.4016],[-2.662,53.4102],[-2.6625,53.4227],[-2.6709,53.4311],[-2.6662,53.441]],[[-2.6161,53.4305],[-2.5664,53.4356]]]}},{"type":"Feature","properties":{"name":"Warrington - Wigan","adm0_name":"United Kingdom","adm0_a3":"GBR","min_zoom":10},"geometry":{"type":"MultiLineString","coordinates":[[[-2.485,53.4622],[-2.5222,53.4624]],[[-2.5222,53.4624],[-2.5383,53.4483],[-2.5664,53.4356]]]}},{"type":"Feature","properties":{"name":"Hampshire - West Berkshire","adm0_name":"United Kingdom","adm0_a3":"GBR","min_zoom":10},"geometry":{"type":"MultiLineString","coordinates":[[[-1.032,51.3547],[-1.0503,51.3619],[-1.0603,51.3732],[-1.0775,51.3763]],[[-1.0775,51.3763],[-1.1111,51.3713],[-1.1106,51.3574],[-1.12,51.3547]],[[-1.12,51.3547],[-1.2453,51.3689],[-1.3995,51.3705]],[[-1.3995,51.3705],[-1.4367,51.3524],[-1.4276,51.3402],[-1.4331,51.3347],[-1.487,51.3324]]]}},{"type":"Feature","properties":{"name":"Hampshire - Wokingham","adm0_name":"United Kingdom","adm0_a3":"GBR","min_zoom":10},"geometry":{"type":"MultiLineString","coordinates":[[[-0.9667,51.3572],[-0.9964,51.3622]],[[-0.9964,51.3622],[-1.032,51.3547]],[[-0.8529,51.3501],[-0.8864,51.3513],[-0.9192,51.3602]],[[-0.9192,51.3602],[-0.9667,51.3572]]]}},{"type":"Feature","properties":{"name":"Hampshire - Bracknell Forest","adm0_name":"United Kingdom","adm0_a3":"GBR","min_zoom":10},"geometry":{"type":"LineString","coordinates":[[-0.7653,51.3313],[-0.7992,51.3388],[-0.8197,51.3488],[-0.8529,51.3501]]}},{"type":"Feature","properties":{"name":"Wokingham - Buckinghamshire","adm0_name":"United Kingdom","adm0_a3":"GBR","min_zoom":10},"geometry":{"type":"MultiLineString","coordinates":[[[-0.8463,51.5425],[-0.8688,51.5461],[-0.8822,51.551]],[[-0.8822,51.551],[-0.8871,51.5481]]]}},{"type":"Feature","properties":{"name":"Royal Borough of Windsor and Maidenhead - Buckinghamshire","adm0_name":"United Kingdom","adm0_a3":"GBR","min_zoom":10},"geometry":{"type":"MultiLineString","coordinates":[[[-0.6617,51.4916],[-0.6787,51.4941],[-0.7013,51.5071],[-0.6995,51.5173],[-0.6889,51.5297],[-0.6856,51.5493],[-0.6968,51.5592],[-0.719,51.5633]],[[-0.719,51.5633],[-0.7432,51.562],[-0.7607,51.5555]],[[-0.7607,51.5555],[-0.7743,51.5568]],[[-0.7743,51.5568],[-0.8463,51.5425]],[[-0.6362,51.4937],[-0.6617,51.4916]]]}},{"type":"Feature","properties":{"name":"Slough - Buckinghamshire","adm0_name":"United Kingdom","adm0_a3":"GBR","min_zoom":10},"geometry":{"type":"MultiLineString","coordinates":[[[-0.5856,51.5205],[-0.6167,51.5302]],[[-0.6167,51.5302],[-0.6445,51.5263],[-0.6497,51.52],[-0.6434,51.5033],[-0.6362,51.4937]],[[-0.5576,51.5041],[-0.5614,51.5219],[-0.5686,51.5271]],[[-0.5686,51.5271],[-0.5798,51.5263],[-0.5856,51.5205]],[[-0.5128,51.4758],[-0.5208,51.488],[-0.5192,51.5],[-0.5236,51.5063]],[[-0.5236,51.5063],[-0.5576,51.5041]]]}},{"type":"Feature","properties":{"name":"Reading - Oxfordshire","adm0_name":"United Kingdom","adm0_a3":"GBR","min_zoom":10},"geometry":{"type":"MultiLineString","coordinates":[[[-0.9872,51.4531],[-1.0036,51.4593],[-1.0416,51.4822],[-1.0589,51.4872],[-1.0811,51.4891]],[[-0.9645,51.4547],[-0.9872,51.4531]]]}},{"type":"Feature","properties":{"name":"West Berkshire - Oxfordshire","adm0_name":"United Kingdom","adm0_a3":"GBR","min_zoom":10},"geometry":{"type":"MultiLineString","coordinates":[[[-1.2644,51.5324],[-1.2897,51.5486],[-1.3073,51.5533]],[[-1.3073,51.5533],[-1.322,51.55],[-1.3389,51.5372]],[[-1.4489,51.5327],[-1.4867,51.5469],[-1.5342,51.5505]],[[-1.5342,51.5505],[-1.5675,51.5458],[-1.5747,51.5405],[-1.5845,51.5174]],[[-1.3389,51.5372],[-1.3656,51.5449]],[[-1.3656,51.5449],[-1.3881,51.536]],[[-1.3881,51.536],[-1.4184,51.5402]],[[-1.4184,51.5402],[-1.4489,51.5327]],[[-1.1842,51.523],[-1.2031,51.5244],[-1.2269,51.5333]],[[-1.2269,51.5333],[-1.2644,51.5324]],[[-1.0811,51.4891],[-1.1034,51.4945],[-1.1232,51.5031],[-1.1381,51.5145],[-1.1466,51.5305]],[[-1.1466,51.5305],[-1.1842,51.523]]]}},{"type":"Feature","properties":{"name":"Wokingham - Oxfordshire","adm0_name":"United Kingdom","adm0_a3":"GBR","min_zoom":10},"geometry":{"type":"LineString","coordinates":[[-0.8871,51.5481],[-0.8836,51.5282],[-0.8789,51.5182],[-0.8741,51.5129],[-0.8732,51.5075],[-0.8805,51.4975],[-0.887,51.4912],[-0.9069,51.4764],[-0.9312,51.4698],[-0.9645,51.4547]]}},{"type":"Feature","properties":{"name":"Surrey - Hounslow","adm0_name":"United Kingdom","adm0_a3":"GBR","min_zoom":10},"geometry":{"type":"LineString","coordinates":[[-0.3844,51.4137],[-0.4003,51.4249],[-0.4317,51.4302],[-0.4403,51.438],[-0.4414,51.4539]]}},{"type":"Feature","properties":{"name":"Surrey - Richmond upon Thames","adm0_name":"United Kingdom","adm0_a3":"GBR","min_zoom":10},"geometry":{"type":"LineString","coordinates":[[-0.3067,51.3844],[-0.3117,51.3924],[-0.3344,51.3984],[-0.3492,51.3985],[-0.3496,51.3998],[-0.3739,51.4127],[-0.3844,51.4137]]}},{"type":"Feature","properties":{"name":"East Sussex - Surrey","adm0_name":"United Kingdom","adm0_a3":"GBR","min_zoom":10},"geometry":{"type":"LineString","coordinates":[[0.0627,51.1358],[0.0213,51.1358]]}},{"type":"Feature","properties":{"name":"Surrey - Hampshire","adm0_name":"United Kingdom","adm0_a3":"GBR","min_zoom":10},"geometry":{"type":"MultiLineString","coordinates":[[[-0.7653,51.3313],[-0.7297,51.2916],[-0.7253,51.2696],[-0.7311,51.2438],[-0.7484,51.2316]],[[-0.7484,51.2316],[-0.7995,51.2391]],[[-0.7995,51.2391],[-0.8164,51.2369],[-0.8292,51.226],[-0.84,51.2039],[-0.8245,51.1827],[-0.8236,51.1516],[-0.7909,51.1469],[-0.78,51.1235],[-0.747,51.1113],[-0.7442,51.1041],[-0.7537,51.0887]]]}},{"type":"Feature","properties":{"name":"West Sussex - Surrey","adm0_name":"United Kingdom","adm0_a3":"GBR","min_zoom":10},"geometry":{"type":"MultiLineString","coordinates":[[[-0.1192,51.1344],[-0.1361,51.138],[-0.1414,51.1522],[-0.182,51.1613]],[[-0.182,51.1613],[-0.3025,51.1166],[-0.3517,51.115],[-0.4206,51.0969],[-0.4756,51.0952],[-0.5031,51.0858]],[[-0.0534,51.1352],[-0.0761,51.1413]],[[-0.0761,51.1413],[-0.1192,51.1344]],[[0.0213,51.1358],[0,51.1365]],[[0,51.1365],[-0.0534,51.1352]],[[-0.5031,51.0858],[-0.5212,51.0888]],[[-0.5212,51.0888],[-0.5414,51.0791],[-0.6017,51.0761]],[[-0.6881,51.0708],[-0.7311,51.078],[-0.7537,51.0887]],[[-0.6017,51.0761],[-0.6267,51.0844]],[[-0.6267,51.0844],[-0.6642,51.0727],[-0.6881,51.0708]]]}},{"type":"Feature","properties":{"name":"Kent - Surrey","adm0_name":"United Kingdom","adm0_a3":"GBR","min_zoom":10},"geometry":{"type":"LineString","coordinates":[[0.0544,51.2899],[0.0558,51.2666],[0.0639,51.2422],[0.0444,51.2099],[0.0603,51.1816],[0.0566,51.168],[0.0627,51.1358]]}},{"type":"Feature","properties":{"name":"Surrey - Sutton","adm0_name":"United Kingdom","adm0_a3":"GBR","min_zoom":10},"geometry":{"type":"MultiLineString","coordinates":[[[-0.2195,51.3283],[-0.2181,51.353],[-0.2431,51.3736]],[[-0.1637,51.3196],[-0.1784,51.3391],[-0.1886,51.3397]],[[-0.1886,51.3397],[-0.2195,51.3283]]]}},{"type":"Feature","properties":{"name":"Buckinghamshire - Surrey","adm0_name":"United Kingdom","adm0_a3":"GBR","min_zoom":10},"geometry":{"type":"LineString","coordinates":[[-0.5128,51.4758],[-0.4972,51.4778]]}},{"type":"Feature","properties":{"name":"Surrey - Hillingdon","adm0_name":"United Kingdom","adm0_a3":"GBR","min_zoom":10},"geometry":{"type":"LineString","coordinates":[[-0.4414,51.4539],[-0.4737,51.4588],[-0.4972,51.4778]]}},{"type":"Feature","properties":{"name":"Surrey - Croydon","adm0_name":"United Kingdom","adm0_a3":"GBR","min_zoom":10},"geometry":{"type":"MultiLineString","coordinates":[[[0.0131,51.3207],[0,51.3295],[-0.0267,51.3308]],[[-0.0267,51.3308],[-0.0467,51.3155]],[[-0.1281,51.2891],[-0.1511,51.303],[-0.1637,51.3196]],[[-0.0467,51.3155],[-0.0656,51.3163]],[[-0.0656,51.3163],[-0.0847,51.311],[-0.102,51.2927],[-0.1281,51.2891]]]}},{"type":"Feature","properties":{"name":"Kingston upon Thames - Surrey","adm0_name":"United Kingdom","adm0_a3":"GBR","min_zoom":10},"geometry":{"type":"MultiLineString","coordinates":[[[-0.3067,51.3844],[-0.2981,51.3705],[-0.315,51.3472],[-0.3122,51.3241]],[[-0.3122,51.3241],[-0.2934,51.3289],[-0.2683,51.3616],[-0.2431,51.3736]]]}},{"type":"Feature","properties":{"name":"Bromley - Surrey","adm0_name":"United Kingdom","adm0_a3":"GBR","min_zoom":10},"geometry":{"type":"MultiLineString","coordinates":[[[0.0131,51.3207],[0.0163,51.3185],[0.0225,51.2897]],[[0.0483,51.295],[0.0544,51.2899]],[[0.0225,51.2897],[0.0483,51.295]]]}},{"type":"Feature","properties":{"name":"Surrey - Bracknell Forest","adm0_name":"United Kingdom","adm0_a3":"GBR","min_zoom":10},"geometry":{"type":"LineString","coordinates":[[-0.6987,51.3669],[-0.7209,51.3638],[-0.7653,51.3313]]}},{"type":"Feature","properties":{"name":"Surrey - Royal Borough of Windsor and Maidenhead","adm0_name":"United Kingdom","adm0_a3":"GBR","min_zoom":10},"geometry":{"type":"LineString","coordinates":[[-0.5757,51.4456],[-0.5903,51.4263],[-0.5989,51.4036],[-0.6197,51.3877],[-0.6581,51.3822],[-0.6987,51.3669]]}},{"type":"Feature","properties":{"name":"Surrey - Slough","adm0_name":"United Kingdom","adm0_a3":"GBR","min_zoom":10},"geometry":{"type":"MultiLineString","coordinates":[[[-0.5128,51.4758],[-0.5212,51.4502],[-0.5184,51.4394],[-0.5316,51.4337]],[[-0.5316,51.4337],[-0.5757,51.4456]]]}},{"type":"Feature","properties":{"name":"Lancashire - Blackburn with Darwen","adm0_name":"United Kingdom","adm0_a3":"GBR","min_zoom":10},"geometry":{"type":"MultiLineString","coordinates":[[[-2.4466,53.7726],[-2.4181,53.7655],[-2.3995,53.738],[-2.3799,53.7077],[-2.3622,53.6749],[-2.3566,53.6646]],[[-2.5044,53.627],[-2.5132,53.6358],[-2.5265,53.6535],[-2.5283,53.6757],[-2.5292,53.6953],[-2.5283,53.7193],[-2.5256,53.738],[-2.5123,53.7522],[-2.4963,53.7619],[-2.4688,53.769],[-2.4466,53.7726]]]}},{"type":"Feature","properties":{"name":"Swindon - Gloucestershire","adm0_name":"United Kingdom","adm0_a3":"GBR","min_zoom":10},"geometry":{"type":"MultiLineString","coordinates":[[[-1.6833,51.6786],[-1.7011,51.681]],[[-1.7011,51.681],[-1.7245,51.6627],[-1.7497,51.6588]]]}},{"type":"Feature","properties":{"name":"Oxfordshire - Swindon","adm0_name":"United Kingdom","adm0_a3":"GBR","min_zoom":10},"geometry":{"type":"MultiLineString","coordinates":[[[-1.6833,51.6786],[-1.6867,51.6691],[-1.6839,51.6505],[-1.6545,51.6319],[-1.6597,51.6111],[-1.6778,51.5997],[-1.6753,51.5727],[-1.6684,51.568]],[[-1.6467,51.5685],[-1.6028,51.5202],[-1.5845,51.5174]],[[-1.6684,51.568],[-1.6467,51.5685]]]}},{"type":"Feature","properties":{"name":"West Berkshire - Swindon","adm0_name":"United Kingdom","adm0_a3":"GBR","min_zoom":10},"geometry":{"type":"LineString","coordinates":[[-1.5845,51.5174],[-1.5804,51.503]]}},{"type":"Feature","properties":{"name":"Somerset - Bath and North East Somerset","adm0_name":"United Kingdom","adm0_a3":"GBR","min_zoom":10},"geometry":{"type":"MultiLineString","coordinates":[[[-2.2901,51.3249],[-2.3458,51.2999],[-2.405,51.2994],[-2.4231,51.2822],[-2.4581,51.273]],[[-2.6209,51.283],[-2.6339,51.2885],[-2.6392,51.2986],[-2.6628,51.3027],[-2.6684,51.3119],[-2.7127,51.3198]],[[-2.4581,51.273],[-2.4884,51.2758],[-2.4931,51.2894],[-2.5395,51.2999]],[[-2.5395,51.2999],[-2.567,51.296],[-2.5914,51.283],[-2.6209,51.283]]]}},{"type":"Feature","properties":{"name":"Bath and North East Somerset - Bristol","adm0_name":"United Kingdom","adm0_a3":"GBR","min_zoom":10},"geometry":{"type":"MultiLineString","coordinates":[[[-2.5227,51.4188],[-2.5275,51.4082],[-2.5395,51.3935],[-2.5623,51.3801],[-2.6064,51.3801]],[[-2.6064,51.3801],[-2.6335,51.3821]]]}},{"type":"Feature","properties":{"name":"Bath and North East Somerset - North Somerset","adm0_name":"United Kingdom","adm0_a3":"GBR","min_zoom":10},"geometry":{"type":"MultiLineString","coordinates":[[[-2.6335,51.3821],[-2.6372,51.3681],[-2.6466,51.3493],[-2.6546,51.344],[-2.668,51.3413],[-2.6801,51.3413]],[[-2.6801,51.3413],[-2.6908,51.3453],[-2.7015,51.3534]],[[-2.7015,51.3534],[-2.7095,51.3534],[-2.7149,51.3426],[-2.7122,51.3266],[-2.7127,51.3198]]]}},{"type":"Feature","properties":{"name":"Bath and North East Somerset - South Gloucestershire","adm0_name":"United Kingdom","adm0_a3":"GBR","min_zoom":10},"geometry":{"type":"MultiLineString","coordinates":[[[-2.2807,51.4203],[-2.3254,51.4149],[-2.3977,51.4029]],[[-2.474,51.4042],[-2.5034,51.4055],[-2.5227,51.4188]],[[-2.3977,51.4029],[-2.4418,51.4042]],[[-2.4418,51.4042],[-2.474,51.4042]]]}},{"type":"Feature","properties":{"name":"Gloucestershire - Wiltshire","adm0_name":"United Kingdom","adm0_a3":"GBR","min_zoom":10},"geometry":{"type":"MultiLineString","coordinates":[[[-1.8061,51.698],[-1.7959,51.6944],[-1.7774,51.6604],[-1.7583,51.6574]],[[-1.8328,51.6566],[-1.8167,51.6697],[-1.8117,51.6925],[-1.8061,51.698]],[[-1.8664,51.6733],[-1.8328,51.6566]],[[-1.8748,51.6408],[-1.8692,51.6463],[-1.8872,51.6624],[-1.8881,51.6725],[-1.8664,51.6733]],[[-2.0573,51.6641],[-1.9881,51.6458],[-1.9683,51.6344]],[[-2.1489,51.5894],[-2.1011,51.6202],[-2.0573,51.6641]],[[-1.94,51.663],[-1.8956,51.6516],[-1.8748,51.6408]],[[-1.9683,51.6344],[-1.9487,51.6399],[-1.9495,51.6602],[-1.94,51.663]],[[-1.7583,51.6574],[-1.7497,51.6588]],[[-2.1917,51.5983],[-2.1489,51.5894]],[[-2.2716,51.5772],[-2.24,51.5791],[-2.1917,51.5983]]]}},{"type":"Feature","properties":{"name":"Wiltshire - Hampshire","adm0_name":"United Kingdom","adm0_a3":"GBR","min_zoom":10},"geometry":{"type":"MultiLineString","coordinates":[[[-1.5384,51.2449],[-1.5278,51.2524],[-1.5392,51.2755],[-1.52,51.3025],[-1.5267,51.3297],[-1.487,51.3324]],[[-1.5797,51.2577],[-1.5384,51.2449]],[[-1.6281,51.2341],[-1.6148,51.2386],[-1.6,51.2524],[-1.5797,51.2577]],[[-1.6806,51.24],[-1.6281,51.2341]],[[-1.655,50.9502],[-1.6106,50.9597],[-1.5997,50.9769],[-1.6214,50.9947],[-1.6156,51.0052],[-1.5967,51.0175],[-1.6028,51.0263],[-1.622,51.0341],[-1.6203,51.0541],[-1.6314,51.0861],[-1.622,51.1083],[-1.6289,51.1172],[-1.6528,51.1263],[-1.6478,51.15],[-1.655,51.1713],[-1.6853,51.2052],[-1.6965,51.2366],[-1.6806,51.24]],[[-1.8376,51.0091],[-1.8108,50.9927],[-1.7667,50.9866],[-1.7406,50.978],[-1.6981,50.975],[-1.6708,50.9547],[-1.655,50.9502]],[[-1.8578,50.9947],[-1.8473,51.0072],[-1.8376,51.0091]],[[-1.8689,51.0058],[-1.8647,51.0041],[-1.8686,50.9961],[-1.8578,50.9947]],[[-1.9501,50.9883],[-1.9264,50.9995],[-1.8689,51.0058]]]}},{"type":"Feature","properties":{"name":"Wiltshire - Somerset","adm0_name":"United Kingdom","adm0_a3":"GBR","min_zoom":10},"geometry":{"type":"MultiLineString","coordinates":[[[-2.2803,51.3266],[-2.267,51.3163],[-2.2747,51.3066],[-2.2711,51.2958],[-2.2428,51.2852],[-2.2362,51.2641],[-2.2525,51.2447],[-2.2662,51.2088],[-2.3489,51.1177],[-2.352,51.1052],[-2.3475,51.0949],[-2.3217,51.0833]],[[-2.2901,51.3249],[-2.2803,51.3266]]]}},{"type":"Feature","properties":{"name":"Dorset - Wiltshire","adm0_name":"United Kingdom","adm0_a3":"GBR","min_zoom":10},"geometry":{"type":"MultiLineString","coordinates":[[[-2.0992,50.9558],[-2.1136,50.9652],[-2.1234,50.9811],[-2.1442,50.986],[-2.1942,51.0438],[-2.2242,51.0655],[-2.2386,51.0714],[-2.2642,51.0716],[-2.2881,51.0802],[-2.3217,51.0833]],[[-1.9501,50.9883],[-1.9703,50.9927]],[[-1.9703,50.9927],[-1.9962,50.9775],[-2.0334,50.9716],[-2.0589,50.9599],[-2.0992,50.9558]]]}},{"type":"Feature","properties":{"name":"South Gloucestershire - Wiltshire","adm0_name":"United Kingdom","adm0_a3":"GBR","min_zoom":10},"geometry":{"type":"MultiLineString","coordinates":[[[-2.3109,51.48],[-2.3206,51.4838],[-2.3133,51.4938],[-2.2806,51.5099],[-2.2453,51.5186],[-2.262,51.5472],[-2.2614,51.5677],[-2.2716,51.5772]],[[-2.2807,51.4203],[-2.2875,51.4597],[-2.2822,51.4749],[-2.287,51.4813]],[[-2.287,51.4813],[-2.3109,51.48]]]}},{"type":"Feature","properties":{"name":"Wiltshire - West Berkshire","adm0_name":"United Kingdom","adm0_a3":"GBR","min_zoom":10},"geometry":{"type":"LineString","coordinates":[[-1.487,51.3324],[-1.4858,51.3438],[-1.497,51.3544],[-1.4981,51.3661],[-1.5334,51.3774],[-1.5634,51.4122],[-1.5533,51.4202],[-1.522,51.4258],[-1.5211,51.4341],[-1.5284,51.4513],[-1.5506,51.4614],[-1.5764,51.4888],[-1.5804,51.503]]}},{"type":"Feature","properties":{"name":"Swindon - Wiltshire","adm0_name":"United Kingdom","adm0_a3":"GBR","min_zoom":10},"geometry":{"type":"MultiLineString","coordinates":[[[-1.7497,51.6588],[-1.7566,51.6422],[-1.7722,51.6292],[-1.7931,51.6049],[-1.8182,51.5807],[-1.8312,51.5659],[-1.8391,51.5468],[-1.8399,51.5234],[-1.8347,51.5078],[-1.8104,51.48],[-1.7861,51.4696],[-1.761,51.4627],[-1.7306,51.4601]],[[-1.7306,51.4601],[-1.6977,51.4601],[-1.6708,51.4687],[-1.6343,51.48],[-1.6005,51.4904],[-1.5804,51.503]]]}},{"type":"Feature","properties":{"name":"Wiltshire - Bath and North East Somerset","adm0_name":"United Kingdom","adm0_a3":"GBR","min_zoom":10},"geometry":{"type":"LineString","coordinates":[[-2.2807,51.4203],[-2.277,51.3991],[-2.287,51.3861],[-2.28,51.3724],[-2.3337,51.3469],[-2.3272,51.3424],[-2.2967,51.3402],[-2.2901,51.3249]]}},{"type":"Feature","properties":{"name":"Lancashire - Calderdale","adm0_name":"United Kingdom","adm0_a3":"GBR","min_zoom":10},"geometry":{"type":"LineString","coordinates":[[-2.1514,53.6965],[-2.1492,53.7052],[-2.1598,53.7255],[-2.1214,53.7552],[-2.1206,53.7913],[-2.0956,53.8105],[-2.0473,53.8244],[-2.0372,53.8333],[-2.0326,53.8476]]}},{"type":"Feature","properties":{"name":"Kirklees - Derbyshire","adm0_name":"United Kingdom","adm0_a3":"GBR","min_zoom":10},"geometry":{"type":"LineString","coordinates":[[-1.8972,53.533],[-1.8708,53.5322],[-1.8161,53.5161]]}},{"type":"Feature","properties":{"name":"Nottingham - Nottinghamshire","adm0_name":"United Kingdom","adm0_a3":"GBR","min_zoom":10},"geometry":{"type":"MultiLineString","coordinates":[[[-1.171,52.8723],[-1.1426,52.8926],[-1.1041,52.9189],[-1.103,52.9402],[-1.1162,52.9615],[-1.1355,52.9818],[-1.1609,52.995]],[[-1.1609,52.995],[-1.1923,52.992],[-1.2176,52.9696],[-1.2278,52.9443],[-1.2288,52.9159],[-1.2126,52.8926],[-1.2004,52.8794],[-1.171,52.8723]]]}},{"type":"Feature","properties":{"name":"Leicester - Leicestershire","adm0_name":"United Kingdom","adm0_a3":"GBR","min_zoom":10},"geometry":{"type":"MultiLineString","coordinates":[[[-1.1221,52.5653],[-1.0642,52.5955],[-1.0567,52.6231],[-1.0718,52.6483],[-1.1196,52.6559]],[[-1.1196,52.6559],[-1.1598,52.6559],[-1.1799,52.6382],[-1.1799,52.6181],[-1.1674,52.5753],[-1.1221,52.5653]]]}},{"type":"Feature","properties":{"name":"Derby - Derbyshire","adm0_name":"United Kingdom","adm0_a3":"GBR","min_zoom":10},"geometry":{"type":"MultiLineString","coordinates":[[[-1.4316,52.8418],[-1.4209,52.8526],[-1.4057,52.872],[-1.3971,52.8925],[-1.4015,52.9098],[-1.4219,52.9227],[-1.4532,52.9346],[-1.4867,52.9378]],[[-1.4867,52.9378],[-1.5028,52.9303],[-1.5212,52.9141],[-1.5384,52.8979],[-1.546,52.8764],[-1.4942,52.8472],[-1.4586,52.8429],[-1.4316,52.8418]]]}},{"type":"Feature","properties":{"name":"Kumamoto - Kagoshima","adm0_name":"Japan","adm0_a3":"JPN","min_zoom":7},"geometry":{"type":"LineString","coordinates":[[130.3447,32.1618],[130.3448,32.1617]]}},{"type":"Feature","properties":{"name":"Argyll and Bute - Highland","adm0_name":"United Kingdom","adm0_a3":"GBR","min_zoom":10},"geometry":{"type":"LineString","coordinates":[[-5.3045,56.6402],[-5.3045,56.6402],[-5.3045,56.6402]]}},{"type":"Feature","properties":{"name":"Islington - City","adm0_name":"United Kingdom","adm0_a3":"GBR","min_zoom":10},"geometry":{"type":"LineString","coordinates":[[-0.1025,51.5235],[-0.0976,51.5257],[-0.093,51.5262],[-0.0874,51.5269]]}},{"type":"Feature","properties":{"name":"Lancashire - Blackpool","adm0_name":"United Kingdom","adm0_a3":"GBR","min_zoom":10},"geometry":{"type":"LineString","coordinates":[[-3.0176,53.932],[-2.9674,53.8962],[-2.9453,53.8476],[-2.9541,53.8078],[-3.0215,53.7458]]}},{"type":"Feature","properties":{"name":"Newcastle upon Tyne - Gateshead","adm0_name":"United Kingdom","adm0_a3":"GBR","min_zoom":10},"geometry":{"type":"LineString","coordinates":[[-1.7495,55.0027],[-1.7099,54.9951],[-1.6568,54.9766],[-1.5766,54.9615],[-1.5322,54.9539]]}},{"type":"Feature","properties":{"name":"South Tyneside - Gateshead","adm0_name":"United Kingdom","adm0_a3":"GBR","min_zoom":10},"geometry":{"type":"LineString","coordinates":[[-1.5322,54.9539],[-1.5192,54.9398],[-1.5257,54.9214]]}},{"type":"Feature","properties":{"name":"Sunderland - Gateshead","adm0_name":"United Kingdom","adm0_a3":"GBR","min_zoom":10},"geometry":{"type":"LineString","coordinates":[[-1.5257,54.9214],[-1.5571,54.9192],[-1.5773,54.886]]}},{"type":"Feature","properties":{"name":"Newcastle upon Tyne - South Tyneside","adm0_name":"United Kingdom","adm0_a3":"GBR","min_zoom":10},"geometry":{"type":"LineString","coordinates":[[-1.5322,54.9539],[-1.5181,54.968],[-1.49,54.9831]]}},{"type":"Feature","properties":{"name":"North Tyneside - South Tyneside","adm0_name":"United Kingdom","adm0_a3":"GBR","min_zoom":10},"geometry":{"type":"LineString","coordinates":[[-1.49,54.9831],[-1.4129,55.0003]]}},{"type":"Feature","properties":{"name":"North Tyneside - Newcastle upon Tyne","adm0_name":"United Kingdom","adm0_a3":"GBR","min_zoom":10},"geometry":{"type":"LineString","coordinates":[[-1.6493,55.0677],[-1.6265,55.0449],[-1.5691,55.0156],[-1.49,54.9831]]}},{"type":"Feature","properties":{"name":"South Tyneside - Sunderland","adm0_name":"United Kingdom","adm0_a3":"GBR","min_zoom":10},"geometry":{"type":"MultiLineString","coordinates":[[[-1.5257,54.9214],[-1.4943,54.9171],[-1.4575,54.9095]],[[-1.3968,54.9203],[-1.3603,54.9171]],[[-1.4575,54.9095],[-1.3968,54.9203]]]}},{"type":"Feature","properties":{"name":"Kirklees - Calderdale","adm0_name":"United Kingdom","adm0_a3":"GBR","min_zoom":10},"geometry":{"type":"LineString","coordinates":[[-1.7564,53.7388],[-1.7389,53.7037],[-1.8227,53.6706],[-1.8753,53.6628],[-2.0239,53.6394]]}},{"type":"Feature","properties":{"name":"Bradford - Leeds","adm0_name":"United Kingdom","adm0_a3":"GBR","min_zoom":10},"geometry":{"type":"LineString","coordinates":[[-1.6472,53.7641],[-1.6258,53.7895],[-1.6765,53.7934],[-1.6765,53.8538],[-1.7286,53.9027]]}},{"type":"Feature","properties":{"name":"Wakefield - Kirklees","adm0_name":"United Kingdom","adm0_a3":"GBR","min_zoom":10},"geometry":{"type":"LineString","coordinates":[[-1.581,53.7018],[-1.5888,53.6608],[-1.6199,53.6491],[-1.6141,53.6062],[-1.6003,53.5741]]}},{"type":"Feature","properties":{"name":"Leeds - Wakefield","adm0_name":"United Kingdom","adm0_a3":"GBR","min_zoom":10},"geometry":{"type":"MultiLineString","coordinates":[[[-1.4152,53.694],[-1.3314,53.7174],[-1.3069,53.738]],[[-1.5283,53.7115],[-1.4659,53.7057],[-1.4152,53.694]],[[-1.581,53.7018],[-1.5283,53.7115]]]}},{"type":"Feature","properties":{"name":"Rotherham - Sheffield","adm0_name":"United Kingdom","adm0_a3":"GBR","min_zoom":10},"geometry":{"type":"LineString","coordinates":[[-1.4061,53.411],[-1.3949,53.3832],[-1.3937,53.3252]]}},{"type":"Feature","properties":{"name":"Barnsley - Sheffield","adm0_name":"United Kingdom","adm0_a3":"GBR","min_zoom":10},"geometry":{"type":"MultiLineString","coordinates":[[[-1.8161,53.5161],[-1.5897,53.4973],[-1.5591,53.4694],[-1.5118,53.4667]],[[-1.4645,53.4694],[-1.4478,53.4305],[-1.4283,53.411]],[[-1.5118,53.4667],[-1.4645,53.4694]],[[-1.4283,53.411],[-1.4061,53.411]]]}},{"type":"Feature","properties":{"name":"Barnsley - Rotherham","adm0_name":"United Kingdom","adm0_a3":"GBR","min_zoom":10},"geometry":{"type":"LineString","coordinates":[[-1.4061,53.411],[-1.4061,53.4444],[-1.3699,53.4694],[-1.3254,53.4778]]}},{"type":"Feature","properties":{"name":"Barnsley - Doncaster","adm0_name":"United Kingdom","adm0_a3":"GBR","min_zoom":10},"geometry":{"type":"LineString","coordinates":[[-1.3254,53.4778],[-1.2947,53.514],[-1.3254,53.5418],[-1.3445,53.5808]]}},{"type":"Feature","properties":{"name":"Doncaster - Rotherham","adm0_name":"United Kingdom","adm0_a3":"GBR","min_zoom":10},"geometry":{"type":"LineString","coordinates":[[-1.3254,53.4778],[-1.2586,53.4694],[-1.2419,53.4333],[-1.1806,53.3999],[-1.1181,53.3786]]}},{"type":"Feature","properties":{"name":"Salford - Wigan","adm0_name":"United Kingdom","adm0_a3":"GBR","min_zoom":10},"geometry":{"type":"LineString","coordinates":[[-2.5114,53.5382],[-2.5016,53.5149],[-2.485,53.4622]]}},{"type":"Feature","properties":{"name":"Bolton - Salford","adm0_name":"United Kingdom","adm0_a3":"GBR","min_zoom":10},"geometry":{"type":"MultiLineString","coordinates":[[[-2.4412,53.5538],[-2.3721,53.5343]],[[-2.5114,53.5382],[-2.4412,53.5538]],[[-2.3721,53.5343],[-2.3355,53.5343]]]}},{"type":"Feature","properties":{"name":"Trafford - Salford","adm0_name":"United Kingdom","adm0_a3":"GBR","min_zoom":10},"geometry":{"type":"MultiLineString","coordinates":[[[-2.3204,53.4524],[-2.3678,53.4588]],[[-2.3678,53.4588],[-2.4088,53.4524],[-2.4467,53.4188]]]}},{"type":"Feature","properties":{"name":"Manchester - Trafford","adm0_name":"United Kingdom","adm0_a3":"GBR","min_zoom":10},"geometry":{"type":"LineString","coordinates":[[-2.3204,53.4524],[-2.3031,53.4265],[-2.316,53.4071],[-2.3311,53.3876],[-2.3167,53.3599]]}},{"type":"Feature","properties":{"name":"Rochdale - Oldham","adm0_name":"United Kingdom","adm0_a3":"GBR","min_zoom":10},"geometry":{"type":"LineString","coordinates":[[-2.1823,53.5257],[-2.1521,53.5667],[-2.096,53.5861],[-1.9881,53.6147]]}},{"type":"Feature","properties":{"name":"Tameside - Oldham","adm0_name":"United Kingdom","adm0_a3":"GBR","min_zoom":10},"geometry":{"type":"MultiLineString","coordinates":[[[-1.9778,53.4688],[-2.0334,53.4933],[-2.1046,53.5085]],[[-2.1046,53.5085],[-2.1607,53.4826],[-2.2039,53.4761]]]}},{"type":"Feature","properties":{"name":"Tameside - Stockport","adm0_name":"United Kingdom","adm0_a3":"GBR","min_zoom":10},"geometry":{"type":"MultiLineString","coordinates":[[[-2.2254,53.4373],[-2.1801,53.4286],[-2.124,53.4092]],[[-2.124,53.4092],[-2.055,53.4092],[-2.0117,53.4125]]]}},{"type":"Feature","properties":{"name":"Rochdale - Manchester","adm0_name":"United Kingdom","adm0_a3":"GBR","min_zoom":10},"geometry":{"type":"LineString","coordinates":[[-2.2513,53.5494],[-2.1823,53.5257]]}},{"type":"Feature","properties":{"name":"Bury - Salford","adm0_name":"United Kingdom","adm0_a3":"GBR","min_zoom":10},"geometry":{"type":"LineString","coordinates":[[-2.3355,53.5343],[-2.3053,53.5041]]}},{"type":"Feature","properties":{"name":"Knowsley - Sefton","adm0_name":"United Kingdom","adm0_a3":"GBR","min_zoom":10},"geometry":{"type":"LineString","coordinates":[[-2.8961,53.5224],[-2.9078,53.5051],[-2.9328,53.4933]]}},{"type":"Feature","properties":{"name":"Liverpool - Sefton","adm0_name":"United Kingdom","adm0_a3":"GBR","min_zoom":10},"geometry":{"type":"LineString","coordinates":[[-2.9328,53.4933],[-2.9696,53.4867],[-3.0064,53.4841],[-3.0482,53.481]]}},{"type":"Feature","properties":{"name":"Knowsley - Liverpool","adm0_name":"United Kingdom","adm0_a3":"GBR","min_zoom":10},"geometry":{"type":"LineString","coordinates":[[-2.9328,53.4933],[-2.8986,53.4656],[-2.8868,53.4315],[-2.9052,53.4196],[-2.8986,53.4065],[-2.8736,53.3973],[-2.8776,53.3736],[-2.8759,53.3312]]}},{"type":"Feature","properties":{"name":"Merseyside - Knowsley","adm0_name":"United Kingdom","adm0_a3":"GBR","min_zoom":10},"geometry":{"type":"LineString","coordinates":[[-2.8156,53.4911],[-2.8039,53.467],[-2.7947,53.4301],[-2.7934,53.4025],[-2.7547,53.3781]]}},{"type":"Feature","properties":{"name":"Coventry - Solihull","adm0_name":"United Kingdom","adm0_a3":"GBR","min_zoom":10},"geometry":{"type":"LineString","coordinates":[[-1.6195,52.4444],[-1.64,52.3508]]}},{"type":"Feature","properties":{"name":"Solihull - Birmingham","adm0_name":"United Kingdom","adm0_a3":"GBR","min_zoom":10},"geometry":{"type":"LineString","coordinates":[[-1.7411,52.4975],[-1.7902,52.4934],[-1.789,52.4768],[-1.7665,52.4626],[-1.7713,52.4176],[-1.808,52.4117],[-1.8353,52.3806]]}},{"type":"Feature","properties":{"name":"Dudley - Sandwell","adm0_name":"United Kingdom","adm0_a3":"GBR","min_zoom":10},"geometry":{"type":"MultiLineString","coordinates":[[[-2.0758,52.478],[-2.0901,52.4887],[-2.0664,52.5171],[-2.0794,52.5456],[-2.0782,52.5574]],[[-2.0261,52.4638],[-2.0391,52.4804]],[[-2.0391,52.4804],[-2.0758,52.478]]]}},{"type":"Feature","properties":{"name":"Wolverhampton - Walsall","adm0_name":"United Kingdom","adm0_a3":"GBR","min_zoom":10},"geometry":{"type":"LineString","coordinates":[[-2.0557,52.5681],[-2.0344,52.5859],[-2.0509,52.6174]]}},{"type":"Feature","properties":{"name":"Walsall - Sandwell","adm0_name":"United Kingdom","adm0_a3":"GBR","min_zoom":10},"geometry":{"type":"MultiLineString","coordinates":[[[-2.0557,52.5681],[-2.0415,52.5539]],[[-1.9893,52.5657],[-1.9218,52.5598],[-1.9028,52.5468]],[[-2.0415,52.5539],[-1.9893,52.5657]]]}},{"type":"Feature","properties":{"name":"Birmingham - Sandwell","adm0_name":"United Kingdom","adm0_a3":"GBR","min_zoom":10},"geometry":{"type":"MultiLineString","coordinates":[[[-1.9028,52.5468],[-1.9147,52.5278],[-1.9443,52.5219],[-1.9644,52.4946],[-1.9455,52.4828],[-1.9633,52.4626],[-1.9952,52.4591]],[[-1.9952,52.4591],[-2.0261,52.4638]]]}},{"type":"Feature","properties":{"name":"Bedford - Central Bedfordshire","adm0_name":"United Kingdom","adm0_a3":"GBR","min_zoom":10},"geometry":{"type":"MultiLineString","coordinates":[[[-0.3935,52.0665],[-0.3385,52.105],[-0.344,52.1435],[-0.3247,52.1792],[-0.2531,52.1919]],[[-0.5737,52.0966],[-0.5035,52.072]],[[-0.4595,52.0775],[-0.3935,52.0665]],[[-0.5035,52.072],[-0.4595,52.0775]]]}},{"type":"Feature","properties":{"name":"Slough - Royal Borough of Windsor and Maidenhead","adm0_name":"United Kingdom","adm0_a3":"GBR","min_zoom":10},"geometry":{"type":"MultiLineString","coordinates":[[[-0.6036,51.4941],[-0.5905,51.4873],[-0.5791,51.4755],[-0.5757,51.4456]],[[-0.6362,51.4937],[-0.6036,51.4941]]]}},{"type":"Feature","properties":{"name":"Bracknell Forest - Wokingham","adm0_name":"United Kingdom","adm0_a3":"GBR","min_zoom":10},"geometry":{"type":"LineString","coordinates":[[-0.828,51.4697],[-0.8115,51.4367],[-0.8142,51.3982],[-0.8417,51.3707],[-0.8529,51.3501]]}},{"type":"Feature","properties":{"name":"Royal Borough of Windsor and Maidenhead - Bracknell Forest","adm0_name":"United Kingdom","adm0_a3":"GBR","min_zoom":10},"geometry":{"type":"LineString","coordinates":[[-0.828,51.4697],[-0.7757,51.4642],[-0.7125,51.4532],[-0.6822,51.4312],[-0.6795,51.4037],[-0.7152,51.3927],[-0.6987,51.3669]]}},{"type":"Feature","properties":{"name":"Wokingham - Reading","adm0_name":"United Kingdom","adm0_a3":"GBR","min_zoom":10},"geometry":{"type":"LineString","coordinates":[[-0.9645,51.4547],[-0.9848,51.4229],[-1.026,51.4119],[-1.0535,51.4119]]}},{"type":"Feature","properties":{"name":"West Berkshire - Reading","adm0_name":"United Kingdom","adm0_a3":"GBR","min_zoom":10},"geometry":{"type":"LineString","coordinates":[[-1.0535,51.4119],[-1.0838,51.4339],[-1.0811,51.4891]]}},{"type":"Feature","properties":{"name":"Barnet - Enfield","adm0_name":"United Kingdom","adm0_a3":"GBR","min_zoom":10},"geometry":{"type":"LineString","coordinates":[[-0.1305,51.6078],[-0.12,51.6279],[-0.166,51.6514],[-0.1654,51.6713]]}},{"type":"Feature","properties":{"name":"Enfield - Haringey","adm0_name":"United Kingdom","adm0_a3":"GBR","min_zoom":10},"geometry":{"type":"LineString","coordinates":[[-0.1305,51.6078],[-0.03,51.6011]]}},{"type":"Feature","properties":{"name":"Barnet - Haringey","adm0_name":"United Kingdom","adm0_a3":"GBR","min_zoom":10},"geometry":{"type":"MultiLineString","coordinates":[[[-0.1385,51.5954],[-0.137,51.5958],[-0.1359,51.5965],[-0.1339,51.599],[-0.1332,51.6031],[-0.1329,51.6038],[-0.1311,51.6062],[-0.1305,51.6078]],[[-0.146,51.6012],[-0.1455,51.6011],[-0.1449,51.6008],[-0.1434,51.599],[-0.1426,51.5972],[-0.1411,51.5958],[-0.14,51.5955],[-0.1385,51.5954]],[[-0.1627,51.5664],[-0.1595,51.5781],[-0.1592,51.5787],[-0.1579,51.5796],[-0.151,51.5813],[-0.1478,51.583],[-0.1472,51.5836],[-0.1461,51.5859],[-0.146,51.5872],[-0.1489,51.5972],[-0.149,51.5977],[-0.1489,51.5981],[-0.1484,51.5992],[-0.1471,51.6008],[-0.1465,51.6011],[-0.146,51.6012]]]}},{"type":"Feature","properties":{"name":"Cheshire East - Cheshire West and Chester","adm0_name":"United Kingdom","adm0_a3":"GBR","min_zoom":10},"geometry":{"type":"MultiLineString","coordinates":[[[-2.509,53.3309],[-2.4753,53.2829],[-2.4216,53.2575],[-2.4103,53.232],[-2.4329,53.2066],[-2.4499,53.1812]],[[-2.4499,53.1812],[-2.4866,53.1868]],[[-2.4866,53.1868],[-2.4923,53.1699],[-2.4894,53.1473],[-2.5488,53.1275],[-2.6138,53.1077],[-2.6534,53.0907],[-2.6675,53.0483],[-2.6449,53.037],[-2.6194,53.0286],[-2.6194,53.0116],[-2.6228,52.9858]]]}},{"type":"Feature","properties":{"name":"Cheshire West and Chester - Halton","adm0_name":"United Kingdom","adm0_a3":"GBR","min_zoom":10},"geometry":{"type":"MultiLineString","coordinates":[[[-2.5694,53.3123],[-2.6279,53.2942]],[[-2.7353,53.2914],[-2.7755,53.2999]],[[-2.6279,53.2942],[-2.6957,53.297]],[[-2.6957,53.297],[-2.7353,53.2914]]]}},{"type":"Feature","properties":{"name":"Cheshire East - Warrington","adm0_name":"United Kingdom","adm0_a3":"GBR","min_zoom":10},"geometry":{"type":"LineString","coordinates":[[-2.4288,53.3803],[-2.4342,53.3727],[-2.4471,53.355],[-2.509,53.3309]]}},{"type":"Feature","properties":{"name":"Cheshire West and Chester - Warrington","adm0_name":"United Kingdom","adm0_a3":"GBR","min_zoom":10},"geometry":{"type":"LineString","coordinates":[[-2.509,53.3309],[-2.5316,53.3196],[-2.555,53.3123],[-2.5694,53.3123]]}},{"type":"Feature","properties":{"name":"Halton - Warrington","adm0_name":"United Kingdom","adm0_a3":"GBR","min_zoom":10},"geometry":{"type":"LineString","coordinates":[[-2.5694,53.3123],[-2.5807,53.3155],[-2.5904,53.3252],[-2.6057,53.3381],[-2.6137,53.3405],[-2.6291,53.3421],[-2.6629,53.3574],[-2.6806,53.3788]]}},{"type":"Feature","properties":{"name":"Kirklees - Rochdale","adm0_name":"United Kingdom","adm0_a3":"GBR","min_zoom":10},"geometry":{"type":"LineString","coordinates":[[-2.0239,53.6394],[-2.017,53.6186],[-1.9881,53.6147]]}},{"type":"Feature","properties":{"name":"Kirklees - Oldham","adm0_name":"United Kingdom","adm0_a3":"GBR","min_zoom":10},"geometry":{"type":"LineString","coordinates":[[-1.9881,53.6147],[-1.977,53.5938],[-1.9378,53.568],[-1.8972,53.533]]}},{"type":"Feature","properties":{"name":"Calderdale - Rochdale","adm0_name":"United Kingdom","adm0_a3":"GBR","min_zoom":10},"geometry":{"type":"MultiLineString","coordinates":[[[-2.1514,53.6965],[-2.1423,53.6941],[-2.1317,53.6822]],[[-2.0464,53.6841],[-2.0436,53.6738],[-2.0314,53.6633],[-2.035,53.6469],[-2.0239,53.6394]],[[-2.0986,53.6719],[-2.0811,53.6747],[-2.065,53.6835],[-2.0464,53.6841]],[[-2.1181,53.683],[-2.0986,53.6719]],[[-2.1317,53.6822],[-2.1181,53.683]]]}},{"type":"Feature","properties":{"name":"Oldham - Derbyshire","adm0_name":"United Kingdom","adm0_a3":"GBR","min_zoom":10},"geometry":{"type":"LineString","coordinates":[[-1.9778,53.4688],[-1.9636,53.4947],[-1.9325,53.4958],[-1.9189,53.5008],[-1.91,53.5205],[-1.8972,53.533]]}},{"type":"Feature","properties":{"name":"Tameside - Derbyshire","adm0_name":"United Kingdom","adm0_a3":"GBR","min_zoom":10},"geometry":{"type":"LineString","coordinates":[[-2.0117,53.4125],[-2.0131,53.4199],[-2.0092,53.4274],[-1.9825,53.4438],[-1.9778,53.4688]]}},{"type":"Feature","properties":{"name":"Trafford - Cheshire East","adm0_name":"United Kingdom","adm0_a3":"GBR","min_zoom":10},"geometry":{"type":"LineString","coordinates":[[-2.4288,53.3803],[-2.395,53.3735],[-2.3648,53.3624],[-2.3167,53.3599]]}},{"type":"Feature","properties":{"name":"Stockport - Cheshire East","adm0_name":"United Kingdom","adm0_a3":"GBR","min_zoom":10},"geometry":{"type":"MultiLineString","coordinates":[[[-2.0495,53.3522],[-2.0353,53.3677],[-2.0168,53.3704]],[[-2.0808,53.3611],[-2.0495,53.3522]],[[-2.1595,53.3213],[-2.1403,53.3277],[-2.1306,53.3525],[-2.12,53.3594],[-2.0808,53.3611]],[[-2.2384,53.3549],[-2.2036,53.3538],[-2.1761,53.3455],[-2.1723,53.3386],[-2.1745,53.3308],[-2.1595,53.3213]],[[-2.2603,53.3449],[-2.2384,53.3549]]]}},{"type":"Feature","properties":{"name":"Manchester - Cheshire East","adm0_name":"United Kingdom","adm0_a3":"GBR","min_zoom":10},"geometry":{"type":"MultiLineString","coordinates":[[[-2.3167,53.3599],[-2.2834,53.3422]],[[-2.2834,53.3422],[-2.2603,53.3449]]]}},{"type":"Feature","properties":{"name":"Warrington - Trafford","adm0_name":"United Kingdom","adm0_a3":"GBR","min_zoom":10},"geometry":{"type":"LineString","coordinates":[[-2.4288,53.3803],[-2.4559,53.3858],[-2.4606,53.3883],[-2.4445,53.4072],[-2.4467,53.4188]]}},{"type":"Feature","properties":{"name":"Warrington - Salford","adm0_name":"United Kingdom","adm0_a3":"GBR","min_zoom":10},"geometry":{"type":"LineString","coordinates":[[-2.4467,53.4188],[-2.485,53.4622]]}},{"type":"Feature","properties":{"name":"Knowsley - Halton","adm0_name":"United Kingdom","adm0_a3":"GBR","min_zoom":10},"geometry":{"type":"MultiLineString","coordinates":[[[-2.787,53.3366],[-2.7806,53.3417],[-2.7719,53.3489],[-2.7747,53.3605],[-2.7722,53.365],[-2.7547,53.3781]],[[-2.8034,53.3438],[-2.787,53.3366]],[[-2.8103,53.3217],[-2.8085,53.3284],[-2.8034,53.3438]]]}},{"type":"Feature","properties":{"name":"Bolton - Wigan","adm0_name":"United Kingdom","adm0_a3":"GBR","min_zoom":10},"geometry":{"type":"LineString","coordinates":[[-2.5589,53.5991],[-2.5188,53.5559],[-2.5114,53.5382]]}},{"type":"Feature","properties":{"name":"Bolton - Lancashire","adm0_name":"United Kingdom","adm0_a3":"GBR","min_zoom":10},"geometry":{"type":"LineString","coordinates":[[-2.5044,53.627],[-2.5589,53.5991]]}},{"type":"Feature","properties":{"name":"Wigan - Lancashire","adm0_name":"United Kingdom","adm0_a3":"GBR","min_zoom":10},"geometry":{"type":"MultiLineString","coordinates":[[[-2.5589,53.5991],[-2.5775,53.611],[-2.59,53.613]],[[-2.59,53.613],[-2.6161,53.5955],[-2.6233,53.5955]],[[-2.6233,53.5955],[-2.635,53.6069]],[[-2.635,53.6069],[-2.6778,53.6027],[-2.6867,53.5997],[-2.6964,53.5758],[-2.6925,53.5608],[-2.7042,53.5488],[-2.713,53.53],[-2.752,53.5111]]]}},{"type":"Feature","properties":{"name":"Blackburn with Darwen - Bury","adm0_name":"United Kingdom","adm0_a3":"GBR","min_zoom":10},"geometry":{"type":"LineString","coordinates":[[-2.3764,53.6349],[-2.365,53.6419],[-2.3603,53.6494],[-2.3609,53.6613],[-2.3566,53.6646]]}},{"type":"Feature","properties":{"name":"Blackburn with Darwen - Bolton","adm0_name":"United Kingdom","adm0_a3":"GBR","min_zoom":10},"geometry":{"type":"MultiLineString","coordinates":[[[-2.4345,53.6441],[-2.3764,53.6349]],[[-2.4636,53.6241],[-2.4345,53.6441]],[[-2.5042,53.6272],[-2.4636,53.6241]]]}},{"type":"Feature","properties":{"name":"Blackburn with Darwen - Bolton","adm0_name":"United Kingdom","adm0_a3":"GBR","min_zoom":10},"geometry":{"type":"LineString","coordinates":[[-2.5044,53.627],[-2.5042,53.6272]]}},{"type":"Feature","properties":{"name":"Lancashire - Rochdale","adm0_name":"United Kingdom","adm0_a3":"GBR","min_zoom":10},"geometry":{"type":"LineString","coordinates":[[-2.2581,53.6141],[-2.2511,53.6202],[-2.255,53.6472],[-2.2459,53.6613],[-2.2256,53.6722],[-2.1514,53.6965]]}},{"type":"Feature","properties":{"name":"Lancashire - Bury","adm0_name":"United Kingdom","adm0_a3":"GBR","min_zoom":10},"geometry":{"type":"MultiLineString","coordinates":[[[-2.3536,53.6669],[-2.3292,53.6577]],[[-2.2923,53.6666],[-2.28,53.6652],[-2.275,53.6266],[-2.2581,53.6141]],[[-2.3292,53.6577],[-2.2923,53.6666]]]}},{"type":"Feature","properties":{"name":"Lancashire - Bury","adm0_name":"United Kingdom","adm0_a3":"GBR","min_zoom":10},"geometry":{"type":"LineString","coordinates":[[-2.3566,53.6646],[-2.3536,53.6669]]}},{"type":"Feature","properties":{"name":"Lancashire - Knowsley","adm0_name":"United Kingdom","adm0_a3":"GBR","min_zoom":10},"geometry":{"type":"LineString","coordinates":[[-2.8961,53.5224],[-2.8637,53.518],[-2.8389,53.5094],[-2.8156,53.4911]]}},{"type":"Feature","properties":{"name":"Lancashire - Sefton","adm0_name":"United Kingdom","adm0_a3":"GBR","min_zoom":10},"geometry":{"type":"MultiLineString","coordinates":[[[-2.9485,53.7094],[-2.9485,53.7094],[-2.9478,53.7081],[-2.9468,53.705],[-2.9328,53.6605],[-2.9636,53.6261]],[[-2.9636,53.6261],[-2.9853,53.6302]],[[-2.9853,53.6302],[-2.9953,53.6269],[-2.9964,53.6136],[-3.0189,53.5936],[-3.0117,53.5775],[-3.0173,53.5661],[-3.0305,53.5602],[-3.0317,53.5419],[-2.9586,53.5158]],[[-2.9545,53.5458],[-2.9103,53.5244],[-2.8961,53.5224]],[[-2.9586,53.5158],[-2.967,53.5402],[-2.9653,53.5446],[-2.9545,53.5458]]]}},{"type":"Feature","properties":{"name":"Lancashire - Merseyside","adm0_name":"United Kingdom","adm0_a3":"GBR","min_zoom":10},"geometry":{"type":"MultiLineString","coordinates":[[[-2.7761,53.5288],[-2.7656,53.5272],[-2.752,53.5111]],[[-2.8156,53.4911],[-2.805,53.4935],[-2.8061,53.5097],[-2.8017,53.5169],[-2.7761,53.5288]]]}},{"type":"Feature","properties":{"name":"Shropshire - Cheshire East","adm0_name":"United Kingdom","adm0_a3":"GBR","min_zoom":10},"geometry":{"type":"MultiLineString","coordinates":[[[-2.3788,52.9896],[-2.4236,52.9786],[-2.4309,52.9649],[-2.4495,52.9569],[-2.4789,52.9541]],[[-2.5778,52.9536],[-2.5895,52.9769],[-2.6228,52.9858]],[[-2.4789,52.9541],[-2.5128,52.9616]],[[-2.5128,52.9616],[-2.5272,52.9472]],[[-2.5272,52.9472],[-2.5581,52.9563]],[[-2.5581,52.9563],[-2.5778,52.9536]]]}},{"type":"Feature","properties":{"name":"Shropshire - Cheshire West and Chester","adm0_name":"United Kingdom","adm0_a3":"GBR","min_zoom":10},"geometry":{"type":"LineString","coordinates":[[-2.6228,52.9858],[-2.7277,52.9665]]}},{"type":"Feature","properties":{"name":"Bradford - North Yorkshire","adm0_name":"United Kingdom","adm0_a3":"GBR","min_zoom":10},"geometry":{"type":"MultiLineString","coordinates":[[[-1.8461,53.9314],[-1.8718,53.9404],[-1.8771,53.9627]],[[-1.8771,53.9627],[-1.902,53.955]],[[-1.902,53.955],[-1.9436,53.9577]],[[-1.9436,53.9577],[-1.9553,53.9505],[-1.9509,53.9319],[-1.9736,53.9172],[-1.9639,53.8972],[-1.9661,53.8764],[-1.9778,53.8694]],[[-1.7286,53.9027],[-1.7434,53.9166],[-1.7637,53.9192],[-1.7786,53.935],[-1.7978,53.943]],[[-1.7978,53.943],[-1.8356,53.9399],[-1.8461,53.9314]]]}},{"type":"Feature","properties":{"name":"Leeds - North Yorkshire","adm0_name":"United Kingdom","adm0_a3":"GBR","min_zoom":10},"geometry":{"type":"MultiLineString","coordinates":[[[-1.3069,53.738],[-1.3042,53.7496],[-1.2873,53.7585],[-1.2887,53.7702],[-1.302,53.78],[-1.3075,53.7902],[-1.3053,53.8197],[-1.3261,53.8463],[-1.342,53.8522],[-1.3445,53.8588],[-1.3056,53.8608],[-1.3034,53.8764],[-1.3078,53.8947],[-1.2914,53.915],[-1.2942,53.9255],[-1.3337,53.9449]],[[-1.3337,53.9449],[-1.3867,53.9394],[-1.4234,53.9244],[-1.4245,53.9166],[-1.433,53.9107],[-1.4547,53.9061]],[[-1.4547,53.9061],[-1.5072,53.9107],[-1.5178,53.9261],[-1.5345,53.9352]],[[-1.5345,53.9352],[-1.5486,53.9247],[-1.5492,53.9085],[-1.5549,53.9054],[-1.5834,53.9008]],[[-1.5834,53.9008],[-1.6414,53.9071]],[[-1.6414,53.9071],[-1.6959,53.9013]],[[-1.6959,53.9013],[-1.7286,53.9027]]]}},{"type":"Feature","properties":{"name":"Calderdale - North Yorkshire","adm0_name":"United Kingdom","adm0_a3":"GBR","min_zoom":10},"geometry":{"type":"MultiLineString","coordinates":[[[-1.9778,53.8694],[-2.0028,53.8699]],[[-2.0028,53.8699],[-2.0326,53.8476]]]}},{"type":"Feature","properties":{"name":"Wakefield - North Yorkshire","adm0_name":"United Kingdom","adm0_a3":"GBR","min_zoom":10},"geometry":{"type":"LineString","coordinates":[[-1.23,53.6207],[-1.247,53.6355],[-1.2473,53.6633],[-1.2453,53.6719],[-1.2269,53.6944],[-1.2117,53.6991],[-1.2111,53.7102],[-1.22,53.7147],[-1.2595,53.7177],[-1.2884,53.7374],[-1.3069,53.738]]}},{"type":"Feature","properties":{"name":"Wakefield - Doncaster","adm0_name":"United Kingdom","adm0_a3":"GBR","min_zoom":10},"geometry":{"type":"MultiLineString","coordinates":[[[-1.3053,53.5761],[-1.2434,53.5969],[-1.23,53.6207]],[[-1.3445,53.5808],[-1.3053,53.5761]]]}},{"type":"Feature","properties":{"name":"Wakefield - Barnsley","adm0_name":"United Kingdom","adm0_a3":"GBR","min_zoom":10},"geometry":{"type":"MultiLineString","coordinates":[[[-1.5606,53.6066],[-1.5486,53.6041],[-1.542,53.5949],[-1.5353,53.5936]],[[-1.6003,53.5741],[-1.5842,53.5977],[-1.5606,53.6066]],[[-1.4481,53.6008],[-1.4239,53.5949]],[[-1.485,53.5922],[-1.4481,53.6008]],[[-1.3678,53.5988],[-1.3525,53.5938],[-1.3445,53.5808]],[[-1.4239,53.5949],[-1.3678,53.5988]],[[-1.5036,53.5961],[-1.485,53.5922]],[[-1.5353,53.5936],[-1.5036,53.5961]]]}},{"type":"Feature","properties":{"name":"Kirklees - Barnsley","adm0_name":"United Kingdom","adm0_a3":"GBR","min_zoom":10},"geometry":{"type":"MultiLineString","coordinates":[[[-1.6745,53.55],[-1.6153,53.5633],[-1.6003,53.5741]],[[-1.7147,53.5547],[-1.6745,53.55]],[[-1.8161,53.5161],[-1.8067,53.5319],[-1.7717,53.5352],[-1.7147,53.5547]]]}},{"type":"Feature","properties":{"name":"Sheffield - Derbyshire","adm0_name":"United Kingdom","adm0_a3":"GBR","min_zoom":10},"geometry":{"type":"LineString","coordinates":[[-1.8161,53.5161],[-1.7956,53.4969],[-1.7931,53.4777],[-1.7872,53.4686],[-1.7312,53.441],[-1.737,53.4216],[-1.7342,53.4108],[-1.7017,53.4036],[-1.6906,53.3874],[-1.6759,53.3871],[-1.6464,53.3766],[-1.6459,53.3691],[-1.6536,53.3591],[-1.6503,53.3519],[-1.5925,53.3377],[-1.5819,53.3302],[-1.5828,53.3264],[-1.6101,53.3149],[-1.6148,53.308],[-1.6101,53.3058],[-1.5875,53.3022]]}},{"type":"Feature","properties":{"name":"Nottinghamshire - Rotherham","adm0_name":"United Kingdom","adm0_a3":"GBR","min_zoom":10},"geometry":{"type":"LineString","coordinates":[[-1.1181,53.3786],[-1.1139,53.3561],[-1.1211,53.3455],[-1.1447,53.3377],[-1.135,53.3258],[-1.1661,53.3063],[-1.176,53.2929]]}},{"type":"Feature","properties":{"name":"Walsall - Staffordshire","adm0_name":"United Kingdom","adm0_a3":"GBR","min_zoom":10},"geometry":{"type":"MultiLineString","coordinates":[[[-1.8556,52.5755],[-1.8614,52.5769],[-1.8753,52.5864],[-1.8803,52.6047],[-1.8964,52.6174],[-1.8972,52.6494],[-1.9345,52.6652]],[[-1.9345,52.6652],[-1.9412,52.6652],[-1.947,52.6588],[-1.9459,52.643],[-1.9525,52.6375],[-2.0259,52.6161]],[[-2.0259,52.6161],[-2.0509,52.6174]]]}},{"type":"Feature","properties":{"name":"Wolverhampton - Staffordshire","adm0_name":"United Kingdom","adm0_a3":"GBR","min_zoom":10},"geometry":{"type":"MultiLineString","coordinates":[[[-2.0664,52.608],[-2.0975,52.6341]],[[-2.0975,52.6341],[-2.1311,52.6294],[-2.1397,52.625],[-2.1442,52.6127],[-2.1806,52.5999],[-2.1864,52.5891],[-2.2006,52.5794],[-2.1745,52.5674],[-2.1575,52.5464]],[[-2.0509,52.6174],[-2.0664,52.608]],[[-2.135,52.5483],[-2.1261,52.5444]],[[-2.1575,52.5464],[-2.135,52.5483]]]}},{"type":"Feature","properties":{"name":"Birmingham - Staffordshire","adm0_name":"United Kingdom","adm0_a3":"GBR","min_zoom":10},"geometry":{"type":"MultiLineString","coordinates":[[[-1.7777,52.5753],[-1.7898,52.5872],[-1.8151,52.5908]],[[-1.8151,52.5908],[-1.8317,52.5877],[-1.8556,52.5755]]]}},{"type":"Feature","properties":{"name":"Dudley - Staffordshire","adm0_name":"United Kingdom","adm0_a3":"GBR","min_zoom":10},"geometry":{"type":"LineString","coordinates":[[-2.1261,52.5444],[-2.1336,52.5299],[-2.1345,52.5152],[-2.1775,52.5011],[-2.1589,52.4774],[-2.1539,52.423]]}},{"type":"Feature","properties":{"name":"Solihull - Warwickshire","adm0_name":"United Kingdom","adm0_a3":"GBR","min_zoom":10},"geometry":{"type":"MultiLineString","coordinates":[[[-1.6617,52.4247],[-1.6825,52.4397],[-1.7411,52.4975]],[[-1.6195,52.4444],[-1.6617,52.4247]]]}},{"type":"Feature","properties":{"name":"Worcestershire - Birmingham","adm0_name":"United Kingdom","adm0_a3":"GBR","min_zoom":10},"geometry":{"type":"MultiLineString","coordinates":[[[-2.0217,52.4244],[-2.0306,52.4369]],[[-1.9831,52.3774],[-1.9958,52.3788],[-2.002,52.3927],[-1.9839,52.4102],[-1.9831,52.4177],[-2.0067,52.4274]],[[-2.0067,52.4274],[-2.0217,52.4244]],[[-1.8445,52.3836],[-1.9006,52.3927]],[[-1.9006,52.3927],[-1.9245,52.3849]],[[-1.9245,52.3849],[-1.9548,52.3869]],[[-1.9548,52.3869],[-1.9831,52.3774]]]}},{"type":"Feature","properties":{"name":"Worcestershire - Dudley","adm0_name":"United Kingdom","adm0_a3":"GBR","min_zoom":10},"geometry":{"type":"MultiLineString","coordinates":[[[-2.0306,52.4369],[-2.0475,52.4341],[-2.0584,52.4224]],[[-2.0584,52.4224],[-2.0828,52.436]],[[-2.0828,52.436],[-2.1189,52.4222]],[[-2.1189,52.4222],[-2.1539,52.423]]]}},{"type":"Feature","properties":{"name":"Wolverhampton - Sandwell","adm0_name":"United Kingdom","adm0_a3":"GBR","min_zoom":10},"geometry":{"type":"LineString","coordinates":[[-2.0782,52.5574],[-2.0557,52.5681]]}},{"type":"Feature","properties":{"name":"Dudley - Wolverhampton","adm0_name":"United Kingdom","adm0_a3":"GBR","min_zoom":10},"geometry":{"type":"MultiLineString","coordinates":[[[-2.0782,52.5574],[-2.0995,52.5645]],[[-2.0995,52.5645],[-2.1173,52.5598],[-2.1261,52.5444]]]}},{"type":"Feature","properties":{"name":"Dudley - Birmingham","adm0_name":"United Kingdom","adm0_a3":"GBR","min_zoom":10},"geometry":{"type":"LineString","coordinates":[[-2.0306,52.4369],[-2.0261,52.4638]]}},{"type":"Feature","properties":{"name":"Walsall - Birmingham","adm0_name":"United Kingdom","adm0_a3":"GBR","min_zoom":10},"geometry":{"type":"LineString","coordinates":[[-1.9028,52.5468],[-1.872,52.5586],[-1.8556,52.5755]]}},{"type":"Feature","properties":{"name":"Solihull - Warwickshire","adm0_name":"United Kingdom","adm0_a3":"GBR","min_zoom":10},"geometry":{"type":"MultiLineString","coordinates":[[[-1.8353,52.3806],[-1.8225,52.3763],[-1.8147,52.3636],[-1.797,52.3522],[-1.7592,52.3372]],[[-1.7147,52.3552],[-1.6825,52.3424]],[[-1.7592,52.3372],[-1.7517,52.3475],[-1.7147,52.3552]],[[-1.6825,52.3424],[-1.6714,52.3488],[-1.64,52.3508]]]}},{"type":"Feature","properties":{"name":"Coventry - Warwickshire","adm0_name":"United Kingdom","adm0_a3":"GBR","min_zoom":10},"geometry":{"type":"MultiLineString","coordinates":[[[-1.4628,52.3658],[-1.4317,52.3836],[-1.4381,52.4294],[-1.4428,52.4352],[-1.455,52.438],[-1.6195,52.4444]],[[-1.5895,52.3744],[-1.5628,52.3722],[-1.537,52.3558]],[[-1.64,52.3508],[-1.6014,52.3619],[-1.5895,52.3744]],[[-1.5109,52.3675],[-1.4628,52.3658]],[[-1.537,52.3558],[-1.5109,52.3675]]]}},{"type":"Feature","properties":{"name":"Birmingham - Warwickshire","adm0_name":"United Kingdom","adm0_a3":"GBR","min_zoom":10},"geometry":{"type":"LineString","coordinates":[[-1.8445,52.3836],[-1.8353,52.3806]]}},{"type":"Feature","properties":{"name":"Birmingham - Warwickshire","adm0_name":"United Kingdom","adm0_a3":"GBR","min_zoom":10},"geometry":{"type":"LineString","coordinates":[[-1.7411,52.4975],[-1.7334,52.5116],[-1.7534,52.5349],[-1.7531,52.5466],[-1.7712,52.5627],[-1.7777,52.5753]]}},{"type":"Feature","properties":{"name":"Bolton - Bury","adm0_name":"United Kingdom","adm0_a3":"GBR","min_zoom":10},"geometry":{"type":"LineString","coordinates":[[-2.3355,53.5343],[-2.3614,53.5883],[-2.3764,53.6349]]}},{"type":"Feature","properties":{"name":"Rochdale - Bury","adm0_name":"United Kingdom","adm0_a3":"GBR","min_zoom":10},"geometry":{"type":"LineString","coordinates":[[-2.2581,53.6141],[-2.2535,53.5861],[-2.2513,53.5494]]}},{"type":"Feature","properties":{"name":"Manchester - Bury","adm0_name":"United Kingdom","adm0_a3":"GBR","min_zoom":10},"geometry":{"type":"LineString","coordinates":[[-2.2513,53.5494],[-2.2794,53.53],[-2.3053,53.5041]]}},{"type":"Feature","properties":{"name":"Manchester - Salford","adm0_name":"United Kingdom","adm0_a3":"GBR","min_zoom":10},"geometry":{"type":"LineString","coordinates":[[-2.3053,53.5041],[-2.2988,53.4718],[-2.3204,53.4524]]}},{"type":"Feature","properties":{"name":"Manchester - Stockport","adm0_name":"United Kingdom","adm0_a3":"GBR","min_zoom":10},"geometry":{"type":"LineString","coordinates":[[-2.2603,53.3449],[-2.2664,53.3704],[-2.2341,53.4006],[-2.2254,53.4373]]}},{"type":"Feature","properties":{"name":"Manchester - Oldham","adm0_name":"United Kingdom","adm0_a3":"GBR","min_zoom":10},"geometry":{"type":"LineString","coordinates":[[-2.2039,53.4761],[-2.1888,53.5041],[-2.1823,53.5257]]}},{"type":"Feature","properties":{"name":"Manchester - Tameside","adm0_name":"United Kingdom","adm0_a3":"GBR","min_zoom":10},"geometry":{"type":"LineString","coordinates":[[-2.2254,53.4373],[-2.2254,53.4588],[-2.2039,53.4761]]}},{"type":"Feature","properties":{"name":"Leeds - Kirklees","adm0_name":"United Kingdom","adm0_a3":"GBR","min_zoom":10},"geometry":{"type":"LineString","coordinates":[[-1.6472,53.7641],[-1.581,53.7018]]}},{"type":"Feature","properties":{"name":"Bradford - Kirklees","adm0_name":"United Kingdom","adm0_a3":"GBR","min_zoom":10},"geometry":{"type":"LineString","coordinates":[[-1.7564,53.7388],[-1.7213,53.7544],[-1.6472,53.7641]]}},{"type":"Feature","properties":{"name":"Bradford - Calderdale","adm0_name":"United Kingdom","adm0_a3":"GBR","min_zoom":10},"geometry":{"type":"LineString","coordinates":[[-1.9778,53.8694],[-1.9221,53.8226],[-1.8792,53.8187],[-1.8383,53.7992],[-1.7915,53.7719],[-1.7564,53.7388]]}},{"type":"Feature","properties":{"name":"Wokingham - West Berkshire","adm0_name":"United Kingdom","adm0_a3":"GBR","min_zoom":10},"geometry":{"type":"LineString","coordinates":[[-1.0535,51.4119],[-1.037,51.3844],[-1.032,51.3547]]}},{"type":"Feature","properties":{"name":"Royal Borough of Windsor and Maidenhead - Wokingham","adm0_name":"United Kingdom","adm0_a3":"GBR","min_zoom":10},"geometry":{"type":"LineString","coordinates":[[-0.8463,51.5425],[-0.8307,51.5054],[-0.828,51.4697]]}},{"type":"Feature","properties":{"name":"Cambridgeshire - Bedford","adm0_name":"United Kingdom","adm0_a3":"GBR","min_zoom":10},"geometry":{"type":"MultiLineString","coordinates":[[[-0.4588,52.3088],[-0.4295,52.2974],[-0.4189,52.278],[-0.3711,52.2677],[-0.3684,52.2419],[-0.3553,52.2271],[-0.3459,52.2241]],[[-0.3317,52.2291],[-0.2934,52.2241],[-0.292,52.2027],[-0.2531,52.1919]]]}},{"type":"Feature","properties":{"name":"City - Hackney","adm0_name":"United Kingdom","adm0_a3":"GBR","min_zoom":10},"geometry":{"type":"LineString","coordinates":[[-0.072,51.516],[-0.0756,51.5201],[-0.0767,51.5229],[-0.0771,51.5234],[-0.0863,51.5261],[-0.0874,51.5269]]}},{"type":"Feature","properties":{"name":"City - Camden","adm0_name":"United Kingdom","adm0_a3":"GBR","min_zoom":10},"geometry":{"type":"LineString","coordinates":[[-0.1025,51.5235],[-0.1018,51.5225],[-0.1009,51.5198],[-0.0993,51.518],[-0.0963,51.5158],[-0.0973,51.5097]]}}]}